session_date,contract,side,entry_time,entry_price,exit_time,exit_price,exit_reason,pnl_points,pnl_dollars,cluster_low,cluster_high,cluster_size,cluster_label
2019-05-15,MNQM9,buy,2019-05-15 13:46:00+00:00,10484.0,2019-05-15 14:13:00+00:00,10524.0,target,40.0,80.0,10484.0,10484.25,3,TREND
2019-05-17,MNQM9,buy,2019-05-17 13:46:00+00:00,10652.25,2019-05-17 14:56:00+00:00,10692.25,target,40.0,80.0,10652.25,10654.75,3,TREND
2019-05-22,MNQM9,sell,2019-05-22 13:52:00+00:00,10533.0,2019-05-22 15:30:00+00:00,10541.75,force_close,-8.75,-17.5,10533.0,10536.5,3,FADE
2019-06-07,MNQM9,buy,2019-06-07 14:28:00+00:00,10484.0,2019-06-07 14:56:00+00:00,10524.0,target,40.0,80.0,10484.0,10484.25,3,TREND
2019-06-07,MNQM9,buy,2019-06-07 14:59:00+00:00,10533.0,2019-06-07 15:30:00+00:00,10510.0,force_close,-23.0,-46.0,10533.0,10536.5,3,TREND
2019-06-11,MNQM9,buy,2019-06-11 13:47:00+00:00,10654.75,2019-06-11 15:30:00+00:00,10622.75,force_close,-32.0,-64.0,10652.25,10654.75,3,FADE
2019-06-17,MNQU9,buy,2019-06-17 13:46:00+00:00,10617.0,2019-06-17 15:30:00+00:00,10623.5,force_close,6.5,13.0,10617.0,10617.75,3,TREND
2019-06-27,MNQU9,sell,2019-06-27 13:54:00+00:00,10762.0,2019-06-27 15:30:00+00:00,10733.5,force_close,28.5,57.0,10762.0,10765.5,3,FADE
2019-07-08,MNQU9,sell,2019-07-08 13:47:00+00:00,10844.25,2019-07-08 15:30:00+00:00,10862.25,force_close,-18.0,-36.0,10838.0,10844.25,5,TREND
2019-07-22,MNQU9,buy,2019-07-22 13:47:00+00:00,10963.75,2019-07-22 15:30:00+00:00,10961.25,force_close,-2.5,-5.0,10963.75,10965.25,3,TREND
2019-07-23,MNQU9,sell,2019-07-23 13:46:00+00:00,11008.5,2019-07-23 15:30:00+00:00,10999.75,force_close,8.75,17.5,11003.5,11008.5,3,TREND
2019-07-25,MNQU9,sell,2019-07-25 13:46:00+00:00,11026.0,2019-07-25 15:30:00+00:00,11025.75,force_close,0.25,0.5,11025.75,11026.0,3,TREND
2019-07-29,MNQU9,sell,2019-07-29 13:50:00+00:00,11049.25,2019-07-29 15:30:00+00:00,11047.25,force_close,2.0,4.0,11048.0,11049.25,3,TREND
2019-07-30,MNQU9,sell,2019-07-30 13:46:00+00:00,11026.0,2019-07-30 15:30:00+00:00,11032.0,force_close,-6.0,-12.0,11025.75,11026.0,3,TREND
2019-07-31,MNQU9,sell,2019-07-31 13:46:00+00:00,11038.25,2019-07-31 15:30:00+00:00,11047.25,force_close,-9.0,-18.0,11030.5,11038.25,6,TREND
2019-08-01,MNQU9,buy,2019-08-01 13:48:00+00:00,10988.25,2019-08-01 14:27:00+00:00,11028.25,target,40.0,80.0,10988.25,10997.0,5,TREND
2019-08-01,MNQU9,buy,2019-08-01 14:28:00+00:00,11030.5,2019-08-01 15:02:00+00:00,11070.5,target,40.0,80.0,11030.5,11038.25,6,TREND
2019-08-01,MNQU9,buy,2019-08-01 15:03:00+00:00,11048.0,2019-08-01 15:30:00+00:00,11076.75,force_close,28.75,57.5,11048.0,11049.25,3,TREND
2019-08-02,MNQU9,buy,2019-08-02 14:08:00+00:00,10765.5,2019-08-02 14:40:00+00:00,10725.5,stop,-40.0,-80.0,10762.0,10765.5,3,FADE
2019-08-06,MNQU9,sell,2019-08-06 13:46:00+00:00,10558.25,2019-08-06 14:04:00+00:00,10598.25,stop,-40.0,-80.0,10553.25,10558.25,4,TREND
2019-08-08,MNQU9,buy,2019-08-08 13:50:00+00:00,10654.75,2019-08-08 14:15:00+00:00,10694.75,target,40.0,80.0,10652.25,10654.75,3,FADE
2019-08-09,MNQU9,sell,2019-08-09 14:33:00+00:00,10690.0,2019-08-09 15:30:00+00:00,10669.0,force_close,21.0,42.0,10688.75,10690.0,3,TREND
2019-08-12,MNQU9,buy,2019-08-12 13:48:00+00:00,10654.75,2019-08-12 14:32:00+00:00,10694.75,target,40.0,80.0,10652.25,10654.75,3,FADE
2019-08-12,MNQU9,buy,2019-08-12 14:33:00+00:00,10688.75,2019-08-12 15:12:00+00:00,10648.75,stop,-40.0,-80.0,10688.75,10692.25,4,TREND
2019-08-13,MNQU9,buy,2019-08-13 13:47:00+00:00,10762.0,2019-08-13 13:48:00+00:00,10802.0,target,40.0,80.0,10762.0,10765.5,3,TREND
2019-08-13,MNQU9,buy,2019-08-13 14:26:00+00:00,10838.0,2019-08-13 14:51:00+00:00,10798.0,stop,-40.0,-80.0,10838.0,10844.25,5,TREND
2019-08-14,MNQU9,sell,2019-08-14 13:51:00+00:00,10688.75,2019-08-14 14:04:00+00:00,10648.75,target,40.0,80.0,10688.75,10694.5,5,FADE
2019-08-14,MNQU9,buy,2019-08-14 14:12:00+00:00,10647.0,2019-08-14 15:13:00+00:00,10607.0,stop,-40.0,-80.0,10643.0,10647.0,4,FADE
2019-08-16,MNQU9,sell,2019-08-16 14:20:00+00:00,10652.25,2019-08-16 14:59:00+00:00,10692.25,stop,-40.0,-80.0,10652.25,10654.75,3,FADE
2019-08-16,MNQU9,buy,2019-08-16 15:00:00+00:00,10688.75,2019-08-16 15:30:00+00:00,10670.0,force_close,-18.75,-37.5,10688.75,10694.5,5,TREND
2019-08-19,MNQU9,buy,2019-08-19 13:50:00+00:00,10783.5,2019-08-19 15:30:00+00:00,10796.5,force_close,13.0,26.0,10780.5,10783.5,3,FADE
2019-08-20,MNQU9,sell,2019-08-20 14:55:00+00:00,10780.5,2019-08-20 15:30:00+00:00,10790.5,force_close,-10.0,-20.0,10780.5,10789.0,6,FADE
2019-08-22,MNQU9,buy,2019-08-22 13:46:00+00:00,10829.5,2019-08-22 14:20:00+00:00,10789.5,stop,-40.0,-80.0,10829.25,10829.5,3,FADE
2019-08-22,MNQU9,sell,2019-08-22 14:21:00+00:00,10789.0,2019-08-22 14:33:00+00:00,10749.0,target,40.0,80.0,10780.5,10789.0,6,TREND
2019-08-22,MNQU9,sell,2019-08-22 14:34:00+00:00,10765.5,2019-08-22 14:36:00+00:00,10725.5,target,40.0,80.0,10762.0,10765.5,3,TREND
2019-08-23,MNQU9,sell,2019-08-23 14:02:00+00:00,10737.75,2019-08-23 14:37:00+00:00,10777.75,stop,-40.0,-80.0,10737.75,10740.0,3,FADE
2019-08-23,MNQU9,sell,2019-08-23 15:08:00+00:00,10654.75,2019-08-23 15:30:00+00:00,10637.25,force_close,17.5,35.0,10652.25,10654.75,3,TREND
2019-08-26,MNQU9,sell,2019-08-26 14:01:00+00:00,10617.0,2019-08-26 14:18:00+00:00,10577.0,target,40.0,80.0,10617.0,10619.5,5,FADE
2019-08-27,MNQU9,sell,2019-08-27 15:14:00+00:00,10654.75,2019-08-27 15:30:00+00:00,10632.75,force_close,22.0,44.0,10652.25,10654.75,3,TREND
2019-08-29,MNQU9,buy,2019-08-29 13:46:00+00:00,10780.5,2019-08-29 14:37:00+00:00,10740.5,stop,-40.0,-80.0,10780.5,10789.0,7,TREND
2019-08-30,MNQU9,sell,2019-08-30 13:56:00+00:00,10789.0,2019-08-30 15:02:00+00:00,10749.0,target,40.0,80.0,10780.5,10789.0,7,TREND
2019-09-03,MNQU9,sell,2019-09-03 13:51:00+00:00,10737.75,2019-09-03 14:01:00+00:00,10697.75,target,40.0,80.0,10737.75,10740.0,3,FADE
2019-09-04,MNQU9,sell,2019-09-04 13:46:00+00:00,10761.5,2019-09-04 15:30:00+00:00,10755.5,force_close,6.0,12.0,10761.5,10765.5,4,FADE
2019-09-10,MNQU9,buy,2019-09-10 13:46:00+00:00,10829.25,2019-09-10 15:30:00+00:00,10821.5,force_close,-7.75,-15.5,10829.25,10829.5,3,TREND
2019-09-12,MNQU9,sell,2019-09-12 14:03:00+00:00,11002.0,2019-09-12 14:12:00+00:00,11042.0,stop,-40.0,-80.0,11002.0,11008.5,4,FADE
2019-09-13,MNQZ9,sell,2019-09-13 13:46:00+00:00,10965.25,2019-09-13 15:30:00+00:00,10969.5,force_close,-4.25,-8.5,10963.75,10965.25,3,TREND
2019-09-16,MNQZ9,buy,2019-09-16 13:48:00+00:00,10913.75,2019-09-16 15:30:00+00:00,10925.0,force_close,11.25,22.5,10911.75,10913.75,3,FADE
2019-09-17,MNQZ9,buy,2019-09-17 14:05:00+00:00,10913.75,2019-09-17 15:30:00+00:00,10925.25,force_close,11.5,23.0,10911.75,10913.75,3,FADE
2019-09-19,MNQZ9,sell,2019-09-19 13:46:00+00:00,10997.0,2019-09-19 15:30:00+00:00,11002.0,force_close,-5.0,-10.0,10988.0,10997.0,6,TREND
2019-09-23,MNQZ9,buy,2019-09-23 14:04:00+00:00,10867.5,2019-09-23 15:30:00+00:00,10883.5,force_close,16.0,32.0,10860.75,10867.5,6,FADE
2019-09-24,MNQZ9,sell,2019-09-24 13:47:00+00:00,10927.25,2019-09-24 14:45:00+00:00,10887.25,target,40.0,80.0,10927.25,10931.0,5,FADE
2019-09-24,MNQZ9,sell,2019-09-24 14:46:00+00:00,10898.75,2019-09-24 15:30:00+00:00,10870.25,force_close,28.5,57.0,10894.0,10898.75,4,TREND
2019-09-26,MNQZ9,buy,2019-09-26 13:46:00+00:00,10829.25,2019-09-26 15:02:00+00:00,10789.25,stop,-40.0,-80.0,10829.25,10829.5,3,TREND
2019-09-26,MNQZ9,sell,2019-09-26 15:19:00+00:00,10789.0,2019-09-26 15:30:00+00:00,10792.5,force_close,-3.5,-7.0,10780.5,10789.0,8,TREND
2019-09-27,MNQZ9,buy,2019-09-27 13:46:00+00:00,10829.5,2019-09-27 14:05:00+00:00,10789.5,stop,-40.0,-80.0,10829.25,10829.5,3,FADE
2019-09-27,MNQZ9,sell,2019-09-27 14:06:00+00:00,10816.5,2019-09-27 15:30:00+00:00,10831.0,force_close,-14.5,-29.0,10814.0,10816.5,5,TREND
2019-09-30,MNQZ9,buy,2019-09-30 13:47:00+00:00,10756.5,2019-09-30 15:26:00+00:00,10796.5,target,40.0,80.0,10752.5,10756.5,3,FADE
2019-10-01,MNQZ9,sell,2019-10-01 14:00:00+00:00,10867.5,2019-10-01 14:05:00+00:00,10827.5,target,40.0,80.0,10860.75,10867.5,6,TREND
2019-10-01,MNQZ9,sell,2019-10-01 14:06:00+00:00,10829.5,2019-10-01 14:59:00+00:00,10789.5,target,40.0,80.0,10829.25,10829.5,3,TREND
2019-10-01,MNQZ9,sell,2019-10-01 15:00:00+00:00,10789.0,2019-10-01 15:30:00+00:00,10800.25,force_close,-11.25,-22.5,10780.5,10789.0,8,TREND
2019-10-02,MNQZ9,sell,2019-10-02 13:46:00+00:00,10654.75,2019-10-02 14:37:00+00:00,10614.75,target,40.0,80.0,10652.25,10654.75,3,TREND
2019-10-03,MNQZ9,sell,2019-10-03 13:46:00+00:00,10617.0,2019-10-03 14:00:00+00:00,10577.0,target,40.0,80.0,10617.0,10619.5,6,FADE
2019-10-03,MNQZ9,buy,2019-10-03 15:08:00+00:00,10643.0,2019-10-03 15:30:00+00:00,10642.0,force_close,-1.0,-2.0,10643.0,10647.0,6,TREND
2019-10-04,MNQZ9,sell,2019-10-04 13:46:00+00:00,10737.75,2019-10-04 15:30:00+00:00,10763.75,force_close,-26.0,-52.0,10737.75,10740.0,3,FADE
2019-10-08,MNQZ9,buy,2019-10-08 13:49:00+00:00,10705.5,2019-10-08 15:30:00+00:00,10690.25,force_close,-15.25,-30.5,10702.25,10705.5,3,FADE
2019-10-09,MNQZ9,sell,2019-10-09 13:46:00+00:00,10736.0,2019-10-09 15:30:00+00:00,10721.5,force_close,14.5,29.0,10736.0,10740.0,5,FADE
2019-10-10,MNQZ9,sell,2019-10-10 13:46:00+00:00,10752.5,2019-10-10 13:55:00+00:00,10792.5,stop,-40.0,-80.0,10752.5,10757.0,5,FADE
2019-10-10,MNQZ9,buy,2019-10-10 13:56:00+00:00,10780.5,2019-10-10 15:05:00+00:00,10820.5,target,40.0,80.0,10780.5,10789.0,8,TREND
2019-10-10,MNQZ9,buy,2019-10-10 15:06:00+00:00,10814.0,2019-10-10 15:30:00+00:00,10821.0,force_close,7.0,14.0,10814.0,10816.5,5,TREND
2019-10-11,MNQZ9,buy,2019-10-11 13:46:00+00:00,10908.5,2019-10-11 15:30:00+00:00,10941.75,force_close,33.25,66.5,10908.5,10913.75,5,TREND
2019-10-14,MNQZ9,sell,2019-10-14 13:46:00+00:00,10885.0,2019-10-14 15:30:00+00:00,10904.0,force_close,-19.0,-38.0,10885.0,10888.0,3,FADE
2019-10-15,MNQZ9,buy,2019-10-15 14:27:00+00:00,10963.75,2019-10-15 15:30:00+00:00,10987.75,force_close,24.0,48.0,10963.75,10968.75,5,TREND
2019-10-16,MNQZ9,buy,2019-10-16 13:46:00+00:00,10968.75,2019-10-16 15:30:00+00:00,10974.0,force_close,5.25,10.5,10963.75,10968.75,5,FADE
2019-10-17,MNQZ9,sell,2019-10-17 13:46:00+00:00,11025.75,2019-10-17 14:49:00+00:00,10985.75,target,40.0,80.0,11025.75,11026.0,3,FADE
2019-10-17,MNQZ9,sell,2019-10-17 14:50:00+00:00,10997.0,2019-10-17 15:30:00+00:00,10990.25,force_close,6.75,13.5,10988.0,10997.0,6,TREND
2019-10-18,MNQZ9,sell,2019-10-18 14:40:00+00:00,10951.0,2019-10-18 15:30:00+00:00,10952.5,force_close,-1.5,-3.0,10939.0,10951.0,7,TREND
2019-10-21,MNQZ9,buy,2019-10-21 13:49:00+00:00,10952.5,2019-10-21 15:30:00+00:00,10978.5,force_close,26.0,52.0,10939.0,10952.5,8,FADE
2019-10-22,MNQZ9,buy,2019-10-22 13:48:00+00:00,11013.0,2019-10-22 15:30:00+00:00,10977.5,force_close,-35.5,-71.0,11012.5,11013.0,3,FADE
2019-10-23,MNQZ9,buy,2019-10-23 13:46:00+00:00,10926.75,2019-10-23 15:30:00+00:00,10938.25,force_close,11.5,23.0,10926.75,10931.0,6,TREND
2019-10-24,MNQZ9,buy,2019-10-24 15:28:00+00:00,11002.0,2019-10-24 15:30:00+00:00,11005.25,force_close,3.25,6.5,11002.0,11008.5,7,TREND
2019-10-25,MNQZ9,buy,2019-10-25 13:49:00+00:00,11000.25,2019-10-25 14:48:00+00:00,11040.25,target,40.0,80.0,11000.25,11008.5,8,TREND
2019-10-25,MNQZ9,buy,2019-10-25 14:49:00+00:00,11029.25,2019-10-25 15:19:00+00:00,11069.25,target,40.0,80.0,11029.25,11038.25,8,TREND
2019-10-25,MNQZ9,buy,2019-10-25 15:20:00+00:00,11048.0,2019-10-25 15:30:00+00:00,11074.0,force_close,26.0,52.0,11048.0,11049.25,3,TREND
2019-11-08,MNQZ9,sell,2019-11-08 14:59:00+00:00,11255.5,2019-11-08 16:30:00+00:00,11269.5,force_close,-14.0,-28.0,11248.25,11255.5,4,TREND
2019-11-14,MNQZ9,sell,2019-11-14 15:03:00+00:00,11300.0,2019-11-14 16:30:00+00:00,11290.0,force_close,10.0,20.0,11300.0,11306.0,3,FADE
2019-11-22,MNQZ9,sell,2019-11-22 16:06:00+00:00,11276.25,2019-11-22 16:30:00+00:00,11299.0,force_close,-22.75,-45.5,11273.5,11276.25,4,TREND
2019-12-02,MNQZ9,sell,2019-12-02 15:02:00+00:00,11359.5,2019-12-02 15:35:00+00:00,11319.5,target,40.0,80.0,11354.0,11359.5,4,TREND
2019-12-04,MNQZ9,sell,2019-12-04 14:53:00+00:00,11354.0,2019-12-04 16:30:00+00:00,11352.0,force_close,2.0,4.0,11354.0,11359.75,5,FADE
2020-01-30,MNQH0,sell,2020-01-30 15:45:00+00:00,12061.5,2020-01-30 16:30:00+00:00,12084.0,force_close,-22.5,-45.0,12056.75,12061.5,3,TREND
2020-01-31,MNQH0,buy,2020-01-31 16:13:00+00:00,12061.5,2020-01-31 16:30:00+00:00,12045.25,force_close,-16.25,-32.5,12056.75,12061.5,3,FADE
2020-02-25,MNQH0,sell,2020-02-25 15:28:00+00:00,12061.5,2020-02-25 15:52:00+00:00,12021.5,target,40.0,80.0,12056.75,12061.5,4,TREND
2020-02-25,MNQH0,sell,2020-02-25 15:53:00+00:00,12021.5,2020-02-25 16:16:00+00:00,11981.5,target,40.0,80.0,12015.5,12021.5,4,TREND
2020-02-27,MNQH0,buy,2020-02-27 16:18:00+00:00,11739.5,2020-02-27 16:24:00+00:00,11699.5,stop,-40.0,-80.0,11739.5,11745.5,4,TREND
2020-03-03,MNQH0,buy,2020-03-03 15:01:00+00:00,12015.5,2020-03-03 15:01:00+00:00,11975.5,stop,-40.0,-80.0,12015.5,12021.5,4,TREND
2020-03-03,MNQH0,sell,2020-03-03 16:25:00+00:00,11745.5,2020-03-03 16:30:00+00:00,11736.5,force_close,9.0,18.0,11739.5,11745.5,4,TREND
2020-03-04,MNQH0,sell,2020-03-04 14:47:00+00:00,11739.5,2020-03-04 14:54:00+00:00,11699.5,target,40.0,80.0,11739.5,11745.5,4,FADE
2020-03-05,MNQH0,buy,2020-03-05 14:52:00+00:00,11745.5,2020-03-05 15:14:00+00:00,11785.5,target,40.0,80.0,11739.5,11745.5,4,FADE
2020-03-06,MNQH0,sell,2020-03-06 14:46:00+00:00,11430.25,2020-03-06 14:52:00+00:00,11390.25,target,40.0,80.0,11427.0,11430.25,3,TREND
2020-03-06,MNQH0,sell,2020-03-06 15:16:00+00:00,11479.0,2020-03-06 15:27:00+00:00,11519.0,stop,-40.0,-80.0,11479.0,11484.75,4,FADE
2020-03-10,MNQH0,sell,2020-03-10 14:10:00+00:00,11248.25,2020-03-10 14:29:00+00:00,11208.25,target,40.0,80.0,11248.25,11255.5,5,FADE
2020-03-10,MNQH0,sell,2020-03-10 15:24:00+00:00,11038.25,2020-03-10 15:25:00+00:00,10998.25,target,40.0,80.0,11029.25,11038.25,8,TREND
2020-03-10,MNQH0,sell,2020-03-10 15:26:00+00:00,10997.0,2020-03-10 15:28:00+00:00,11037.0,stop,-40.0,-80.0,10988.0,10997.0,7,TREND
2020-03-10,MNQH0,sell,2020-03-10 15:29:00+00:00,11026.0,2020-03-10 15:30:00+00:00,10999.25,force_close,26.75,53.5,11025.75,11026.0,3,TREND
2020-03-13,MNQM0,sell,2020-03-13 13:47:00+00:00,10570.25,2020-03-13 13:50:00+00:00,10530.25,target,40.0,80.0,10567.25,10570.25,3,TREND
2020-03-13,MNQM0,sell,2020-03-13 13:51:00+00:00,10558.25,2020-03-13 13:51:00+00:00,10518.25,target,40.0,80.0,10553.25,10558.25,3,TREND
2020-03-13,MNQM0,sell,2020-03-13 14:18:00+00:00,10617.0,2020-03-13 14:31:00+00:00,10577.0,target,40.0,80.0,10617.0,10619.5,5,FADE
2020-03-25,MNQM0,buy,2020-03-25 13:46:00+00:00,10619.5,2020-03-25 13:48:00+00:00,10579.5,stop,-40.0,-80.0,10617.0,10619.5,5,FADE
2020-03-25,MNQM0,buy,2020-03-25 13:51:00+00:00,10570.25,2020-03-25 13:53:00+00:00,10530.25,stop,-40.0,-80.0,10567.25,10570.25,3,FADE
2020-03-26,MNQM0,sell,2020-03-26 13:46:00+00:00,10604.25,2020-03-26 13:51:00+00:00,10564.25,target,40.0,80.0,10597.0,10604.25,4,TREND
2020-03-26,MNQM0,buy,2020-03-26 14:34:00+00:00,10736.0,2020-03-26 14:36:00+00:00,10696.0,stop,-40.0,-80.0,10736.0,10739.75,4,TREND
2020-03-30,MNQM0,sell,2020-03-30 13:47:00+00:00,10688.75,2020-03-30 13:52:00+00:00,10728.75,stop,-40.0,-80.0,10688.75,10694.5,6,FADE
2020-03-30,MNQM0,sell,2020-03-30 14:03:00+00:00,10732.5,2020-03-30 14:15:00+00:00,10772.5,stop,-40.0,-80.0,10732.5,10732.75,3,FADE
2020-03-31,MNQM0,buy,2020-03-31 13:46:00+00:00,10867.5,2020-03-31 13:53:00+00:00,10827.5,stop,-40.0,-80.0,10860.75,10867.5,6,FADE
2020-03-31,MNQM0,buy,2020-03-31 14:13:00+00:00,10939.0,2020-03-31 14:18:00+00:00,10979.0,target,40.0,80.0,10939.0,10952.5,8,TREND
2020-03-31,MNQM0,buy,2020-03-31 14:19:00+00:00,10975.5,2020-03-31 14:38:00+00:00,11015.5,target,40.0,80.0,10975.5,10978.5,3,TREND
2020-03-31,MNQM0,buy,2020-03-31 14:39:00+00:00,11012.5,2020-03-31 14:57:00+00:00,10972.5,stop,-40.0,-80.0,11012.5,11013.0,3,TREND
2020-03-31,MNQM0,sell,2020-03-31 14:58:00+00:00,10963.75,2020-03-31 15:30:00+00:00,10984.5,force_close,-20.75,-41.5,10963.75,10971.5,6,FADE
2020-04-01,MNQM0,buy,2020-04-01 13:46:00+00:00,10619.5,2020-04-01 14:16:00+00:00,10659.5,target,40.0,80.0,10617.0,10619.5,3,FADE
2020-04-02,MNQM0,buy,2020-04-02 14:35:00+00:00,10617.0,2020-04-02 14:46:00+00:00,10577.0,stop,-40.0,-80.0,10617.0,10619.5,3,TREND
2020-04-03,MNQM0,buy,2020-04-03 13:46:00+00:00,10660.25,2020-04-03 14:17:00+00:00,10620.25,stop,-40.0,-80.0,10656.25,10660.25,3,FADE
2020-04-06,MNQM0,sell,2020-04-06 13:50:00+00:00,10836.25,2020-04-06 13:54:00+00:00,10876.25,stop,-40.0,-80.0,10836.25,10841.0,5,FADE
2020-04-06,MNQM0,buy,2020-04-06 13:55:00+00:00,10860.75,2020-04-06 14:38:00+00:00,10900.75,target,40.0,80.0,10860.75,10863.75,4,TREND
2020-04-07,MNQM0,sell,2020-04-07 13:46:00+00:00,11273.5,2020-04-07 14:06:00+00:00,11233.5,target,40.0,80.0,11273.5,11276.25,4,FADE
2020-04-07,MNQM0,sell,2020-04-07 14:41:00+00:00,11144.0,2020-04-07 14:50:00+00:00,11104.0,target,40.0,80.0,11140.5,11144.0,3,TREND
2020-04-08,MNQM0,buy,2020-04-08 13:46:00+00:00,11144.0,2020-04-08 13:57:00+00:00,11104.0,stop,-40.0,-80.0,11140.5,11144.0,3,FADE
2020-04-09,MNQM0,buy,2020-04-09 13:51:00+00:00,11306.0,2020-04-09 14:08:00+00:00,11266.0,stop,-40.0,-80.0,11300.0,11306.0,4,FADE
2020-04-13,MNQM0,sell,2020-04-13 14:05:00+00:00,11248.25,2020-04-13 14:19:00+00:00,11208.25,target,40.0,80.0,11248.25,11255.5,5,FADE
2020-04-14,MNQM0,buy,2020-04-14 13:59:00+00:00,11610.0,2020-04-14 15:12:00+00:00,11570.0,stop,-40.0,-80.0,11610.0,11613.5,3,TREND
2020-04-20,MNQM0,sell,2020-04-20 13:46:00+00:00,11787.5,2020-04-20 14:31:00+00:00,11827.5,stop,-40.0,-80.0,11787.5,11792.5,3,FADE
2020-04-21,MNQM0,sell,2020-04-21 14:49:00+00:00,11484.75,2020-04-21 14:53:00+00:00,11444.75,target,40.0,80.0,11479.0,11484.75,5,TREND
2020-04-21,MNQM0,sell,2020-04-21 14:57:00+00:00,11430.25,2020-04-21 15:14:00+00:00,11390.25,target,40.0,80.0,11427.0,11430.25,3,TREND
2020-04-21,MNQM0,sell,2020-04-21 15:15:00+00:00,11412.75,2020-04-21 15:15:00+00:00,11372.75,target,40.0,80.0,11405.25,11412.75,5,TREND
2020-04-22,MNQM0,buy,2020-04-22 13:48:00+00:00,11567.75,2020-04-22 14:00:00+00:00,11607.75,target,40.0,80.0,11564.5,11567.75,3,FADE
2020-04-23,MNQM0,sell,2020-04-23 14:30:00+00:00,11787.5,2020-04-23 15:30:00+00:00,11792.75,force_close,-5.25,-10.5,11787.5,11792.5,3,FADE
2020-04-28,MNQM0,buy,2020-04-28 13:46:00+00:00,11894.25,2020-04-28 13:59:00+00:00,11854.25,stop,-40.0,-80.0,11894.25,11897.75,3,TREND
2020-04-28,MNQM0,sell,2020-04-28 14:21:00+00:00,11792.5,2020-04-28 14:54:00+00:00,11752.5,target,40.0,80.0,11787.5,11792.5,3,TREND
2020-04-28,MNQM0,sell,2020-04-28 14:55:00+00:00,11745.5,2020-04-28 15:30:00+00:00,11761.5,force_close,-16.0,-32.0,11739.5,11745.5,4,TREND
2020-04-29,MNQM0,sell,2020-04-29 13:46:00+00:00,11894.25,2020-04-29 14:16:00+00:00,11934.25,stop,-40.0,-80.0,11894.25,11897.75,4,FADE
2020-05-04,MNQM0,buy,2020-05-04 13:52:00+00:00,11739.5,2020-05-04 14:05:00+00:00,11779.5,target,40.0,80.0,11739.5,11745.5,4,TREND
2020-05-04,MNQM0,buy,2020-05-04 14:16:00+00:00,11787.5,2020-05-04 15:30:00+00:00,11772.0,force_close,-15.5,-31.0,11787.5,11792.5,3,TREND
2020-05-08,MNQM0,sell,2020-05-08 14:16:00+00:00,12195.0,2020-05-08 15:30:00+00:00,12204.5,force_close,-9.5,-19.0,12195.0,12197.25,3,FADE
2020-05-13,MNQM0,sell,2020-05-13 13:47:00+00:00,12132.0,2020-05-13 14:02:00+00:00,12172.0,stop,-40.0,-80.0,12132.0,12133.75,3,FADE
2020-05-13,MNQM0,sell,2020-05-13 14:27:00+00:00,12195.0,2020-05-13 14:58:00+00:00,12155.0,target,40.0,80.0,12195.0,12197.25,3,FADE
2020-05-15,MNQM0,sell,2020-05-15 14:10:00+00:00,12068.0,2020-05-15 14:35:00+00:00,12028.0,target,40.0,80.0,12068.0,12069.0,3,FADE
2020-06-01,MNQM0,sell,2020-06-01 14:02:00+00:00,12595.5,2020-06-01 15:30:00+00:00,12575.0,force_close,20.5,41.0,12595.5,12598.75,4,FADE
2020-06-02,MNQM0,sell,2020-06-02 13:48:00+00:00,12598.75,2020-06-02 15:02:00+00:00,12558.75,target,40.0,80.0,12595.5,12598.75,5,TREND
2020-06-12,MNQM0,sell,2020-06-12 14:59:00+00:00,12681.5,2020-06-12 15:03:00+00:00,12641.5,target,40.0,80.0,12677.0,12681.5,3,TREND
2020-06-12,MNQM0,sell,2020-06-12 15:24:00+00:00,12598.75,2020-06-12 15:26:00+00:00,12638.75,stop,-40.0,-80.0,12595.5,12598.75,5,TREND
2020-06-18,MNQU0,buy,2020-06-18 14:33:00+00:00,12981.0,2020-06-18 14:35:00+00:00,13021.0,target,40.0,80.0,12979.0,12981.0,3,FADE
2020-06-25,MNQU0,buy,2020-06-25 13:54:00+00:00,12979.0,2020-06-25 14:21:00+00:00,13019.0,target,40.0,80.0,12979.0,12981.0,3,TREND
2020-06-26,MNQU0,sell,2020-06-26 14:16:00+00:00,12981.0,2020-06-26 14:23:00+00:00,12941.0,target,40.0,80.0,12979.0,12981.0,3,TREND
2020-06-30,MNQU0,buy,2020-06-30 13:46:00+00:00,13049.25,2020-06-30 14:10:00+00:00,13073.25,force_close,24.0,48.0,13049.25,13056.0,4,TREND
2020-07-30,MNQU0,sell,2020-07-30 13:47:00+00:00,13654.5,2020-07-30 13:53:00+00:00,13614.5,target,40.0,80.0,13654.5,13656.25,3,FADE
2020-08-12,MNQU0,buy,2020-08-12 13:48:00+00:00,14041.75,2020-08-12 13:53:00+00:00,14081.75,target,40.0,80.0,14041.75,14044.75,3,TREND
2020-09-11,MNQU0,sell,2020-09-11 13:46:00+00:00,14244.75,2020-09-11 13:48:00+00:00,14284.75,stop,-40.0,-80.0,14244.75,14246.25,3,FADE
2020-09-15,MNQZ0,sell,2020-09-15 13:48:00+00:00,14493.5,2020-09-15 14:22:00+00:00,14453.5,target,40.0,80.0,14493.5,14497.0,3,FADE
2020-09-16,MNQZ0,sell,2020-09-16 13:56:00+00:00,14493.5,2020-09-16 14:18:00+00:00,14453.5,target,40.0,80.0,14493.5,14497.0,3,FADE
2020-09-17,MNQZ0,sell,2020-09-17 13:46:00+00:00,14041.75,2020-09-17 13:47:00+00:00,14081.75,stop,-40.0,-80.0,14041.75,14044.75,3,FADE
2020-09-30,MNQZ0,buy,2020-09-30 14:12:00+00:00,14493.5,2020-09-30 15:30:00+00:00,14519.25,force_close,25.75,51.5,14493.5,14497.0,3,TREND
2020-10-02,MNQZ0,buy,2020-10-02 14:06:00+00:00,14493.5,2020-10-02 14:40:00+00:00,14453.5,stop,-40.0,-80.0,14493.5,14497.0,3,TREND
2020-10-22,MNQZ0,buy,2020-10-22 13:50:00+00:00,14721.5,2020-10-22 14:12:00+00:00,14681.5,stop,-40.0,-80.0,14719.25,14721.5,3,FADE
2020-10-26,MNQZ0,buy,2020-10-26 13:52:00+00:00,14719.25,2020-10-26 14:28:00+00:00,14679.25,stop,-40.0,-80.0,14719.25,14721.5,3,TREND
2020-10-26,MNQZ0,sell,2020-10-26 14:49:00+00:00,14617.25,2020-10-26 15:00:00+00:00,14577.25,target,40.0,80.0,14613.25,14617.25,3,TREND
2020-10-26,MNQZ0,sell,2020-10-26 15:17:00+00:00,14529.0,2020-10-26 15:30:00+00:00,14538.25,force_close,-9.25,-18.5,14526.5,14529.0,3,TREND
2020-10-28,MNQZ0,sell,2020-10-28 13:50:00+00:00,14379.0,2020-10-28 13:52:00+00:00,14339.0,target,40.0,80.0,14376.75,14379.0,3,TREND
2020-10-29,MNQZ0,sell,2020-10-29 13:46:00+00:00,14242.5,2020-10-29 13:52:00+00:00,14282.5,stop,-40.0,-80.0,14242.5,14246.25,4,FADE
2020-10-30,MNQZ0,sell,2020-10-30 14:59:00+00:00,14044.75,2020-10-30 15:00:00+00:00,14084.75,stop,-40.0,-80.0,14041.75,14044.75,3,TREND
2020-11-03,MNQZ0,buy,2020-11-03 15:22:00+00:00,14376.75,2020-11-03 15:35:00+00:00,14336.75,stop,-40.0,-80.0,14376.75,14379.0,3,TREND
2020-11-04,MNQZ0,sell,2020-11-04 15:04:00+00:00,14719.0,2020-11-04 15:06:00+00:00,14759.0,stop,-40.0,-80.0,14719.0,14721.5,4,FADE
2020-11-10,MNQZ0,sell,2020-11-10 14:51:00+00:00,14719.0,2020-11-10 15:00:00+00:00,14679.0,target,40.0,80.0,14719.0,14721.5,4,FADE
2020-11-20,MNQZ0,sell,2020-11-20 14:50:00+00:00,15029.75,2020-11-20 16:30:00+00:00,15049.25,force_close,-19.5,-39.0,15029.75,15037.0,5,FADE
2020-11-24,MNQZ0,sell,2020-11-24 14:46:00+00:00,14929.5,2020-11-24 14:59:00+00:00,14969.5,stop,-40.0,-80.0,14924.25,14929.5,3,TREND
2020-11-24,MNQZ0,buy,2020-11-24 15:51:00+00:00,15029.75,2020-11-24 16:19:00+00:00,15069.75,target,40.0,80.0,15029.75,15037.0,6,TREND
2020-11-30,MNQZ0,buy,2020-11-30 15:28:00+00:00,15263.5,2020-11-30 15:36:00+00:00,15223.5,stop,-40.0,-80.0,15260.5,15263.5,3,FADE
2020-12-15,MNQH1,sell,2020-12-15 14:53:00+00:00,15636.0,2020-12-15 15:38:00+00:00,15596.0,target,40.0,80.0,15636.0,15638.0,3,FADE
2021-01-04,MNQH1,sell,2021-01-04 15:11:00+00:00,15913.75,2021-01-04 15:48:00+00:00,15873.75,target,40.0,80.0,15910.75,15913.75,3,TREND
2021-01-06,MNQH1,sell,2021-01-06 14:47:00+00:00,15678.75,2021-01-06 14:53:00+00:00,15718.75,stop,-40.0,-80.0,15678.75,15680.5,3,FADE
2021-01-07,MNQH1,buy,2021-01-07 15:03:00+00:00,15910.75,2021-01-07 15:48:00+00:00,15950.75,target,40.0,80.0,15910.75,15913.75,3,TREND
2021-02-19,MNQH1,sell,2021-02-19 14:46:00+00:00,16701.25,2021-02-19 16:03:00+00:00,16741.25,stop,-40.0,-80.0,16698.25,16701.25,3,TREND
2021-02-23,MNQH1,buy,2021-02-23 14:53:00+00:00,15910.75,2021-02-23 15:01:00+00:00,15950.75,target,40.0,80.0,15910.75,15913.75,3,TREND
2021-02-26,MNQH1,buy,2021-02-26 14:50:00+00:00,15984.0,2021-02-26 14:51:00+00:00,15944.0,stop,-40.0,-80.0,15982.5,15984.0,3,FADE
2021-03-03,MNQH1,sell,2021-03-03 14:46:00+00:00,15984.0,2021-03-03 14:49:00+00:00,16024.0,stop,-40.0,-80.0,15982.5,15984.0,4,TREND
2021-03-03,MNQH1,sell,2021-03-03 15:12:00+00:00,15913.75,2021-03-03 15:46:00+00:00,15953.75,stop,-40.0,-80.0,15910.75,15913.75,3,TREND
2021-03-04,MNQH1,buy,2021-03-04 14:47:00+00:00,15703.75,2021-03-04 14:47:00+00:00,15743.75,target,40.0,80.0,15702.25,15703.75,3,FADE
2021-03-04,MNQH1,sell,2021-03-04 14:56:00+00:00,15638.0,2021-03-04 15:04:00+00:00,15598.0,target,40.0,80.0,15636.0,15638.0,3,TREND
2021-03-08,MNQH1,buy,2021-03-08 14:50:00+00:00,15680.5,2021-03-08 14:52:00+00:00,15640.5,stop,-40.0,-80.0,15678.75,15680.5,3,FADE
2021-03-09,MNQH1,sell,2021-03-09 14:46:00+00:00,15678.75,2021-03-09 14:51:00+00:00,15718.75,stop,-40.0,-80.0,15678.75,15680.5,3,FADE
2021-03-10,MNQH1,sell,2021-03-10 14:46:00+00:00,15982.5,2021-03-10 14:50:00+00:00,16022.5,stop,-40.0,-80.0,15982.5,15984.0,4,FADE
2021-03-10,MNQH1,sell,2021-03-10 14:51:00+00:00,16022.5,2021-03-10 14:57:00+00:00,15982.5,target,40.0,80.0,16022.5,16028.25,3,FADE
2021-03-11,MNQH1,sell,2021-03-11 14:50:00+00:00,16022.5,2021-03-11 15:18:00+00:00,15982.5,target,40.0,80.0,16022.5,16028.25,3,FADE
2021-03-15,MNQM1,sell,2021-03-15 13:52:00+00:00,16022.5,2021-03-15 14:26:00+00:00,15982.5,target,40.0,80.0,16022.5,16028.25,3,FADE
2021-03-18,MNQM1,buy,2021-03-18 13:46:00+00:00,16028.25,2021-03-18 14:09:00+00:00,15988.25,stop,-40.0,-80.0,16022.5,16028.25,4,FADE
2021-03-24,MNQM1,sell,2021-03-24 13:50:00+00:00,16028.25,2021-03-24 14:17:00+00:00,15988.25,target,40.0,80.0,16022.5,16028.25,4,TREND
2021-03-24,MNQM1,sell,2021-03-24 14:18:00+00:00,15985.0,2021-03-24 14:38:00+00:00,16025.0,stop,-40.0,-80.0,15982.5,15985.0,5,TREND
2021-03-25,MNQM1,buy,2021-03-25 15:25:00+00:00,15680.5,2021-03-25 15:27:00+00:00,15720.5,target,40.0,80.0,15678.75,15680.5,3,FADE
2021-03-26,MNQM1,sell,2021-03-26 14:03:00+00:00,15910.75,2021-03-26 14:15:00+00:00,15870.75,target,40.0,80.0,15910.75,15913.75,3,FADE
2021-03-29,MNQM1,sell,2021-03-29 14:00:00+00:00,15913.75,2021-03-29 14:37:00+00:00,15953.75,stop,-40.0,-80.0,15910.75,15913.75,3,TREND
2021-03-30,MNQM1,sell,2021-03-30 13:47:00+00:00,15878.0,2021-03-30 14:43:00+00:00,15918.0,stop,-40.0,-80.0,15873.25,15878.0,4,TREND
2021-04-20,MNQM1,buy,2021-04-20 14:40:00+00:00,16914.5,2021-04-20 14:46:00+00:00,16874.5,stop,-40.0,-80.0,16912.25,16914.5,3,FADE
2021-05-03,MNQM1,sell,2021-05-03 13:46:00+00:00,16917.25,2021-05-03 14:06:00+00:00,16957.25,stop,-40.0,-80.0,16912.25,16917.25,4,TREND
2021-05-04,MNQM1,sell,2021-05-04 13:58:00+00:00,16601.25,2021-05-04 14:12:00+00:00,16561.25,target,40.0,80.0,16599.0,16601.25,3,TREND
2021-05-10,MNQM1,sell,2021-05-10 13:53:00+00:00,16601.25,2021-05-10 14:30:00+00:00,16561.25,target,40.0,80.0,16598.5,16601.25,4,TREND
2021-05-13,MNQM1,buy,2021-05-13 13:46:00+00:00,16174.25,2021-05-13 13:55:00+00:00,16214.25,target,40.0,80.0,16172.75,16174.25,3,FADE
2021-05-19,MNQM1,sell,2021-05-19 15:08:00+00:00,16181.5,2021-05-19 15:30:00+00:00,16188.0,force_close,-6.5,-13.0,16181.5,16183.0,3,FADE
2021-05-21,MNQM1,sell,2021-05-21 13:57:00+00:00,16598.5,2021-05-21 14:09:00+00:00,16558.5,target,40.0,80.0,16598.5,16601.25,4,FADE
2021-05-24,MNQM1,sell,2021-05-24 14:00:00+00:00,16646.0,2021-05-24 14:15:00+00:00,16686.0,stop,-40.0,-80.0,16646.0,16648.5,3,FADE
2021-05-24,MNQM1,buy,2021-05-24 14:22:00+00:00,16698.25,2021-05-24 15:30:00+00:00,16707.0,force_close,8.75,17.5,16698.25,16701.25,3,TREND
2021-05-26,MNQM1,buy,2021-05-26 13:50:00+00:00,16728.0,2021-05-26 14:35:00+00:00,16768.0,target,40.0,80.0,16720.25,16728.0,6,FADE
2021-05-27,MNQM1,sell,2021-05-27 14:16:00+00:00,16754.0,2021-05-27 15:30:00+00:00,16753.5,force_close,0.5,1.0,16754.0,16759.0,4,FADE
2021-06-01,MNQM1,buy,2021-06-01 13:48:00+00:00,16803.0,2021-06-01 14:04:00+00:00,16763.0,stop,-40.0,-80.0,16801.5,16803.0,3,FADE
2021-06-01,MNQM1,sell,2021-06-01 14:06:00+00:00,16767.25,2021-06-01 14:14:00+00:00,16727.25,target,40.0,80.0,16762.75,16767.25,3,TREND
2021-06-01,MNQM1,sell,2021-06-01 14:15:00+00:00,16728.0,2021-06-01 14:50:00+00:00,16688.0,target,40.0,80.0,16720.25,16728.0,6,TREND
2021-06-01,MNQM1,sell,2021-06-01 14:51:00+00:00,16701.25,2021-06-01 14:56:00+00:00,16661.25,target,40.0,80.0,16698.25,16701.25,3,TREND
2021-06-01,MNQM1,sell,2021-06-01 14:57:00+00:00,16737.25,2021-06-01 14:57:00+00:00,16697.25,target,40.0,80.0,16731.25,16737.25,4,TREND
2021-06-02,MNQM1,buy,2021-06-02 14:00:00+00:00,16737.25,2021-06-02 15:30:00+00:00,16759.25,force_close,22.0,44.0,16731.25,16737.25,4,FADE
2021-06-03,MNQM1,sell,2021-06-03 14:09:00+00:00,16598.5,2021-06-03 14:39:00+00:00,16558.5,target,40.0,80.0,16598.5,16601.25,4,FADE
2021-06-03,MNQM1,buy,2021-06-03 15:00:00+00:00,16646.0,2021-06-03 15:30:00+00:00,16630.5,force_close,-15.5,-31.0,16646.0,16648.5,3,TREND
2021-06-04,MNQM1,buy,2021-06-04 13:46:00+00:00,16754.0,2021-06-04 14:02:00+00:00,16794.0,target,40.0,80.0,16754.0,16759.0,5,TREND
2021-06-04,MNQM1,buy,2021-06-04 14:03:00+00:00,16801.5,2021-06-04 15:30:00+00:00,16826.75,force_close,25.25,50.5,16801.5,16803.0,3,TREND
2021-06-07,MNQM1,sell,2021-06-07 13:46:00+00:00,16801.5,2021-06-07 15:30:00+00:00,16787.0,force_close,14.5,29.0,16801.5,16803.0,3,FADE
2021-06-09,MNQM1,buy,2021-06-09 13:50:00+00:00,16917.25,2021-06-09 15:30:00+00:00,16914.0,force_close,-3.25,-6.5,16912.25,16917.25,4,FADE
2021-06-10,MNQM1,sell,2021-06-10 14:49:00+00:00,16917.25,2021-06-10 15:23:00+00:00,16957.25,stop,-40.0,-80.0,16912.25,16917.25,4,TREND
2021-07-20,MNQU1,buy,2021-07-20 13:47:00+00:00,17642.0,2021-07-20 14:20:00+00:00,17682.0,target,40.0,80.0,17642.0,17645.0,3,TREND
2021-08-10,MNQU1,sell,2021-08-10 14:31:00+00:00,18146.75,2021-08-10 14:41:00+00:00,18106.75,target,40.0,80.0,18140.75,18146.75,4,TREND
2021-08-13,MNQU1,sell,2021-08-13 14:15:00+00:00,18188.75,2021-08-13 15:30:00+00:00,18185.5,force_close,3.25,6.5,18188.75,18193.0,3,FADE
2021-08-16,MNQU1,buy,2021-08-16 13:48:00+00:00,18146.75,2021-08-16 13:54:00+00:00,18106.75,stop,-40.0,-80.0,18140.75,18146.75,5,FADE
2021-08-16,MNQU1,sell,2021-08-16 14:18:00+00:00,18026.25,2021-08-16 15:30:00+00:00,18032.0,force_close,-5.75,-11.5,18024.75,18026.25,3,TREND
2021-08-17,MNQU1,sell,2021-08-17 14:00:00+00:00,18026.25,2021-08-17 14:14:00+00:00,18066.25,stop,-40.0,-80.0,18024.75,18026.25,3,TREND
2021-08-20,MNQU1,buy,2021-08-20 14:05:00+00:00,18140.75,2021-08-20 15:30:00+00:00,18123.0,force_close,-17.75,-35.5,18140.75,18146.75,5,TREND
2021-09-20,MNQZ1,buy,2021-09-20 13:47:00+00:00,18193.0,2021-09-20 14:04:00+00:00,18153.0,stop,-40.0,-80.0,18186.0,18193.0,4,FADE
2021-09-20,MNQZ1,buy,2021-09-20 14:56:00+00:00,18072.5,2021-09-20 15:13:00+00:00,18112.5,target,40.0,80.0,18065.25,18072.5,4,FADE
2021-09-21,MNQZ1,buy,2021-09-21 13:58:00+00:00,18146.75,2021-09-21 14:09:00+00:00,18106.75,stop,-40.0,-80.0,18140.75,18146.75,5,FADE
2021-09-22,MNQZ1,buy,2021-09-22 13:46:00+00:00,18111.25,2021-09-22 13:56:00+00:00,18151.25,target,40.0,80.0,18111.25,18114.25,3,TREND
2021-09-22,MNQZ1,buy,2021-09-22 14:01:00+00:00,18178.5,2021-09-22 14:32:00+00:00,18218.5,target,40.0,80.0,18178.5,18181.25,3,TREND
2021-09-22,MNQZ1,buy,2021-09-22 14:33:00+00:00,18186.0,2021-09-22 15:02:00+00:00,18226.0,target,40.0,80.0,18186.0,18193.0,4,TREND
2021-09-27,MNQZ1,buy,2021-09-27 13:48:00+00:00,18224.0,2021-09-27 13:54:00+00:00,18184.0,stop,-40.0,-80.0,18224.0,18227.75,3,TREND
2021-09-27,MNQZ1,sell,2021-09-27 13:55:00+00:00,18181.25,2021-09-27 14:07:00+00:00,18221.25,stop,-40.0,-80.0,18178.5,18181.25,3,TREND
2021-09-28,MNQZ1,sell,2021-09-28 13:56:00+00:00,18024.75,2021-09-28 14:01:00+00:00,17984.75,target,40.0,80.0,18024.75,18026.25,3,FADE
2021-10-04,MNQZ1,sell,2021-10-04 14:02:00+00:00,17645.0,2021-10-04 14:19:00+00:00,17605.0,target,40.0,80.0,17642.0,17645.0,3,TREND
2021-10-07,MNQZ1,buy,2021-10-07 13:46:00+00:00,18011.75,2021-10-07 14:01:00+00:00,18051.75,target,40.0,80.0,18008.25,18011.75,3,FADE
2021-10-07,MNQZ1,buy,2021-10-07 14:15:00+00:00,18065.25,2021-10-07 15:30:00+00:00,18050.25,force_close,-15.0,-30.0,18065.25,18072.5,4,TREND
2021-10-11,MNQZ1,buy,2021-10-11 13:54:00+00:00,17940.0,2021-10-11 14:22:00+00:00,17980.0,target,40.0,80.0,17940.0,17943.5,3,TREND
2021-10-11,MNQZ1,buy,2021-10-11 14:23:00+00:00,17955.25,2021-10-11 15:30:00+00:00,17944.25,force_close,-11.0,-22.0,17955.25,17957.75,3,TREND
2021-10-13,MNQZ1,buy,2021-10-13 13:49:00+00:00,17804.75,2021-10-13 14:12:00+00:00,17764.75,stop,-40.0,-80.0,17801.0,17804.75,3,FADE
2021-10-14,MNQZ1,buy,2021-10-14 14:06:00+00:00,18065.25,2021-10-14 15:30:00+00:00,18078.25,force_close,13.0,26.0,18065.25,18072.5,4,TREND
2021-10-15,MNQZ1,sell,2021-10-15 13:49:00+00:00,18164.5,2021-10-15 15:30:00+00:00,18188.5,force_close,-24.0,-48.0,18164.5,18169.25,3,FADE
2021-10-19,MNQZ1,sell,2021-10-19 13:47:00+00:00,18434.0,2021-10-19 15:30:00+00:00,18455.75,force_close,-21.75,-43.5,18434.0,18437.75,3,FADE
2021-10-25,MNQZ1,sell,2021-10-25 13:47:00+00:00,18437.75,2021-10-25 14:00:00+00:00,18477.75,stop,-40.0,-80.0,18434.0,18437.75,3,TREND
2021-10-26,MNQZ1,sell,2021-10-26 14:01:00+00:00,18741.0,2021-10-26 14:22:00+00:00,18781.0,stop,-40.0,-80.0,18741.0,18746.75,6,FADE
2021-10-28,MNQZ1,buy,2021-10-28 13:50:00+00:00,18746.75,2021-10-28 14:26:00+00:00,18786.75,target,40.0,80.0,18741.0,18746.75,6,FADE
2021-10-29,MNQZ1,sell,2021-10-29 13:46:00+00:00,18746.75,2021-10-29 14:09:00+00:00,18786.75,stop,-40.0,-80.0,18741.0,18746.75,6,TREND
2021-11-18,MNQZ1,sell,2021-11-18 14:46:00+00:00,19473.5,2021-11-18 15:10:00+00:00,19433.5,target,40.0,80.0,19473.5,19477.5,3,FADE
2021-11-23,MNQZ1,sell,2021-11-23 14:46:00+00:00,19473.5,2021-11-23 15:06:00+00:00,19433.5,target,40.0,80.0,19473.5,19477.5,3,FADE
2021-11-29,MNQZ1,buy,2021-11-29 14:46:00+00:00,19294.5,2021-11-29 14:48:00+00:00,19334.5,target,40.0,80.0,19285.75,19294.5,5,FADE
2021-11-30,MNQZ1,sell,2021-11-30 15:53:00+00:00,19294.5,2021-11-30 15:55:00+00:00,19254.5,target,40.0,80.0,19285.75,19294.5,5,TREND
2021-12-01,MNQZ1,sell,2021-12-01 15:01:00+00:00,19436.75,2021-12-01 15:21:00+00:00,19396.75,target,40.0,80.0,19436.75,19437.25,3,FADE
2021-12-03,MNQZ1,sell,2021-12-03 15:49:00+00:00,18746.75,2021-12-03 15:52:00+00:00,18786.75,stop,-40.0,-80.0,18741.0,18746.75,6,TREND
2021-12-07,MNQZ1,buy,2021-12-07 14:52:00+00:00,19285.75,2021-12-07 15:09:00+00:00,19325.75,target,40.0,80.0,19285.75,19294.5,5,TREND
2021-12-09,MNQZ1,sell,2021-12-09 14:47:00+00:00,19477.5,2021-12-09 14:52:00+00:00,19437.5,target,40.0,80.0,19473.5,19477.5,3,TREND
2021-12-09,MNQZ1,sell,2021-12-09 14:56:00+00:00,19418.0,2021-12-09 15:25:00+00:00,19378.0,target,40.0,80.0,19415.5,19418.0,3,TREND
2021-12-09,MNQZ1,sell,2021-12-09 15:39:00+00:00,19337.0,2021-12-09 15:45:00+00:00,19377.0,stop,-40.0,-80.0,19334.75,19337.0,3,TREND
2021-12-10,MNQH2,sell,2021-12-10 14:52:00+00:00,19334.75,2021-12-10 14:55:00+00:00,19294.75,target,40.0,80.0,19334.75,19337.0,3,FADE
2021-12-13,MNQH2,sell,2021-12-13 14:54:00+00:00,19337.0,2021-12-13 14:56:00+00:00,19377.0,stop,-40.0,-80.0,19334.75,19337.0,3,TREND
2021-12-16,MNQH2,buy,2021-12-16 14:46:00+00:00,19334.75,2021-12-16 14:52:00+00:00,19294.75,stop,-40.0,-80.0,19334.75,19337.0,3,TREND
2021-12-16,MNQH2,sell,2021-12-16 14:53:00+00:00,19294.5,2021-12-16 14:59:00+00:00,19254.5,target,40.0,80.0,19285.75,19294.5,6,TREND
2021-12-20,MNQH2,buy,2021-12-20 15:14:00+00:00,18642.5,2021-12-20 15:16:00+00:00,18682.5,target,40.0,80.0,18640.75,18642.5,3,FADE
2021-12-21,MNQH2,sell,2021-12-21 14:55:00+00:00,18746.75,2021-12-21 15:19:00+00:00,18786.75,stop,-40.0,-80.0,18741.0,18746.75,6,TREND
2021-12-23,MNQH2,sell,2021-12-23 15:13:00+00:00,19334.75,2021-12-23 15:59:00+00:00,19374.75,stop,-40.0,-80.0,19334.75,19337.0,3,FADE
2021-12-29,MNQH2,sell,2021-12-29 15:16:00+00:00,19477.5,2021-12-29 15:24:00+00:00,19517.5,stop,-40.0,-80.0,19473.5,19477.5,3,TREND
2021-12-30,MNQH2,sell,2021-12-30 15:05:00+00:00,19599.0,2021-12-30 15:17:00+00:00,19639.0,stop,-40.0,-80.0,19599.0,19601.75,3,FADE
2022-01-03,MNQH2,buy,2022-01-03 14:47:00+00:00,19487.0,2022-01-03 14:48:00+00:00,19447.0,stop,-40.0,-80.0,19483.0,19487.0,3,FADE
2022-01-03,MNQH2,sell,2022-01-03 14:49:00+00:00,19437.25,2022-01-03 14:50:00+00:00,19397.25,target,40.0,80.0,19436.75,19437.25,3,TREND
2022-01-03,MNQH2,sell,2022-01-03 14:51:00+00:00,19425.5,2022-01-03 14:52:00+00:00,19385.5,target,40.0,80.0,19415.5,19425.5,6,TREND
2022-01-03,MNQH2,sell,2022-01-03 14:53:00+00:00,19462.5,2022-01-03 14:53:00+00:00,19422.5,target,40.0,80.0,19459.5,19462.5,3,TREND
2022-01-03,MNQH2,sell,2022-01-03 14:54:00+00:00,19477.5,2022-01-03 14:54:00+00:00,19437.5,target,40.0,80.0,19473.5,19477.5,3,TREND
2022-01-04,MNQH2,buy,2022-01-04 14:50:00+00:00,19531.75,2022-01-04 15:02:00+00:00,19491.75,stop,-40.0,-80.0,19529.25,19531.75,3,FADE
2022-01-04,MNQH2,sell,2022-01-04 15:03:00+00:00,19487.0,2022-01-04 15:17:00+00:00,19447.0,target,40.0,80.0,19483.0,19487.0,3,TREND
2022-01-04,MNQH2,sell,2022-01-04 15:18:00+00:00,19462.5,2022-01-04 15:36:00+00:00,19422.5,target,40.0,80.0,19459.5,19462.5,3,TREND
2022-01-04,MNQH2,sell,2022-01-04 15:37:00+00:00,19425.5,2022-01-04 15:43:00+00:00,19385.5,target,40.0,80.0,19415.5,19425.5,6,TREND
2022-01-04,MNQH2,sell,2022-01-04 15:44:00+00:00,19437.25,2022-01-04 15:44:00+00:00,19397.25,target,40.0,80.0,19436.75,19437.25,3,TREND
2022-01-04,MNQH2,sell,2022-01-04 15:45:00+00:00,19477.5,2022-01-04 15:45:00+00:00,19437.5,target,40.0,80.0,19473.5,19477.5,3,TREND
2022-01-04,MNQH2,sell,2022-01-04 15:55:00+00:00,19337.0,2022-01-04 16:00:00+00:00,19297.0,target,40.0,80.0,19334.75,19337.0,3,TREND
2022-01-04,MNQH2,sell,2022-01-04 16:01:00+00:00,19294.5,2022-01-04 16:03:00+00:00,19254.5,target,40.0,80.0,19285.75,19294.5,6,TREND
2022-01-05,MNQH2,sell,2022-01-05 14:51:00+00:00,19285.75,2022-01-05 15:01:00+00:00,19325.75,stop,-40.0,-80.0,19285.75,19294.5,6,FADE
2022-01-07,MNQH2,sell,2022-01-07 15:20:00+00:00,18754.75,2022-01-07 15:37:00+00:00,18714.75,target,40.0,80.0,18753.0,18754.75,3,TREND
2022-01-07,MNQH2,sell,2022-01-07 15:38:00+00:00,18746.75,2022-01-07 15:38:00+00:00,18706.75,target,40.0,80.0,18741.0,18746.75,6,TREND
2022-01-07,MNQH2,sell,2022-01-07 15:48:00+00:00,18642.5,2022-01-07 15:52:00+00:00,18602.5,target,40.0,80.0,18640.75,18642.5,3,TREND
2022-01-10,MNQH2,sell,2022-01-10 14:50:00+00:00,18405.5,2022-01-10 14:54:00+00:00,18365.5,target,40.0,80.0,18405.5,18409.25,3,FADE
2022-01-11,MNQH2,buy,2022-01-11 14:51:00+00:00,18640.75,2022-01-11 14:54:00+00:00,18600.75,stop,-40.0,-80.0,18640.75,18642.5,3,TREND
2022-01-11,MNQH2,buy,2022-01-11 16:13:00+00:00,18753.0,2022-01-11 16:15:00+00:00,18793.0,target,40.0,80.0,18753.0,18754.75,3,TREND
2022-01-14,MNQH2,buy,2022-01-14 14:47:00+00:00,18640.75,2022-01-14 14:48:00+00:00,18600.75,stop,-40.0,-80.0,18640.75,18642.5,3,TREND
2022-01-18,MNQH2,buy,2022-01-18 14:47:00+00:00,18409.25,2022-01-18 14:51:00+00:00,18369.25,stop,-40.0,-80.0,18405.5,18409.25,3,FADE
2022-01-19,MNQH2,sell,2022-01-19 14:46:00+00:00,18405.5,2022-01-19 14:57:00+00:00,18445.5,stop,-40.0,-80.0,18405.5,18409.25,3,FADE
2022-01-19,MNQH2,sell,2022-01-19 16:22:00+00:00,18193.0,2022-01-19 16:27:00+00:00,18233.0,stop,-40.0,-80.0,18178.5,18193.0,8,TREND
2022-01-21,MNQH2,buy,2022-01-21 15:56:00+00:00,17898.0,2022-01-21 15:58:00+00:00,17858.0,stop,-40.0,-80.0,17898.0,17901.75,3,TREND
2022-01-28,MNQH2,buy,2022-01-28 14:49:00+00:00,17005.5,2022-01-28 14:50:00+00:00,16965.5,stop,-40.0,-80.0,17005.5,17006.75,3,TREND
2022-01-31,MNQH2,buy,2022-01-31 14:46:00+00:00,17642.0,2022-01-31 14:50:00+00:00,17602.0,stop,-40.0,-80.0,17642.0,17645.0,3,TREND
2022-01-31,MNQH2,buy,2022-01-31 15:22:00+00:00,17801.0,2022-01-31 15:28:00+00:00,17761.0,stop,-40.0,-80.0,17801.0,17804.75,3,TREND
2022-02-01,MNQH2,buy,2022-02-01 14:48:00+00:00,17898.0,2022-02-01 14:50:00+00:00,17938.0,target,40.0,80.0,17898.0,17901.75,3,TREND
2022-02-01,MNQH2,buy,2022-02-01 15:00:00+00:00,17871.0,2022-02-01 15:00:00+00:00,17911.0,target,40.0,80.0,17868.0,17871.0,3,FADE
2022-02-02,MNQH2,sell,2022-02-02 14:47:00+00:00,18135.5,2022-02-02 14:52:00+00:00,18175.5,stop,-40.0,-80.0,18132.5,18135.5,3,TREND
2022-02-02,MNQH2,buy,2022-02-02 15:35:00+00:00,18114.5,2022-02-02 15:38:00+00:00,18154.5,target,40.0,80.0,18111.25,18114.5,4,FADE
2022-02-03,MNQH2,sell,2022-02-03 15:17:00+00:00,17868.0,2022-02-03 15:20:00+00:00,17908.0,stop,-40.0,-80.0,17868.0,17871.0,3,FADE
2022-02-07,MNQH2,buy,2022-02-07 14:49:00+00:00,17804.75,2022-02-07 14:50:00+00:00,17844.75,target,40.0,80.0,17801.0,17804.75,3,FADE
2022-02-07,MNQH2,sell,2022-02-07 14:51:00+00:00,17862.0,2022-02-07 15:03:00+00:00,17822.0,target,40.0,80.0,17862.0,17863.25,3,FADE
2022-02-08,MNQH2,buy,2022-02-08 15:00:00+00:00,17582.0,2022-02-08 15:17:00+00:00,17622.0,target,40.0,80.0,17579.75,17582.0,3,FADE
2022-02-09,MNQH2,buy,2022-02-09 14:48:00+00:00,17976.0,2022-02-09 15:19:00+00:00,17936.0,stop,-40.0,-80.0,17973.75,17976.0,3,FADE
2022-02-09,MNQH2,sell,2022-02-09 15:32:00+00:00,18008.25,2022-02-09 16:00:00+00:00,18048.25,stop,-40.0,-80.0,18008.25,18011.75,3,FADE
2022-02-10,MNQH2,sell,2022-02-10 14:47:00+00:00,17901.75,2022-02-10 14:50:00+00:00,17941.75,stop,-40.0,-80.0,17898.0,17901.75,3,TREND
2022-02-10,MNQH2,buy,2022-02-10 14:51:00+00:00,17973.75,2022-02-10 14:56:00+00:00,18013.75,target,40.0,80.0,17973.75,17976.0,3,TREND
2022-02-10,MNQH2,buy,2022-02-10 14:57:00+00:00,17955.25,2022-02-10 14:57:00+00:00,17995.25,target,40.0,80.0,17955.25,17957.75,3,TREND
2022-02-10,MNQH2,buy,2022-02-10 14:58:00+00:00,17940.0,2022-02-10 14:58:00+00:00,17980.0,target,40.0,80.0,17940.0,17943.5,3,TREND
2022-02-10,MNQH2,buy,2022-02-10 15:01:00+00:00,18008.25,2022-02-10 15:06:00+00:00,18048.25,target,40.0,80.0,18008.25,18011.75,3,TREND
2022-02-10,MNQH2,buy,2022-02-10 15:07:00+00:00,18032.25,2022-02-10 15:25:00+00:00,17992.25,stop,-40.0,-80.0,18032.25,18034.25,5,TREND
2022-02-10,MNQH2,sell,2022-02-10 15:27:00+00:00,18024.75,2022-02-10 15:38:00+00:00,18064.75,stop,-40.0,-80.0,18024.75,18026.5,4,FADE
2022-02-15,MNQH2,sell,2022-02-15 14:46:00+00:00,17579.75,2022-02-15 14:50:00+00:00,17539.75,target,40.0,80.0,17579.75,17582.0,3,FADE
2022-02-17,MNQH2,buy,2022-02-17 14:46:00+00:00,17532.5,2022-02-17 14:48:00+00:00,17492.5,stop,-40.0,-80.0,17527.25,17532.5,3,FADE
2022-03-22,MNQM2,buy,2022-03-22 14:11:00+00:00,17642.0,2022-03-22 14:30:00+00:00,17682.0,target,40.0,80.0,17642.0,17645.0,3,TREND
2022-03-23,MNQM2,sell,2022-03-23 14:13:00+00:00,17642.0,2022-03-23 14:17:00+00:00,17682.0,stop,-40.0,-80.0,17642.0,17645.0,3,FADE
2022-03-24,MNQM2,buy,2022-03-24 13:46:00+00:00,17599.25,2022-03-24 13:50:00+00:00,17559.25,stop,-40.0,-80.0,17594.5,17599.25,4,FADE
2022-03-24,MNQM2,buy,2022-03-24 14:17:00+00:00,17563.5,2022-03-24 14:30:00+00:00,17523.5,stop,-40.0,-80.0,17560.5,17563.5,3,FADE
2022-03-25,MNQM2,sell,2022-03-25 13:57:00+00:00,17804.75,2022-03-25 14:22:00+00:00,17844.75,stop,-40.0,-80.0,17801.0,17804.75,4,TREND
2022-03-28,MNQM2,sell,2022-03-28 13:46:00+00:00,17943.5,2022-03-28 13:55:00+00:00,17983.5,stop,-40.0,-80.0,17940.0,17943.5,3,TREND
2022-03-28,MNQM2,buy,2022-03-28 13:56:00+00:00,17973.75,2022-03-28 14:01:00+00:00,17933.75,stop,-40.0,-80.0,17973.75,17976.0,4,TREND
2022-03-28,MNQM2,buy,2022-03-28 14:16:00+00:00,17901.75,2022-03-28 14:48:00+00:00,17941.75,target,40.0,80.0,17898.0,17901.75,3,FADE
2022-03-29,MNQM2,buy,2022-03-29 13:48:00+00:00,18227.75,2022-03-29 13:48:00+00:00,18267.75,target,40.0,80.0,18224.0,18227.75,4,FADE
2022-03-30,MNQM2,sell,2022-03-30 15:11:00+00:00,18193.0,2022-03-30 15:30:00+00:00,18207.5,force_close,-14.5,-29.0,18178.5,18193.0,8,TREND
2022-03-31,MNQM2,sell,2022-03-31 13:46:00+00:00,18072.5,2022-03-31 13:51:00+00:00,18112.5,stop,-40.0,-80.0,18065.25,18072.5,4,TREND
2022-03-31,MNQM2,buy,2022-03-31 13:52:00+00:00,18111.25,2022-03-31 14:00:00+00:00,18071.25,stop,-40.0,-80.0,18111.25,18114.5,4,TREND
2022-03-31,MNQM2,sell,2022-03-31 14:18:00+00:00,18132.5,2022-03-31 14:25:00+00:00,18092.5,target,40.0,80.0,18132.5,18135.5,3,FADE
2022-03-31,MNQM2,sell,2022-03-31 14:34:00+00:00,18140.75,2022-03-31 14:57:00+00:00,18180.75,stop,-40.0,-80.0,18140.75,18146.75,6,FADE
2022-04-01,MNQM2,buy,2022-04-01 13:46:00+00:00,17957.75,2022-04-01 13:52:00+00:00,17917.75,stop,-40.0,-80.0,17955.25,17957.75,3,FADE
2022-04-04,MNQM2,sell,2022-04-04 13:46:00+00:00,18072.5,2022-04-04 13:50:00+00:00,18112.5,stop,-40.0,-80.0,18065.25,18072.5,4,TREND
2022-04-04,MNQM2,buy,2022-04-04 13:51:00+00:00,18111.25,2022-04-04 14:00:00+00:00,18151.25,target,40.0,80.0,18111.25,18114.5,4,TREND
2022-04-04,MNQM2,buy,2022-04-04 14:01:00+00:00,18140.75,2022-04-04 14:17:00+00:00,18100.75,stop,-40.0,-80.0,18140.75,18146.75,6,TREND
2022-04-05,MNQM2,sell,2022-04-05 13:46:00+00:00,18178.5,2022-04-05 14:01:00+00:00,18138.5,target,40.0,80.0,18178.5,18193.0,9,FADE
2022-04-05,MNQM2,sell,2022-04-05 14:17:00+00:00,18034.25,2022-04-05 14:54:00+00:00,18074.25,stop,-40.0,-80.0,18032.25,18034.25,5,TREND
2022-04-05,MNQM2,buy,2022-04-05 15:11:00+00:00,18026.5,2022-04-05 15:30:00+00:00,18027.0,force_close,0.5,1.0,18021.75,18026.5,5,FADE
2022-04-06,MNQM2,sell,2022-04-06 13:50:00+00:00,17599.25,2022-04-06 14:02:00+00:00,17559.25,target,40.0,80.0,17594.5,17599.25,4,TREND
2022-04-06,MNQM2,sell,2022-04-06 14:03:00+00:00,17563.5,2022-04-06 14:43:00+00:00,17603.5,stop,-40.0,-80.0,17560.5,17563.5,3,TREND
2022-04-06,MNQM2,buy,2022-04-06 14:52:00+00:00,17582.0,2022-04-06 15:09:00+00:00,17542.0,stop,-40.0,-80.0,17577.0,17582.0,5,FADE
2022-04-07,MNQM2,sell,2022-04-07 13:54:00+00:00,17636.25,2022-04-07 14:01:00+00:00,17676.25,stop,-40.0,-80.0,17636.25,17645.0,6,FADE
2022-04-07,MNQM2,buy,2022-04-07 14:02:00+00:00,17665.0,2022-04-07 14:06:00+00:00,17625.0,stop,-40.0,-80.0,17665.0,17669.25,3,TREND
2022-04-11,MNQM2,sell,2022-04-11 13:46:00+00:00,17263.25,2022-04-11 13:59:00+00:00,17223.25,target,40.0,80.0,17263.25,17267.75,3,FADE
2022-04-13,MNQM2,buy,2022-04-13 15:26:00+00:00,17263.25,2022-04-13 15:30:00+00:00,17247.5,force_close,-15.75,-31.5,17263.25,17267.75,3,TREND
2022-07-14,MNQU2,buy,2022-07-14 14:01:00+00:00,14608.25,2022-07-14 14:33:00+00:00,14648.25,target,40.0,80.0,14604.75,14608.25,3,FADE
2022-08-25,MNQU2,buy,2022-08-25 14:40:00+00:00,16170.25,2022-08-25 15:01:00+00:00,16130.25,stop,-40.0,-80.0,16170.25,16174.75,3,TREND
2022-08-26,MNQU2,sell,2022-08-26 13:46:00+00:00,16176.75,2022-08-26 14:01:00+00:00,16136.75,target,40.0,80.0,16170.25,16176.75,4,TREND
2022-08-26,MNQU2,sell,2022-08-26 15:03:00+00:00,15913.5,2022-08-26 15:08:00+00:00,15873.5,target,40.0,80.0,15911.75,15913.5,3,TREND
2022-09-06,MNQU2,buy,2022-09-06 13:46:00+00:00,15151.25,2022-09-06 13:53:00+00:00,15111.25,stop,-40.0,-80.0,15149.0,15151.25,3,FADE
2022-09-08,MNQU2,buy,2022-09-08 13:47:00+00:00,15283.5,2022-09-08 13:55:00+00:00,15323.5,target,40.0,80.0,15283.5,15287.5,3,TREND
2022-09-13,MNQZ2,sell,2022-09-13 14:49:00+00:00,15287.5,2022-09-13 15:24:00+00:00,15247.5,target,40.0,80.0,15283.5,15287.5,3,TREND
2022-09-15,MNQZ2,sell,2022-09-15 14:32:00+00:00,15086.0,2022-09-15 14:50:00+00:00,15046.0,target,40.0,80.0,15081.5,15086.0,3,TREND
2022-09-22,MNQZ2,buy,2022-09-22 13:46:00+00:00,14604.75,2022-09-22 13:51:00+00:00,14564.75,stop,-40.0,-80.0,14604.75,14608.25,3,TREND
2022-09-30,MNQZ2,sell,2022-09-30 13:56:00+00:00,14245.25,2022-09-30 14:00:00+00:00,14205.25,target,40.0,80.0,14245.25,14249.25,3,FADE
2022-10-04,MNQZ2,buy,2022-10-04 14:00:00+00:00,14604.75,2022-10-04 14:02:00+00:00,14644.75,target,40.0,80.0,14604.75,14608.25,3,TREND
2022-10-05,MNQZ2,buy,2022-10-05 14:00:00+00:00,14449.25,2022-10-05 14:05:00+00:00,14409.25,stop,-40.0,-80.0,14444.25,14449.25,4,FADE
2022-10-06,MNQZ2,sell,2022-10-06 13:47:00+00:00,14665.5,2022-10-06 13:58:00+00:00,14625.5,target,40.0,80.0,14663.0,14665.5,3,TREND
2022-10-18,MNQZ2,buy,2022-10-18 13:46:00+00:00,14330.0,2022-10-18 13:54:00+00:00,14290.0,stop,-40.0,-80.0,14325.75,14330.0,3,FADE
2022-10-18,MNQZ2,sell,2022-10-18 14:27:00+00:00,14249.25,2022-10-18 14:37:00+00:00,14209.25,target,40.0,80.0,14245.25,14249.25,4,TREND
2022-10-19,MNQZ2,buy,2022-10-19 14:23:00+00:00,14245.25,2022-10-19 14:42:00+00:00,14205.25,stop,-40.0,-80.0,14245.25,14249.25,4,TREND
2022-10-20,MNQZ2,buy,2022-10-20 14:05:00+00:00,14245.25,2022-10-20 14:19:00+00:00,14285.25,target,40.0,80.0,14245.25,14249.25,4,TREND
2022-10-25,MNQZ2,buy,2022-10-25 13:48:00+00:00,14604.75,2022-10-25 13:56:00+00:00,14644.75,target,40.0,80.0,14604.75,14608.25,3,TREND
2022-10-26,MNQZ2,sell,2022-10-26 13:48:00+00:00,14495.75,2022-10-26 14:00:00+00:00,14535.75,stop,-40.0,-80.0,14495.75,14498.0,3,FADE
2022-10-26,MNQZ2,buy,2022-10-26 15:14:00+00:00,14663.0,2022-10-26 15:30:00+00:00,14664.0,force_close,1.0,2.0,14663.0,14665.5,3,TREND
2022-10-27,MNQZ2,sell,2022-10-27 13:56:00+00:00,14249.25,2022-10-27 14:04:00+00:00,14289.25,stop,-40.0,-80.0,14245.25,14249.25,4,TREND
2022-10-28,MNQZ2,sell,2022-10-28 13:46:00+00:00,14330.0,2022-10-28 13:50:00+00:00,14290.0,target,40.0,80.0,14325.75,14330.0,3,TREND
2022-10-28,MNQZ2,buy,2022-10-28 14:12:00+00:00,14249.25,2022-10-28 14:15:00+00:00,14289.25,target,40.0,80.0,14245.25,14249.25,4,FADE
2022-10-28,MNQZ2,buy,2022-10-28 14:47:00+00:00,14444.25,2022-10-28 15:30:00+00:00,14436.5,force_close,-7.75,-15.5,14444.25,14449.25,5,TREND
2022-10-31,MNQZ2,buy,2022-10-31 13:46:00+00:00,14449.25,2022-10-31 13:50:00+00:00,14409.25,stop,-40.0,-80.0,14444.25,14449.25,5,FADE
2022-11-01,MNQZ2,sell,2022-11-01 13:51:00+00:00,14498.0,2022-11-01 14:00:00+00:00,14458.0,target,40.0,80.0,14495.75,14498.0,3,TREND
2022-11-01,MNQZ2,sell,2022-11-01 14:01:00+00:00,14449.25,2022-11-01 14:07:00+00:00,14409.25,target,40.0,80.0,14444.25,14449.25,5,TREND
2022-11-01,MNQZ2,sell,2022-11-01 14:58:00+00:00,14330.0,2022-11-01 15:12:00+00:00,14370.0,stop,-40.0,-80.0,14325.75,14330.0,3,TREND
2022-11-02,MNQZ2,buy,2022-11-02 14:15:00+00:00,14249.25,2022-11-02 15:27:00+00:00,14209.25,stop,-40.0,-80.0,14245.25,14249.25,4,FADE
2022-11-10,MNQZ2,buy,2022-11-10 15:00:00+00:00,14444.25,2022-11-10 15:14:00+00:00,14404.25,stop,-40.0,-80.0,14444.25,14449.25,5,TREND
2022-11-11,MNQZ2,buy,2022-11-11 14:50:00+00:00,14663.0,2022-11-11 14:55:00+00:00,14623.0,stop,-40.0,-80.0,14663.0,14665.5,3,TREND
2022-11-15,MNQZ2,buy,2022-11-15 14:46:00+00:00,14989.0,2022-11-15 14:49:00+00:00,14949.0,stop,-40.0,-80.0,14986.5,14989.0,3,FADE
2022-11-17,MNQZ2,buy,2022-11-17 15:00:00+00:00,14557.75,2022-11-17 15:07:00+00:00,14597.75,target,40.0,80.0,14548.75,14557.75,6,FADE
2022-11-18,MNQZ2,sell,2022-11-18 15:07:00+00:00,14665.5,2022-11-18 15:22:00+00:00,14705.5,stop,-40.0,-80.0,14663.0,14665.5,3,TREND
2022-11-21,MNQZ2,sell,2022-11-21 14:46:00+00:00,14663.0,2022-11-21 15:03:00+00:00,14623.0,target,40.0,80.0,14663.0,14665.5,3,FADE
2022-11-22,MNQZ2,buy,2022-11-22 15:15:00+00:00,14602.25,2022-11-22 16:30:00+00:00,14625.75,force_close,23.5,47.0,14602.25,14608.25,4,TREND
2022-11-23,MNQZ2,buy,2022-11-23 14:46:00+00:00,14782.5,2022-11-23 14:51:00+00:00,14822.5,target,40.0,80.0,14782.5,14785.5,3,TREND
2022-11-25,MNQZ2,sell,2022-11-25 14:57:00+00:00,14782.5,2022-11-25 16:30:00+00:00,14773.25,force_close,9.25,18.5,14782.5,14785.5,3,FADE
2022-11-28,MNQZ2,sell,2022-11-28 15:26:00+00:00,14665.5,2022-11-28 16:30:00+00:00,14677.25,force_close,-11.75,-23.5,14663.0,14665.5,3,TREND
2022-11-29,MNQZ2,sell,2022-11-29 16:09:00+00:00,14498.0,2022-11-29 16:19:00+00:00,14458.0,target,40.0,80.0,14495.75,14498.0,3,TREND
2022-11-29,MNQZ2,sell,2022-11-29 16:20:00+00:00,14449.25,2022-11-29 16:30:00+00:00,14472.75,force_close,-23.5,-47.0,14444.25,14449.25,5,TREND
2022-11-30,MNQZ2,buy,2022-11-30 16:04:00+00:00,14498.0,2022-11-30 16:11:00+00:00,14538.0,target,40.0,80.0,14495.75,14498.0,3,FADE
2022-12-01,MNQZ2,sell,2022-12-01 15:13:00+00:00,14989.0,2022-12-01 15:18:00+00:00,14949.0,target,40.0,80.0,14986.5,14989.0,3,TREND
2022-12-02,MNQZ2,buy,2022-12-02 14:54:00+00:00,14827.5,2022-12-02 14:56:00+00:00,14867.5,target,40.0,80.0,14826.0,14827.5,3,FADE
2022-12-06,MNQZ2,sell,2022-12-06 14:46:00+00:00,14705.75,2022-12-06 14:56:00+00:00,14665.75,target,40.0,80.0,14702.25,14705.75,3,TREND
2022-12-06,MNQZ2,sell,2022-12-06 14:57:00+00:00,14665.5,2022-12-06 15:06:00+00:00,14625.5,target,40.0,80.0,14663.0,14665.5,3,TREND
2022-12-06,MNQZ2,sell,2022-12-06 15:07:00+00:00,14612.0,2022-12-06 16:30:00+00:00,14616.5,force_close,-4.5,-9.0,14602.25,14612.0,7,TREND
2022-12-07,MNQZ2,sell,2022-12-07 14:52:00+00:00,14449.25,2022-12-07 15:04:00+00:00,14489.25,stop,-40.0,-80.0,14444.25,14449.25,5,TREND
2022-12-07,MNQZ2,buy,2022-12-07 16:05:00+00:00,14562.25,2022-12-07 16:11:00+00:00,14522.25,stop,-40.0,-80.0,14562.25,14567.0,3,TREND
2022-12-08,MNQZ2,buy,2022-12-08 14:46:00+00:00,14495.75,2022-12-08 14:53:00+00:00,14535.75,target,40.0,80.0,14495.75,14498.0,3,TREND
2022-12-08,MNQZ2,buy,2022-12-08 14:54:00+00:00,14502.0,2022-12-08 14:54:00+00:00,14542.0,target,40.0,80.0,14502.0,14507.0,4,TREND
2022-12-08,MNQZ2,buy,2022-12-08 14:56:00+00:00,14548.75,2022-12-08 15:00:00+00:00,14588.75,target,40.0,80.0,14548.75,14557.75,7,TREND
2022-12-08,MNQZ2,buy,2022-12-08 15:01:00+00:00,14562.25,2022-12-08 15:05:00+00:00,14602.25,target,40.0,80.0,14562.25,14567.0,3,TREND
2022-12-08,MNQZ2,buy,2022-12-08 15:06:00+00:00,14602.25,2022-12-08 15:26:00+00:00,14642.25,target,40.0,80.0,14602.25,14612.0,7,TREND
2022-12-09,MNQZ2,buy,2022-12-09 14:47:00+00:00,14612.0,2022-12-09 14:55:00+00:00,14572.0,stop,-40.0,-80.0,14602.25,14612.0,7,FADE
2022-12-09,MNQZ2,buy,2022-12-09 15:00:00+00:00,14567.0,2022-12-09 15:00:00+00:00,14607.0,target,40.0,80.0,14562.25,14567.0,3,FADE
2022-12-12,MNQH3,sell,2022-12-12 14:46:00+00:00,14548.75,2022-12-12 14:50:00+00:00,14588.75,stop,-40.0,-80.0,14548.75,14557.75,7,FADE
2022-12-12,MNQH3,buy,2022-12-12 15:49:00+00:00,14527.5,2022-12-12 16:04:00+00:00,14567.5,target,40.0,80.0,14526.5,14527.5,3,FADE
2022-12-13,MNQH3,sell,2022-12-13 14:47:00+00:00,15149.0,2022-12-13 15:01:00+00:00,15109.0,target,40.0,80.0,15149.0,15151.25,3,FADE
2022-12-13,MNQH3,sell,2022-12-13 15:25:00+00:00,14989.0,2022-12-13 15:38:00+00:00,14949.0,target,40.0,80.0,14986.5,14989.0,3,TREND
2022-12-15,MNQH3,buy,2022-12-15 14:46:00+00:00,14498.0,2022-12-15 14:56:00+00:00,14458.0,stop,-40.0,-80.0,14495.75,14498.0,3,FADE
2022-12-21,MNQH3,buy,2022-12-21 16:10:00+00:00,14245.25,2022-12-21 16:23:00+00:00,14205.25,stop,-40.0,-80.0,14245.25,14254.5,6,TREND
2022-12-22,MNQH3,sell,2022-12-22 15:01:00+00:00,13952.25,2022-12-22 15:11:00+00:00,13912.25,target,40.0,80.0,13951.75,13952.25,3,TREND
2022-12-23,MNQH3,buy,2022-12-23 15:38:00+00:00,13951.75,2022-12-23 15:47:00+00:00,13911.75,stop,-40.0,-80.0,13951.75,13952.25,3,TREND
2023-01-10,MNQH3,sell,2023-01-10 15:12:00+00:00,14107.25,2023-01-10 15:16:00+00:00,14147.25,stop,-40.0,-80.0,14107.25,14110.75,3,FADE
2023-01-11,MNQH3,sell,2023-01-11 14:48:00+00:00,14226.75,2023-01-11 15:56:00+00:00,14186.75,target,40.0,80.0,14226.75,14228.75,3,FADE
2023-01-12,MNQH3,buy,2023-01-12 15:00:00+00:00,14245.25,2023-01-12 15:06:00+00:00,14285.25,target,40.0,80.0,14245.25,14254.5,6,TREND
2023-01-13,MNQH3,sell,2023-01-13 14:47:00+00:00,14322.0,2023-01-13 15:00:00+00:00,14362.0,stop,-40.0,-80.0,14322.0,14330.0,6,FADE
2023-01-17,MNQH3,sell,2023-01-17 14:48:00+00:00,14477.75,2023-01-17 15:02:00+00:00,14517.75,stop,-40.0,-80.0,14477.75,14479.5,3,FADE
2023-01-17,MNQH3,buy,2023-01-17 15:10:00+00:00,14548.75,2023-01-17 15:32:00+00:00,14508.75,stop,-40.0,-80.0,14548.75,14557.75,7,TREND
2023-01-18,MNQH3,sell,2023-01-18 14:46:00+00:00,14562.25,2023-01-18 15:00:00+00:00,14602.25,stop,-40.0,-80.0,14562.25,14567.0,3,FADE
2023-01-18,MNQH3,sell,2023-01-18 15:43:00+00:00,14507.0,2023-01-18 15:54:00+00:00,14467.0,target,40.0,80.0,14502.0,14507.0,4,TREND
2023-01-18,MNQH3,sell,2023-01-18 15:55:00+00:00,14479.5,2023-01-18 16:20:00+00:00,14439.5,target,40.0,80.0,14477.75,14479.5,3,TREND
2023-01-18,MNQH3,sell,2023-01-18 16:21:00+00:00,14449.25,2023-01-18 16:30:00+00:00,14432.25,force_close,17.0,34.0,14444.25,14449.25,5,TREND
2023-01-20,MNQH3,sell,2023-01-20 14:51:00+00:00,14322.0,2023-01-20 15:30:00+00:00,14362.0,stop,-40.0,-80.0,14322.0,14330.0,6,FADE
2023-01-23,MNQH3,buy,2023-01-23 14:50:00+00:00,14663.0,2023-01-23 15:22:00+00:00,14703.0,target,40.0,80.0,14663.0,14665.5,3,TREND
2023-01-23,MNQH3,buy,2023-01-23 15:23:00+00:00,14702.25,2023-01-23 15:48:00+00:00,14742.25,target,40.0,80.0,14702.25,14705.75,3,TREND
2023-01-23,MNQH3,buy,2023-01-23 16:07:00+00:00,14797.25,2023-01-23 16:30:00+00:00,14780.0,force_close,-17.25,-34.5,14797.25,14798.75,4,TREND
2023-01-24,MNQH3,sell,2023-01-24 14:47:00+00:00,14782.5,2023-01-24 15:00:00+00:00,14742.5,target,40.0,80.0,14782.5,14785.5,3,FADE
2023-01-24,MNQH3,sell,2023-01-24 15:15:00+00:00,14797.25,2023-01-24 15:19:00+00:00,14757.25,target,40.0,80.0,14797.25,14798.75,4,FADE
2023-01-25,MNQH3,buy,2023-01-25 15:37:00+00:00,14479.5,2023-01-25 15:46:00+00:00,14519.5,target,40.0,80.0,14477.75,14479.5,3,FADE
2023-01-25,MNQH3,buy,2023-01-25 16:19:00+00:00,14582.75,2023-01-25 16:30:00+00:00,14592.75,force_close,10.0,20.0,14582.75,14584.0,3,TREND
2023-01-26,MNQH3,sell,2023-01-26 14:46:00+00:00,14899.0,2023-01-26 14:50:00+00:00,14859.0,target,40.0,80.0,14899.0,14902.0,3,FADE
2023-01-26,MNQH3,sell,2023-01-26 15:57:00+00:00,14785.5,2023-01-26 16:15:00+00:00,14825.5,stop,-40.0,-80.0,14782.5,14785.5,3,TREND
2023-01-27,MNQH3,buy,2023-01-27 14:46:00+00:00,14972.75,2023-01-27 14:51:00+00:00,15012.75,target,40.0,80.0,14972.75,14978.75,3,TREND
2023-01-27,MNQH3,buy,2023-01-27 14:52:00+00:00,14986.5,2023-01-27 15:03:00+00:00,15026.5,target,40.0,80.0,14986.5,14989.0,3,TREND
2023-01-27,MNQH3,buy,2023-01-27 15:08:00+00:00,15045.5,2023-01-27 15:26:00+00:00,15005.5,stop,-40.0,-80.0,15045.5,15048.25,3,TREND
2023-01-30,MNQH3,sell,2023-01-30 15:40:00+00:00,14871.5,2023-01-30 16:11:00+00:00,14911.5,stop,-40.0,-80.0,14869.75,14871.5,3,TREND
2023-01-31,MNQH3,sell,2023-01-31 14:47:00+00:00,14899.0,2023-01-31 15:00:00+00:00,14859.0,target,40.0,80.0,14899.0,14902.0,3,FADE
2023-01-31,MNQH3,sell,2023-01-31 15:15:00+00:00,14906.5,2023-01-31 15:50:00+00:00,14946.5,stop,-40.0,-80.0,14906.5,14910.25,3,FADE
2023-02-01,MNQH3,sell,2023-02-01 14:46:00+00:00,14986.5,2023-02-01 16:00:00+00:00,14946.5,target,40.0,80.0,14986.5,14989.0,3,FADE
2023-02-01,MNQH3,sell,2023-02-01 16:01:00+00:00,14979.0,2023-02-01 16:30:00+00:00,14998.75,force_close,-19.75,-39.5,14970.0,14979.0,5,TREND
2023-02-02,MNQH3,buy,2023-02-02 14:59:00+00:00,15541.5,2023-02-02 15:17:00+00:00,15581.5,target,40.0,80.0,15539.5,15541.5,3,FADE
2023-02-03,MNQH3,sell,2023-02-03 14:46:00+00:00,15541.5,2023-02-03 14:46:00+00:00,15581.5,stop,-40.0,-80.0,15539.5,15541.5,3,TREND
2023-02-08,MNQH3,sell,2023-02-08 16:14:00+00:00,15435.5,2023-02-08 16:26:00+00:00,15395.5,target,40.0,80.0,15433.75,15435.5,3,TREND
2023-02-09,MNQH3,buy,2023-02-09 14:46:00+00:00,15539.5,2023-02-09 15:27:00+00:00,15499.5,stop,-40.0,-80.0,15539.5,15541.5,3,TREND
2023-02-10,MNQH3,buy,2023-02-10 15:00:00+00:00,15180.25,2023-02-10 15:10:00+00:00,15220.25,target,40.0,80.0,15177.5,15180.25,3,FADE
2023-02-10,MNQH3,sell,2023-02-10 15:17:00+00:00,15283.5,2023-02-10 15:26:00+00:00,15243.5,target,40.0,80.0,15283.5,15287.5,3,FADE
2023-02-13,MNQH3,sell,2023-02-13 14:46:00+00:00,15283.5,2023-02-13 14:58:00+00:00,15323.5,stop,-40.0,-80.0,15283.5,15287.5,3,FADE
2023-02-14,MNQH3,sell,2023-02-14 14:55:00+00:00,15433.75,2023-02-14 15:00:00+00:00,15473.75,stop,-40.0,-80.0,15433.75,15435.5,3,FADE
2023-02-14,MNQH3,buy,2023-02-14 15:12:00+00:00,15539.5,2023-02-14 15:19:00+00:00,15499.5,stop,-40.0,-80.0,15539.5,15541.5,3,TREND
2023-02-15,MNQH3,sell,2023-02-15 14:49:00+00:00,15489.5,2023-02-15 14:53:00+00:00,15449.5,target,40.0,80.0,15489.5,15491.5,3,FADE
2023-02-16,MNQH3,sell,2023-02-16 14:47:00+00:00,15433.75,2023-02-16 15:20:00+00:00,15473.75,stop,-40.0,-80.0,15433.75,15436.25,4,FADE
2023-02-16,MNQH3,sell,2023-02-16 15:26:00+00:00,15489.5,2023-02-16 15:49:00+00:00,15529.5,stop,-40.0,-80.0,15489.5,15491.5,3,FADE
2023-02-16,MNQH3,buy,2023-02-16 15:50:00+00:00,15501.75,2023-02-16 16:02:00+00:00,15541.75,target,40.0,80.0,15501.75,15506.5,3,TREND
2023-02-21,MNQH3,buy,2023-02-21 16:07:00+00:00,15048.25,2023-02-21 16:30:00+00:00,15029.75,force_close,-18.5,-37.0,15045.5,15048.25,3,FADE
2023-02-22,MNQH3,sell,2023-02-22 15:16:00+00:00,14910.25,2023-02-22 15:24:00+00:00,14950.25,stop,-40.0,-80.0,14906.5,14910.25,3,TREND
2023-02-23,MNQH3,sell,2023-02-23 15:51:00+00:00,14979.0,2023-02-23 16:30:00+00:00,14950.0,force_close,29.0,58.0,14970.0,14979.0,5,TREND
2023-02-24,MNQH3,buy,2023-02-24 15:50:00+00:00,14798.75,2023-02-24 16:27:00+00:00,14838.75,target,40.0,80.0,14797.25,14798.75,4,FADE
2023-02-27,MNQH3,sell,2023-02-27 14:46:00+00:00,14986.5,2023-02-27 15:03:00+00:00,15026.5,stop,-40.0,-80.0,14986.5,14989.0,3,FADE
2023-02-28,MNQH3,buy,2023-02-28 14:46:00+00:00,14967.5,2023-02-28 15:32:00+00:00,14927.5,stop,-40.0,-80.0,14967.5,14979.0,7,TREND
2023-03-01,MNQH3,sell,2023-03-01 14:46:00+00:00,14906.5,2023-03-01 14:49:00+00:00,14946.5,stop,-40.0,-80.0,14906.5,14911.5,5,FADE
2023-03-01,MNQH3,buy,2023-03-01 15:05:00+00:00,14872.5,2023-03-01 15:11:00+00:00,14832.5,stop,-40.0,-80.0,14869.75,14872.5,4,FADE
2023-03-03,MNQH3,buy,2023-03-03 14:52:00+00:00,15045.5,2023-03-03 15:06:00+00:00,15005.5,stop,-40.0,-80.0,15045.5,15048.25,3,TREND
2023-03-03,MNQH3,buy,2023-03-03 15:25:00+00:00,15081.5,2023-03-03 16:11:00+00:00,15041.5,stop,-40.0,-80.0,15081.5,15088.75,5,TREND
2023-03-06,MNQH3,buy,2023-03-06 14:47:00+00:00,15220.75,2023-03-06 15:08:00+00:00,15260.75,target,40.0,80.0,15218.5,15220.75,3,FADE
2023-03-07,MNQH3,sell,2023-03-07 14:46:00+00:00,15218.5,2023-03-07 15:00:00+00:00,15178.5,target,40.0,80.0,15218.5,15220.75,3,FADE
2023-03-07,MNQH3,sell,2023-03-07 15:07:00+00:00,15088.75,2023-03-07 15:23:00+00:00,15128.75,stop,-40.0,-80.0,15081.5,15088.75,5,TREND
2023-03-08,MNQH3,sell,2023-03-08 14:57:00+00:00,15045.5,2023-03-08 15:00:00+00:00,15005.5,target,40.0,80.0,15045.5,15048.25,3,FADE
2023-03-08,MNQH3,sell,2023-03-08 15:31:00+00:00,15081.5,2023-03-08 15:50:00+00:00,15041.5,target,40.0,80.0,15081.5,15088.75,6,FADE
2023-03-09,MNQH3,buy,2023-03-09 15:06:00+00:00,15218.5,2023-03-09 15:17:00+00:00,15178.5,stop,-40.0,-80.0,15218.5,15220.75,3,TREND
2023-03-10,MNQH3,sell,2023-03-10 14:46:00+00:00,14751.25,2023-03-10 14:58:00+00:00,14791.25,stop,-40.0,-80.0,14749.5,14751.25,3,TREND
2023-03-13,MNQM3,sell,2023-03-13 13:46:00+00:00,14602.25,2023-03-13 13:47:00+00:00,14642.25,stop,-40.0,-80.0,14602.25,14612.0,7,FADE
2023-03-13,MNQM3,sell,2023-03-13 15:00:00+00:00,14826.0,2023-03-13 15:02:00+00:00,14866.0,stop,-40.0,-80.0,14826.0,14827.5,3,FADE
2023-03-13,MNQM3,buy,2023-03-13 15:28:00+00:00,14909.75,2023-03-13 15:30:00+00:00,14912.0,force_close,2.25,4.5,14909.75,14911.5,3,TREND
2023-03-14,MNQM3,buy,2023-03-14 13:56:00+00:00,14979.5,2023-03-14 14:03:00+00:00,15019.5,target,40.0,80.0,14967.5,14979.5,8,FADE
2023-03-14,MNQM3,sell,2023-03-14 14:27:00+00:00,15045.5,2023-03-14 15:24:00+00:00,15085.5,stop,-40.0,-80.0,15045.5,15048.25,3,FADE
2023-03-15,MNQM3,sell,2023-03-15 13:46:00+00:00,14979.5,2023-03-15 14:01:00+00:00,14939.5,target,40.0,80.0,14967.5,14979.5,8,TREND
2023-03-15,MNQM3,buy,2023-03-15 14:19:00+00:00,14930.5,2023-03-15 14:20:00+00:00,14970.5,target,40.0,80.0,14927.75,14930.5,3,FADE
2023-03-15,MNQM3,buy,2023-03-15 14:49:00+00:00,14911.5,2023-03-15 14:54:00+00:00,14951.5,target,40.0,80.0,14909.75,14911.5,3,FADE
2023-03-16,MNQM3,buy,2023-03-16 13:47:00+00:00,15088.75,2023-03-16 13:53:00+00:00,15128.75,target,40.0,80.0,15081.5,15088.75,6,FADE
2023-03-16,MNQM3,buy,2023-03-16 14:47:00+00:00,15218.5,2023-03-16 14:53:00+00:00,15258.5,target,40.0,80.0,15218.5,15220.75,3,TREND
2023-03-16,MNQM3,buy,2023-03-16 14:54:00+00:00,15262.5,2023-03-16 15:08:00+00:00,15302.5,target,40.0,80.0,15262.5,15265.5,3,TREND
2023-03-21,MNQM3,sell,2023-03-21 13:46:00+00:00,15539.5,2023-03-21 14:01:00+00:00,15579.5,stop,-40.0,-80.0,15539.5,15541.5,3,FADE
2023-03-24,MNQM3,sell,2023-03-24 13:52:00+00:00,15539.5,2023-03-24 14:00:00+00:00,15579.5,stop,-40.0,-80.0,15539.5,15541.5,3,FADE
2023-03-28,MNQM3,sell,2023-03-28 13:57:00+00:00,15437.25,2023-03-28 14:17:00+00:00,15477.25,stop,-40.0,-80.0,15433.75,15437.25,4,TREND
2023-04-03,MNQM3,sell,2023-04-03 15:10:00+00:00,15913.5,2023-04-03 15:30:00+00:00,15931.25,force_close,-17.75,-35.5,15911.75,15913.5,3,TREND
2023-04-13,MNQM3,buy,2023-04-13 13:56:00+00:00,15824.25,2023-04-13 14:14:00+00:00,15864.25,target,40.0,80.0,15824.25,15826.75,3,TREND
2023-04-14,MNQM3,sell,2023-04-14 14:09:00+00:00,15928.75,2023-04-14 14:22:00+00:00,15888.75,target,40.0,80.0,15925.25,15928.75,4,TREND
2023-04-14,MNQM3,sell,2023-04-14 14:23:00+00:00,15913.5,2023-04-14 14:33:00+00:00,15873.5,target,40.0,80.0,15911.75,15913.5,3,TREND
2023-04-18,MNQM3,sell,2023-04-18 14:25:00+00:00,15928.75,2023-04-18 15:30:00+00:00,15932.25,force_close,-3.5,-7.0,15925.25,15928.75,4,TREND
2023-04-21,MNQM3,buy,2023-04-21 14:26:00+00:00,15824.25,2023-04-21 14:41:00+00:00,15784.25,stop,-40.0,-80.0,15824.25,15826.75,4,TREND
2023-04-24,MNQM3,buy,2023-04-24 13:46:00+00:00,15878.75,2023-04-24 14:01:00+00:00,15838.75,stop,-40.0,-80.0,15878.75,15880.25,3,TREND
2023-04-26,MNQM3,sell,2023-04-26 13:53:00+00:00,15703.0,2023-04-26 14:18:00+00:00,15663.0,target,40.0,80.0,15703.0,15704.5,3,FADE
2023-04-27,MNQM3,buy,2023-04-27 15:24:00+00:00,15878.75,2023-04-27 15:30:00+00:00,15882.5,force_close,3.75,7.5,15878.75,15880.25,3,TREND
2023-05-02,MNQM3,sell,2023-05-02 14:34:00+00:00,15928.75,2023-05-02 14:54:00+00:00,15888.75,target,40.0,80.0,15925.25,15928.75,4,TREND
2023-05-02,MNQM3,sell,2023-05-02 14:55:00+00:00,15913.5,2023-05-02 15:02:00+00:00,15873.5,target,40.0,80.0,15911.75,15913.5,3,TREND
2023-05-02,MNQM3,sell,2023-05-02 15:03:00+00:00,15880.25,2023-05-02 15:30:00+00:00,15880.0,force_close,0.25,0.5,15878.75,15880.25,3,TREND
2023-05-04,MNQM3,buy,2023-05-04 14:17:00+00:00,15762.5,2023-05-04 14:46:00+00:00,15802.5,target,40.0,80.0,15759.5,15762.5,4,FADE
2023-05-10,MNQM3,sell,2023-05-10 14:52:00+00:00,16062.5,2023-05-10 15:21:00+00:00,16102.5,stop,-40.0,-80.0,16056.5,16062.5,3,TREND
2023-05-22,MNQM3,buy,2023-05-22 13:48:00+00:00,16667.0,2023-05-22 14:08:00+00:00,16627.0,stop,-40.0,-80.0,16667.0,16670.0,3,TREND
2023-08-08,MNQU3,buy,2023-08-08 14:56:00+00:00,17805.75,2023-08-08 15:30:00+00:00,17828.0,force_close,22.25,44.5,17801.25,17805.75,3,FADE
2023-08-14,MNQU3,buy,2023-08-14 14:52:00+00:00,17801.25,2023-08-14 15:30:00+00:00,17789.0,force_close,-12.25,-24.5,17801.25,17805.75,3,TREND
2023-08-23,MNQU3,buy,2023-08-23 13:56:00+00:00,17655.25,2023-08-23 14:13:00+00:00,17695.25,target,40.0,80.0,17655.25,17659.75,3,TREND
2023-08-24,MNQU3,sell,2023-08-24 13:46:00+00:00,17782.0,2023-08-24 14:08:00+00:00,17742.0,target,40.0,80.0,17779.75,17782.0,3,TREND
2023-08-24,MNQU3,sell,2023-08-24 14:25:00+00:00,17659.75,2023-08-24 14:34:00+00:00,17619.75,target,40.0,80.0,17655.25,17659.75,3,TREND
2023-08-24,MNQU3,sell,2023-08-24 14:42:00+00:00,17620.5,2023-08-24 15:00:00+00:00,17580.5,target,40.0,80.0,17617.25,17620.5,3,TREND
2023-08-28,MNQU3,buy,2023-08-28 13:46:00+00:00,17620.5,2023-08-28 13:52:00+00:00,17580.5,stop,-40.0,-80.0,17617.25,17620.5,3,FADE
2023-08-28,MNQU3,sell,2023-08-28 14:24:00+00:00,17655.25,2023-08-28 14:40:00+00:00,17615.25,target,40.0,80.0,17655.25,17659.75,3,FADE
2023-08-29,MNQU3,buy,2023-08-29 14:01:00+00:00,17779.75,2023-08-29 14:15:00+00:00,17819.75,target,40.0,80.0,17779.75,17782.0,3,TREND
2023-08-29,MNQU3,buy,2023-08-29 14:16:00+00:00,17801.25,2023-08-29 14:17:00+00:00,17841.25,target,40.0,80.0,17801.25,17805.75,3,TREND
2023-09-01,MNQU3,sell,2023-09-01 14:11:00+00:00,18151.5,2023-09-01 14:33:00+00:00,18111.5,target,40.0,80.0,18151.5,18155.75,3,FADE
2023-09-05,MNQU3,buy,2023-09-05 13:58:00+00:00,18017.25,2023-09-05 14:11:00+00:00,18057.25,target,40.0,80.0,18015.25,18017.25,3,FADE
2023-09-06,MNQU3,buy,2023-09-06 14:00:00+00:00,18017.25,2023-09-06 14:05:00+00:00,17977.25,stop,-40.0,-80.0,18015.25,18017.25,3,FADE
2023-09-07,MNQU3,buy,2023-09-07 13:46:00+00:00,17782.0,2023-09-07 13:54:00+00:00,17742.0,stop,-40.0,-80.0,17779.75,17782.0,3,FADE
2023-09-12,MNQZ3,sell,2023-09-12 13:47:00+00:00,18015.25,2023-09-12 14:25:00+00:00,17975.25,target,40.0,80.0,18015.25,18019.5,5,FADE
2023-09-12,MNQZ3,sell,2023-09-12 14:30:00+00:00,17949.5,2023-09-12 15:09:00+00:00,17909.5,target,40.0,80.0,17945.5,17949.5,3,TREND
2023-09-13,MNQZ3,buy,2023-09-13 14:40:00+00:00,17934.25,2023-09-13 15:30:00+00:00,17964.75,force_close,30.5,61.0,17934.25,17936.5,3,TREND
2023-09-14,MNQZ3,buy,2023-09-14 14:44:00+00:00,18015.25,2023-09-14 15:07:00+00:00,18055.25,target,40.0,80.0,18015.25,18019.5,5,TREND
2023-09-15,MNQZ3,sell,2023-09-15 14:52:00+00:00,17810.5,2023-09-15 15:30:00+00:00,17803.0,force_close,7.5,15.0,17801.25,17810.5,5,TREND
2023-09-18,MNQZ3,sell,2023-09-18 13:49:00+00:00,17779.75,2023-09-18 14:38:00+00:00,17739.75,target,40.0,80.0,17779.75,17782.0,3,FADE
2023-09-19,MNQZ3,buy,2023-09-19 13:50:00+00:00,17697.5,2023-09-19 14:01:00+00:00,17657.5,stop,-40.0,-80.0,17694.25,17697.5,3,FADE
2023-09-19,MNQZ3,sell,2023-09-19 14:02:00+00:00,17659.75,2023-09-19 15:30:00+00:00,17653.5,force_close,6.25,12.5,17655.25,17659.75,3,TREND
2023-09-20,MNQZ3,sell,2023-09-20 13:46:00+00:00,17801.25,2023-09-20 14:05:00+00:00,17761.25,target,40.0,80.0,17801.25,17810.5,7,FADE
2023-10-02,MNQZ3,buy,2023-10-02 14:02:00+00:00,17347.0,2023-10-02 14:14:00+00:00,17307.0,stop,-40.0,-80.0,17347.0,17349.5,3,TREND
2023-10-03,MNQZ3,sell,2023-10-03 14:05:00+00:00,17222.25,2023-10-03 14:15:00+00:00,17182.25,target,40.0,80.0,17218.5,17222.25,3,TREND
2023-10-10,MNQZ3,sell,2023-10-10 13:58:00+00:00,17602.75,2023-10-10 14:03:00+00:00,17642.75,stop,-40.0,-80.0,17602.75,17606.5,3,FADE
2023-10-10,MNQZ3,buy,2023-10-10 14:38:00+00:00,17694.25,2023-10-10 15:30:00+00:00,17724.0,force_close,29.75,59.5,17694.25,17697.5,3,TREND
2023-10-11,MNQZ3,sell,2023-10-11 13:46:00+00:00,17715.75,2023-10-11 14:15:00+00:00,17675.75,target,40.0,80.0,17715.75,17717.75,3,FADE
2023-10-13,MNQZ3,buy,2023-10-13 13:46:00+00:00,17697.5,2023-10-13 14:14:00+00:00,17657.5,stop,-40.0,-80.0,17694.25,17697.5,4,FADE
2023-10-13,MNQZ3,sell,2023-10-13 14:15:00+00:00,17676.5,2023-10-13 14:30:00+00:00,17636.5,target,40.0,80.0,17675.0,17676.5,3,TREND
2023-10-13,MNQZ3,sell,2023-10-13 14:31:00+00:00,17659.75,2023-10-13 14:50:00+00:00,17619.75,target,40.0,80.0,17655.25,17659.75,3,TREND
2023-10-16,MNQZ3,sell,2023-10-16 14:00:00+00:00,17602.75,2023-10-16 14:18:00+00:00,17642.75,stop,-40.0,-80.0,17602.75,17606.5,3,FADE
2023-10-16,MNQZ3,buy,2023-10-16 14:30:00+00:00,17675.0,2023-10-16 15:30:00+00:00,17674.25,force_close,-0.75,-1.5,17675.0,17676.5,3,TREND
2023-10-17,MNQZ3,buy,2023-10-17 14:36:00+00:00,17602.75,2023-10-17 15:02:00+00:00,17562.75,stop,-40.0,-80.0,17602.75,17606.5,3,TREND
2023-10-20,MNQZ3,buy,2023-10-20 13:46:00+00:00,17222.25,2023-10-20 14:11:00+00:00,17182.25,stop,-40.0,-80.0,17218.5,17222.25,3,FADE
2023-10-24,MNQZ3,sell,2023-10-24 14:29:00+00:00,17218.5,2023-10-24 15:21:00+00:00,17178.5,target,40.0,80.0,17218.5,17222.25,3,FADE
2023-11-06,MNQZ3,sell,2023-11-06 14:46:00+00:00,17602.75,2023-11-06 15:13:00+00:00,17562.75,target,40.0,80.0,17602.75,17606.5,3,FADE
2023-11-07,MNQZ3,buy,2023-11-07 14:46:00+00:00,17620.5,2023-11-07 14:55:00+00:00,17660.5,target,40.0,80.0,17617.25,17620.5,3,FADE
2023-11-07,MNQZ3,buy,2023-11-07 15:28:00+00:00,17715.75,2023-11-07 15:51:00+00:00,17755.75,target,40.0,80.0,17715.75,17717.75,3,TREND
2023-11-07,MNQZ3,buy,2023-11-07 15:52:00+00:00,17742.75,2023-11-07 16:30:00+00:00,17757.25,force_close,14.5,29.0,17742.75,17747.5,3,TREND
2023-11-08,MNQZ3,sell,2023-11-08 14:52:00+00:00,17779.75,2023-11-08 15:02:00+00:00,17739.75,target,40.0,80.0,17779.75,17782.0,3,FADE
2023-11-09,MNQZ3,buy,2023-11-09 14:47:00+00:00,17747.5,2023-11-09 14:58:00+00:00,17787.5,target,40.0,80.0,17742.75,17747.5,4,FADE
2023-11-09,MNQZ3,buy,2023-11-09 15:07:00+00:00,17739.5,2023-11-09 16:05:00+00:00,17779.5,target,40.0,80.0,17738.25,17739.5,3,FADE
2023-11-10,MNQZ3,sell,2023-11-10 14:46:00+00:00,17747.5,2023-11-10 15:04:00+00:00,17707.5,target,40.0,80.0,17742.75,17747.5,4,TREND
2023-11-10,MNQZ3,sell,2023-11-10 15:05:00+00:00,17717.75,2023-11-10 16:00:00+00:00,17757.75,stop,-40.0,-80.0,17715.75,17717.75,3,TREND
2023-11-10,MNQZ3,buy,2023-11-10 16:09:00+00:00,17801.25,2023-11-10 16:30:00+00:00,17809.25,force_close,8.0,16.0,17801.25,17810.5,7,TREND
2023-11-13,MNQZ3,sell,2023-11-13 16:23:00+00:00,17934.25,2023-11-13 16:30:00+00:00,17940.5,force_close,-6.25,-12.5,17934.25,17936.5,3,FADE
2023-11-29,MNQZ3,sell,2023-11-29 15:23:00+00:00,18464.5,2023-11-29 15:57:00+00:00,18504.5,stop,-40.0,-80.0,18459.5,18464.5,3,TREND
2023-11-30,MNQZ3,sell,2023-11-30 14:46:00+00:00,18335.75,2023-11-30 15:02:00+00:00,18295.75,target,40.0,80.0,18332.5,18335.75,3,TREND
2023-11-30,MNQZ3,buy,2023-11-30 15:18:00+00:00,18371.0,2023-11-30 15:26:00+00:00,18331.0,stop,-40.0,-80.0,18371.0,18374.75,3,TREND
2023-12-01,MNQZ3,sell,2023-12-01 15:02:00+00:00,18332.5,2023-12-01 15:05:00+00:00,18292.5,target,40.0,80.0,18332.5,18335.75,3,FADE
2023-12-04,MNQZ3,buy,2023-12-04 14:50:00+00:00,18206.5,2023-12-04 15:22:00+00:00,18166.5,stop,-40.0,-80.0,18203.25,18206.5,4,FADE
2023-12-04,MNQZ3,sell,2023-12-04 15:28:00+00:00,18121.75,2023-12-04 16:30:00+00:00,18142.25,force_close,-20.5,-41.0,18119.75,18121.75,3,TREND
2023-12-05,MNQZ3,buy,2023-12-05 14:46:00+00:00,18206.5,2023-12-05 15:00:00+00:00,18246.5,target,40.0,80.0,18203.25,18206.5,4,FADE
2023-12-06,MNQZ3,buy,2023-12-06 14:50:00+00:00,18332.5,2023-12-06 15:01:00+00:00,18292.5,stop,-40.0,-80.0,18332.5,18335.75,3,TREND
2023-12-06,MNQZ3,sell,2023-12-06 15:02:00+00:00,18309.25,2023-12-06 15:24:00+00:00,18269.25,target,40.0,80.0,18306.5,18309.25,3,TREND
2023-12-08,MNQZ3,buy,2023-12-08 14:53:00+00:00,18355.5,2023-12-08 15:00:00+00:00,18395.5,target,40.0,80.0,18353.0,18355.5,3,FADE
2024-02-20,MNQH4,buy,2024-02-20 14:46:00+00:00,19745.0,2024-02-20 14:52:00+00:00,19705.0,stop,-40.0,-80.0,19745.0,19746.75,3,TREND
2024-03-05,MNQH4,sell,2024-03-05 14:46:00+00:00,20214.25,2024-03-05 15:08:00+00:00,20174.25,target,40.0,80.0,20211.0,20214.25,3,TREND
2024-03-12,MNQM4,buy,2024-03-12 14:00:00+00:00,20211.0,2024-03-12 14:23:00+00:00,20251.0,target,40.0,80.0,20211.0,20214.25,3,TREND
2024-03-18,MNQM4,buy,2024-03-18 13:57:00+00:00,20214.25,2024-03-18 14:10:00+00:00,20254.25,target,40.0,80.0,20211.0,20214.25,3,FADE
2024-04-01,MNQM4,sell,2024-04-01 14:39:00+00:00,20397.5,2024-04-01 15:15:00+00:00,20357.5,target,40.0,80.0,20393.0,20397.5,3,TREND
2024-04-03,MNQM4,sell,2024-04-03 14:00:00+00:00,20211.0,2024-04-03 14:02:00+00:00,20251.0,stop,-40.0,-80.0,20211.0,20214.25,3,FADE
2024-04-04,MNQM4,buy,2024-04-04 15:12:00+00:00,20397.5,2024-04-04 15:30:00+00:00,20414.75,force_close,17.25,34.5,20393.0,20397.5,3,FADE
2024-04-05,MNQM4,buy,2024-04-05 14:57:00+00:00,20211.0,2024-04-05 15:15:00+00:00,20171.0,stop,-40.0,-80.0,20211.0,20214.25,3,TREND
2024-04-11,MNQM4,sell,2024-04-11 13:46:00+00:00,20150.25,2024-04-11 14:15:00+00:00,20110.25,target,40.0,80.0,20150.25,20151.5,3,FADE
2024-04-11,MNQM4,sell,2024-04-11 15:16:00+00:00,20186.75,2024-04-11 15:30:00+00:00,20159.0,force_close,27.75,55.5,20186.75,20190.0,3,FADE
2024-04-12,MNQM4,sell,2024-04-12 13:54:00+00:00,20247.25,2024-04-12 14:03:00+00:00,20207.25,target,40.0,80.0,20247.25,20259.25,8,FADE
2024-04-15,MNQM4,buy,2024-04-15 13:46:00+00:00,20214.25,2024-04-15 14:08:00+00:00,20174.25,stop,-40.0,-80.0,20211.0,20214.25,3,FADE
2024-04-16,MNQM4,buy,2024-04-16 13:46:00+00:00,19747.5,2024-04-16 13:51:00+00:00,19787.5,target,40.0,80.0,19745.0,19747.5,4,FADE
2024-04-17,MNQM4,sell,2024-04-17 14:11:00+00:00,19747.5,2024-04-17 14:52:00+00:00,19707.5,target,40.0,80.0,19745.0,19747.5,4,TREND
2024-04-26,MNQM4,sell,2024-04-26 14:12:00+00:00,19745.0,2024-04-26 14:30:00+00:00,19705.0,target,40.0,80.0,19745.0,19747.5,4,FADE
2024-04-29,MNQM4,sell,2024-04-29 13:53:00+00:00,19747.5,2024-04-29 14:00:00+00:00,19787.5,stop,-40.0,-80.0,19744.25,19747.5,5,TREND
2024-05-08,MNQM4,buy,2024-05-08 13:48:00+00:00,20061.75,2024-05-08 14:22:00+00:00,20101.75,target,40.0,80.0,20061.75,20067.0,4,TREND
2024-05-08,MNQM4,buy,2024-05-08 14:23:00+00:00,20106.75,2024-05-08 14:48:00+00:00,20146.75,target,40.0,80.0,20106.75,20109.75,3,TREND
2024-05-08,MNQM4,buy,2024-05-08 14:49:00+00:00,20148.75,2024-05-08 15:11:00+00:00,20108.75,stop,-40.0,-80.0,20148.75,20151.5,4,TREND
2024-05-09,MNQM4,sell,2024-05-09 13:46:00+00:00,20039.0,2024-05-09 14:01:00+00:00,20079.0,stop,-40.0,-80.0,20035.25,20039.0,4,TREND
2024-05-10,MNQM4,buy,2024-05-10 13:48:00+00:00,20247.25,2024-05-10 14:01:00+00:00,20207.25,stop,-40.0,-80.0,20247.25,20259.25,9,TREND
2024-05-10,MNQM4,sell,2024-05-10 14:02:00+00:00,20214.25,2024-05-10 14:15:00+00:00,20174.25,target,40.0,80.0,20211.0,20214.25,3,TREND
2024-05-10,MNQM4,sell,2024-05-10 14:16:00+00:00,20190.0,2024-05-10 14:21:00+00:00,20150.0,target,40.0,80.0,20186.75,20190.0,3,TREND
2024-05-10,MNQM4,sell,2024-05-10 14:28:00+00:00,20151.5,2024-05-10 14:54:00+00:00,20111.5,target,40.0,80.0,20148.75,20151.5,4,TREND
2024-05-10,MNQM4,sell,2024-05-10 14:55:00+00:00,20109.75,2024-05-10 15:20:00+00:00,20149.75,stop,-40.0,-80.0,20106.75,20109.75,3,TREND
2024-05-13,MNQM4,buy,2024-05-13 13:50:00+00:00,20186.75,2024-05-13 15:30:00+00:00,20192.0,force_close,5.25,10.5,20186.75,20190.0,3,TREND
2024-05-14,MNQM4,buy,2024-05-14 13:57:00+00:00,20214.25,2024-05-14 14:24:00+00:00,20254.25,target,40.0,80.0,20211.0,20214.25,3,FADE
2024-05-31,MNQM4,sell,2024-05-31 14:14:00+00:00,20397.5,2024-05-31 14:23:00+00:00,20357.5,target,40.0,80.0,20393.0,20397.5,3,TREND
2024-05-31,MNQM4,sell,2024-05-31 15:06:00+00:00,20259.25,2024-05-31 15:30:00+00:00,20249.25,force_close,10.0,20.0,20247.25,20259.25,10,TREND
2024-06-03,MNQM4,buy,2024-06-03 13:51:00+00:00,20612.5,2024-06-03 13:56:00+00:00,20572.5,stop,-40.0,-80.0,20609.0,20612.5,3,FADE
2024-07-23,MNQU4,buy,2024-07-23 14:02:00+00:00,21631.25,2024-07-23 14:07:00+00:00,21671.25,target,40.0,80.0,21625.5,21631.25,5,FADE
2024-07-25,MNQU4,sell,2024-07-25 14:08:00+00:00,20612.5,2024-07-25 14:09:00+00:00,20572.5,target,40.0,80.0,20609.0,20612.5,3,TREND
2024-07-29,MNQU4,buy,2024-07-29 13:46:00+00:00,20994.75,2024-07-29 13:50:00+00:00,20954.75,stop,-40.0,-80.0,20994.75,21000.0,3,TREND
2024-08-01,MNQU4,sell,2024-08-01 14:48:00+00:00,21000.0,2024-08-01 14:53:00+00:00,21040.0,stop,-40.0,-80.0,20994.75,21000.0,3,TREND
2024-08-02,MNQU4,buy,2024-08-02 13:48:00+00:00,20259.25,2024-08-02 13:49:00+00:00,20299.25,target,40.0,80.0,20247.25,20259.25,10,FADE
2024-08-02,MNQU4,buy,2024-08-02 13:53:00+00:00,20232.5,2024-08-02 13:55:00+00:00,20272.5,target,40.0,80.0,20229.75,20232.5,3,FADE
2024-08-02,MNQU4,buy,2024-08-02 13:56:00+00:00,20214.25,2024-08-02 13:58:00+00:00,20254.25,target,40.0,80.0,20211.0,20214.25,3,FADE
2024-08-02,MNQU4,buy,2024-08-02 14:04:00+00:00,20196.0,2024-08-02 14:05:00+00:00,20156.0,stop,-40.0,-80.0,20193.25,20196.0,3,FADE
2024-08-06,MNQU4,sell,2024-08-06 13:52:00+00:00,19744.25,2024-08-06 13:52:00+00:00,19704.25,target,40.0,80.0,19744.25,19747.5,5,FADE
2024-08-06,MNQU4,sell,2024-08-06 14:02:00+00:00,19825.25,2024-08-06 14:02:00+00:00,19785.25,target,40.0,80.0,19825.25,19825.75,3,FADE
2024-08-08,MNQU4,sell,2024-08-08 13:46:00+00:00,19797.5,2024-08-08 13:47:00+00:00,19757.5,target,40.0,80.0,19797.5,19800.5,3,FADE
2024-08-08,MNQU4,sell,2024-08-08 13:54:00+00:00,19825.25,2024-08-08 13:59:00+00:00,19865.25,stop,-40.0,-80.0,19825.25,19825.75,3,FADE
2024-08-08,MNQU4,buy,2024-08-08 14:27:00+00:00,20012.75,2024-08-08 14:38:00+00:00,20052.75,target,40.0,80.0,20012.75,20015.0,3,TREND
2024-08-08,MNQU4,buy,2024-08-08 14:39:00+00:00,20035.25,2024-08-08 14:49:00+00:00,20075.25,target,40.0,80.0,20035.25,20039.0,4,TREND
2024-08-08,MNQU4,buy,2024-08-08 14:50:00+00:00,20061.75,2024-08-08 15:10:00+00:00,20021.75,stop,-40.0,-80.0,20061.75,20067.0,4,TREND
2024-08-09,MNQU4,sell,2024-08-09 13:46:00+00:00,20106.75,2024-08-09 13:55:00+00:00,20146.75,stop,-40.0,-80.0,20106.75,20109.75,3,FADE
2024-08-09,MNQU4,buy,2024-08-09 13:56:00+00:00,20098.25,2024-08-09 14:00:00+00:00,20058.25,stop,-40.0,-80.0,20094.75,20098.25,3,FADE
2024-08-09,MNQU4,buy,2024-08-09 14:01:00+00:00,20067.0,2024-08-09 14:01:00+00:00,20107.0,target,40.0,80.0,20061.75,20067.0,4,FADE
2024-08-09,MNQU4,sell,2024-08-09 14:06:00+00:00,20148.75,2024-08-09 14:12:00+00:00,20188.75,stop,-40.0,-80.0,20148.75,20151.5,4,FADE
2024-08-12,MNQU4,sell,2024-08-12 13:46:00+00:00,20214.25,2024-08-12 14:06:00+00:00,20254.25,stop,-40.0,-80.0,20209.25,20214.25,4,TREND
2024-08-12,MNQU4,sell,2024-08-12 14:07:00+00:00,20247.25,2024-08-12 14:09:00+00:00,20287.25,stop,-40.0,-80.0,20247.25,20259.25,10,FADE
2024-08-12,MNQU4,buy,2024-08-12 14:40:00+00:00,20393.0,2024-08-12 15:22:00+00:00,20353.0,stop,-40.0,-80.0,20393.0,20397.5,3,TREND
2024-08-22,MNQU4,buy,2024-08-22 13:46:00+00:00,21631.25,2024-08-22 14:06:00+00:00,21591.25,stop,-40.0,-80.0,21625.5,21631.25,5,FADE
2024-08-28,MNQU4,sell,2024-08-28 15:15:00+00:00,21000.0,2024-08-28 15:29:00+00:00,21040.0,stop,-40.0,-80.0,20994.75,21000.0,3,TREND
2024-09-03,MNQU4,sell,2024-09-03 13:54:00+00:00,21000.0,2024-09-03 14:08:00+00:00,20960.0,target,40.0,80.0,20994.75,21000.0,3,TREND
2024-09-03,MNQU4,sell,2024-09-03 14:52:00+00:00,20827.0,2024-09-03 15:07:00+00:00,20867.0,stop,-40.0,-80.0,20823.75,20827.0,3,TREND
2024-09-05,MNQU4,sell,2024-09-05 15:00:00+00:00,20612.5,2024-09-05 15:01:00+00:00,20572.5,target,40.0,80.0,20609.0,20612.5,3,TREND
2024-09-06,MNQU4,sell,2024-09-06 14:35:00+00:00,20259.25,2024-09-06 14:42:00+00:00,20219.25,target,40.0,80.0,20247.25,20259.25,10,TREND
2024-09-06,MNQU4,sell,2024-09-06 14:43:00+00:00,20214.25,2024-09-06 14:52:00+00:00,20174.25,target,40.0,80.0,20209.25,20214.25,4,TREND
2024-09-06,MNQU4,sell,2024-09-06 14:53:00+00:00,20196.0,2024-09-06 15:00:00+00:00,20236.0,stop,-40.0,-80.0,20186.75,20196.0,7,TREND
2024-09-06,MNQU4,sell,2024-09-06 15:03:00+00:00,20232.5,2024-09-06 15:08:00+00:00,20192.5,target,40.0,80.0,20229.75,20232.5,3,TREND
2024-09-06,MNQU4,buy,2024-09-06 15:17:00+00:00,20151.5,2024-09-06 15:30:00+00:00,20157.0,force_close,5.5,11.0,20148.75,20151.5,4,FADE
2024-09-09,MNQU4,sell,2024-09-09 13:50:00+00:00,20322.25,2024-09-09 14:10:00+00:00,20362.25,stop,-40.0,-80.0,20322.25,20327.5,4,FADE
2024-09-09,MNQU4,sell,2024-09-09 14:33:00+00:00,20232.5,2024-09-09 14:48:00+00:00,20192.5,target,40.0,80.0,20229.75,20232.5,3,TREND
2024-09-09,MNQU4,sell,2024-09-09 14:49:00+00:00,20214.25,2024-09-09 14:59:00+00:00,20174.25,target,40.0,80.0,20209.25,20214.25,4,TREND
2024-09-09,MNQU4,sell,2024-09-09 15:00:00+00:00,20181.0,2024-09-09 15:29:00+00:00,20221.0,stop,-40.0,-80.0,20177.75,20181.0,4,TREND
2024-09-10,MNQU4,buy,2024-09-10 13:46:00+00:00,20397.5,2024-09-10 13:55:00+00:00,20437.5,target,40.0,80.0,20393.0,20397.5,3,FADE
2024-09-11,MNQU4,sell,2024-09-11 13:46:00+00:00,20462.5,2024-09-11 14:00:00+00:00,20422.5,target,40.0,80.0,20460.0,20462.5,3,TREND
2024-09-11,MNQU4,sell,2024-09-11 14:13:00+00:00,20397.5,2024-09-11 14:14:00+00:00,20357.5,target,40.0,80.0,20393.0,20397.5,3,TREND
2024-09-11,MNQU4,sell,2024-09-11 14:15:00+00:00,20327.5,2024-09-11 14:30:00+00:00,20287.5,target,40.0,80.0,20322.25,20327.5,4,TREND
2024-09-11,MNQU4,sell,2024-09-11 14:34:00+00:00,20259.25,2024-09-11 14:46:00+00:00,20219.25,target,40.0,80.0,20247.25,20259.25,11,TREND
2024-09-11,MNQU4,sell,2024-09-11 14:47:00+00:00,20232.5,2024-09-11 15:05:00+00:00,20272.5,stop,-40.0,-80.0,20229.75,20232.5,3,TREND
2024-09-24,MNQZ4,sell,2024-09-24 14:02:00+00:00,21448.5,2024-09-24 14:03:00+00:00,21408.5,target,40.0,80.0,21444.25,21448.5,3,TREND
2024-09-26,MNQZ4,sell,2024-09-26 14:55:00+00:00,21631.25,2024-09-26 14:55:00+00:00,21671.25,stop,-40.0,-80.0,21622.0,21631.25,7,TREND
2024-09-30,MNQZ4,buy,2024-09-30 13:50:00+00:00,21676.75,2024-09-30 13:57:00+00:00,21636.75,stop,-40.0,-80.0,21676.75,21679.75,3,TREND
2024-09-30,MNQZ4,buy,2024-09-30 13:58:00+00:00,21631.25,2024-09-30 14:09:00+00:00,21591.25,stop,-40.0,-80.0,21622.0,21631.25,7,FADE
2024-10-01,MNQZ4,sell,2024-10-01 13:46:00+00:00,21490.0,2024-10-01 13:48:00+00:00,21450.0,target,40.0,80.0,21486.75,21490.0,3,TREND
2024-10-01,MNQZ4,sell,2024-10-01 13:50:00+00:00,21448.5,2024-10-01 13:55:00+00:00,21408.5,target,40.0,80.0,21444.25,21448.5,3,TREND
2024-10-02,MNQZ4,sell,2024-10-02 14:40:00+00:00,21444.25,2024-10-02 14:54:00+00:00,21404.25,target,40.0,80.0,21444.25,21448.5,3,FADE
2024-10-03,MNQZ4,buy,2024-10-03 14:02:00+00:00,21486.75,2024-10-03 14:06:00+00:00,21526.75,target,40.0,80.0,21486.75,21490.0,3,TREND
2024-10-04,MNQZ4,sell,2024-10-04 13:59:00+00:00,21490.0,2024-10-04 14:03:00+00:00,21530.0,stop,-40.0,-80.0,21486.75,21490.0,3,TREND
2024-10-04,MNQZ4,sell,2024-10-04 14:09:00+00:00,21448.5,2024-10-04 14:15:00+00:00,21488.5,stop,-40.0,-80.0,21444.25,21448.5,3,TREND
2024-10-08,MNQZ4,buy,2024-10-08 13:46:00+00:00,21490.0,2024-10-08 13:52:00+00:00,21530.0,target,40.0,80.0,21486.25,21490.0,4,FADE
2024-10-08,MNQZ4,sell,2024-10-08 13:53:00+00:00,21530.5,2024-10-08 13:56:00+00:00,21570.5,stop,-40.0,-80.0,21530.5,21534.25,4,FADE
2024-10-08,MNQZ4,sell,2024-10-08 14:34:00+00:00,21622.0,2024-10-08 14:42:00+00:00,21662.0,stop,-40.0,-80.0,21622.0,21631.25,7,FADE
2024-10-08,MNQZ4,buy,2024-10-08 14:46:00+00:00,21676.75,2024-10-08 15:15:00+00:00,21636.75,stop,-40.0,-80.0,21676.75,21679.75,3,TREND
2024-10-16,MNQZ4,sell,2024-10-16 13:46:00+00:00,21658.5,2024-10-16 14:09:00+00:00,21698.5,stop,-40.0,-80.0,21655.0,21658.5,3,TREND
2024-10-16,MNQZ4,buy,2024-10-16 14:10:00+00:00,21676.75,2024-10-16 14:13:00+00:00,21716.75,target,40.0,80.0,21676.75,21679.75,3,TREND
2024-10-24,MNQZ4,buy,2024-10-24 13:46:00+00:00,21730.0,2024-10-24 14:01:00+00:00,21770.0,target,40.0,80.0,21727.0,21730.0,3,FADE
2024-10-31,MNQZ4,sell,2024-10-31 13:46:00+00:00,21658.5,2024-10-31 13:49:00+00:00,21618.5,target,40.0,80.0,21655.0,21658.5,3,TREND
2024-10-31,MNQZ4,sell,2024-10-31 13:50:00+00:00,21631.25,2024-10-31 13:50:00+00:00,21591.25,target,40.0,80.0,21622.0,21631.25,7,TREND
2024-10-31,MNQZ4,sell,2024-10-31 14:51:00+00:00,21490.0,2024-10-31 15:07:00+00:00,21530.0,stop,-40.0,-80.0,21486.25,21490.0,4,TREND
2024-11-01,MNQZ4,buy,2024-11-01 14:18:00+00:00,21655.0,2024-11-01 14:43:00+00:00,21615.0,stop,-40.0,-80.0,21655.0,21658.5,3,TREND
2024-11-04,MNQZ4,buy,2024-11-04 14:46:00+00:00,21530.5,2024-11-04 15:07:00+00:00,21570.5,target,40.0,80.0,21530.5,21534.25,4,TREND
2024-11-04,MNQZ4,sell,2024-11-04 15:49:00+00:00,21622.0,2024-11-04 16:30:00+00:00,21594.75,force_close,27.25,54.5,21622.0,21631.25,7,FADE
2024-11-05,MNQZ4,sell,2024-11-05 14:46:00+00:00,21631.25,2024-11-05 14:50:00+00:00,21671.25,stop,-40.0,-80.0,21622.0,21631.25,7,TREND
2024-11-05,MNQZ4,buy,2024-11-05 14:51:00+00:00,21676.75,2024-11-05 15:00:00+00:00,21716.75,target,40.0,80.0,21676.75,21679.75,3,TREND
2024-11-05,MNQZ4,buy,2024-11-05 15:01:00+00:00,21727.0,2024-11-05 15:11:00+00:00,21687.0,stop,-40.0,-80.0,21727.0,21730.0,3,TREND
2024-11-18,MNQZ4,buy,2024-11-18 14:46:00+00:00,21937.0,2024-11-18 15:02:00+00:00,21977.0,target,40.0,80.0,21933.5,21937.0,3,FADE
2024-11-19,MNQZ4,sell,2024-11-19 14:50:00+00:00,21937.0,2024-11-19 14:50:00+00:00,21977.0,stop,-40.0,-80.0,21933.5,21937.0,3,TREND
2024-11-20,MNQZ4,sell,2024-11-20 15:10:00+00:00,21937.0,2024-11-20 15:20:00+00:00,21897.0,target,40.0,80.0,21933.5,21937.0,3,TREND
2024-11-20,MNQZ4,sell,2024-11-20 15:21:00+00:00,21906.75,2024-11-20 15:26:00+00:00,21946.75,stop,-40.0,-80.0,21904.25,21906.75,3,TREND
2024-11-26,MNQZ4,buy,2024-11-26 14:56:00+00:00,22373.5,2024-11-26 15:00:00+00:00,22413.5,target,40.0,80.0,22371.25,22373.5,3,FADE
2024-11-29,MNQZ4,buy,2024-11-29 15:11:00+00:00,22371.25,2024-11-29 16:12:00+00:00,22411.25,target,40.0,80.0,22371.25,22373.5,3,TREND
2024-12-02,MNQZ4,buy,2024-12-02 14:48:00+00:00,22554.25,2024-12-02 15:00:00+00:00,22594.25,target,40.0,80.0,22554.25,22556.25,3,TREND
2025-01-02,MNQH5,buy,2025-01-02 14:46:00+00:00,22371.25,2025-01-02 14:49:00+00:00,22411.25,target,40.0,80.0,22371.25,22373.5,3,TREND
2025-01-02,MNQH5,buy,2025-01-02 14:54:00+00:00,22493.75,2025-01-02 15:00:00+00:00,22533.75,target,40.0,80.0,22493.75,22498.0,3,TREND
2025-01-02,MNQH5,buy,2025-01-02 15:05:00+00:00,22551.5,2025-01-02 15:17:00+00:00,22511.5,stop,-40.0,-80.0,22551.5,22556.25,4,TREND
2025-01-03,MNQH5,sell,2025-01-03 14:47:00+00:00,22498.0,2025-01-03 14:51:00+00:00,22458.0,target,40.0,80.0,22493.75,22498.0,3,TREND
2025-01-07,MNQH5,sell,2025-01-07 15:39:00+00:00,22556.25,2025-01-07 15:52:00+00:00,22596.25,stop,-40.0,-80.0,22551.5,22556.25,5,TREND
2025-01-08,MNQH5,sell,2025-01-08 14:49:00+00:00,22493.75,2025-01-08 14:52:00+00:00,22453.75,target,40.0,80.0,22493.75,22498.0,3,FADE
2025-01-08,MNQH5,buy,2025-01-08 14:53:00+00:00,22420.5,2025-01-08 14:56:00+00:00,22460.5,target,40.0,80.0,22419.75,22420.5,3,FADE
2025-01-08,MNQH5,sell,2025-01-08 15:02:00+00:00,22504.25,2025-01-08 15:08:00+00:00,22464.25,target,40.0,80.0,22504.25,22508.25,3,FADE
2025-01-10,MNQH5,buy,2025-01-10 14:46:00+00:00,22190.75,2025-01-10 14:46:00+00:00,22230.75,target,40.0,80.0,22188.5,22190.75,3,FADE
2025-01-13,MNQH5,sell,2025-01-13 14:53:00+00:00,21904.25,2025-01-13 14:54:00+00:00,21944.25,stop,-40.0,-80.0,21904.25,21906.75,4,FADE
2025-01-14,MNQH5,buy,2025-01-14 14:47:00+00:00,22190.75,2025-01-14 14:53:00+00:00,22150.75,stop,-40.0,-80.0,22188.5,22190.75,3,FADE
2025-01-15,MNQH5,sell,2025-01-15 14:46:00+00:00,22419.75,2025-01-15 14:48:00+00:00,22459.75,stop,-40.0,-80.0,22419.75,22420.5,3,FADE
2025-01-15,MNQH5,sell,2025-01-15 15:08:00+00:00,22504.25,2025-01-15 15:49:00+00:00,22464.25,target,40.0,80.0,22504.25,22508.25,3,FADE
2025-01-17,MNQH5,buy,2025-01-17 14:59:00+00:00,22623.0,2025-01-17 15:01:00+00:00,22663.0,target,40.0,80.0,22618.75,22623.0,3,FADE
2025-01-23,MNQH5,buy,2025-01-23 15:06:00+00:00,22989.75,2025-01-23 15:23:00+00:00,23029.75,target,40.0,80.0,22983.75,22989.75,3,FADE
2025-01-27,MNQH5,buy,2025-01-27 15:17:00+00:00,22373.5,2025-01-27 15:23:00+00:00,22413.5,target,40.0,80.0,22371.25,22373.5,3,FADE
2025-01-28,MNQH5,sell,2025-01-28 14:52:00+00:00,22371.25,2025-01-28 14:59:00+00:00,22411.25,stop,-40.0,-80.0,22371.25,22373.5,3,FADE
2025-01-28,MNQH5,buy,2025-01-28 15:13:00+00:00,22493.75,2025-01-28 15:23:00+00:00,22533.75,target,40.0,80.0,22493.75,22498.0,3,TREND
2025-01-28,MNQH5,buy,2025-01-28 15:24:00+00:00,22551.5,2025-01-28 15:27:00+00:00,22591.5,target,40.0,80.0,22551.5,22556.25,5,TREND
2025-01-28,MNQH5,buy,2025-01-28 15:28:00+00:00,22504.25,2025-01-28 15:28:00+00:00,22544.25,target,40.0,80.0,22504.25,22508.25,3,TREND
2025-01-29,MNQH5,sell,2025-01-29 14:49:00+00:00,22623.0,2025-01-29 14:53:00+00:00,22663.0,stop,-40.0,-80.0,22618.75,22623.0,4,TREND
2025-01-30,MNQH5,sell,2025-01-30 16:02:00+00:00,22556.25,2025-01-30 16:03:00+00:00,22596.25,stop,-40.0,-80.0,22551.5,22556.25,5,TREND
2025-02-03,MNQH5,buy,2025-02-03 14:46:00+00:00,22373.5,2025-02-03 14:46:00+00:00,22333.5,stop,-40.0,-80.0,22371.25,22373.5,3,FADE
2025-02-03,MNQH5,buy,2025-02-03 14:53:00+00:00,22309.25,2025-02-03 14:56:00+00:00,22349.25,target,40.0,80.0,22305.0,22309.25,3,FADE
2025-02-03,MNQH5,buy,2025-02-03 15:00:00+00:00,22293.25,2025-02-03 15:00:00+00:00,22333.25,target,40.0,80.0,22290.5,22293.25,3,FADE
2025-02-03,MNQH5,buy,2025-02-03 15:14:00+00:00,22252.75,2025-02-03 15:21:00+00:00,22292.75,target,40.0,80.0,22247.5,22252.75,3,FADE
2025-02-03,MNQH5,buy,2025-02-03 15:34:00+00:00,22504.25,2025-02-03 15:38:00+00:00,22464.25,stop,-40.0,-80.0,22504.25,22508.25,3,TREND
2025-02-03,MNQH5,buy,2025-02-03 15:41:00+00:00,22551.5,2025-02-03 15:41:00+00:00,22511.5,stop,-40.0,-80.0,22551.5,22556.25,5,TREND
2025-02-04,MNQH5,sell,2025-02-04 14:46:00+00:00,22623.0,2025-02-04 14:50:00+00:00,22663.0,stop,-40.0,-80.0,22618.75,22623.0,4,TREND
2025-02-10,MNQH5,buy,2025-02-10 15:22:00+00:00,22983.75,2025-02-10 16:30:00+00:00,22976.25,force_close,-7.5,-15.0,22983.75,22995.75,6,TREND
2025-02-11,MNQH5,buy,2025-02-11 14:52:00+00:00,22917.75,2025-02-11 15:28:00+00:00,22957.75,target,40.0,80.0,22917.75,22923.75,4,TREND
2025-02-11,MNQH5,buy,2025-02-11 15:49:00+00:00,22983.75,2025-02-11 16:16:00+00:00,22943.75,stop,-40.0,-80.0,22983.75,22995.75,6,TREND
2025-02-12,MNQH5,buy,2025-02-12 14:51:00+00:00,22815.75,2025-02-12 15:00:00+00:00,22775.75,stop,-40.0,-80.0,22815.75,22821.0,3,TREND
2025-02-12,MNQH5,sell,2025-02-12 15:12:00+00:00,22710.25,2025-02-12 15:16:00+00:00,22750.25,stop,-40.0,-80.0,22708.5,22710.25,3,TREND
2025-02-13,MNQH5,buy,2025-02-13 14:47:00+00:00,22995.75,2025-02-13 14:56:00+00:00,23035.75,target,40.0,80.0,22983.75,22995.75,6,FADE
2025-02-18,MNQH5,sell,2025-02-18 14:46:00+00:00,23312.75,2025-02-18 15:01:00+00:00,23272.75,target,40.0,80.0,23311.75,23312.75,3,TREND
2025-02-19,MNQH5,sell,2025-02-19 14:46:00+00:00,23311.75,2025-02-19 15:02:00+00:00,23271.75,target,40.0,80.0,23311.75,23312.75,3,FADE
2025-02-24,MNQH5,buy,2025-02-24 14:49:00+00:00,22821.0,2025-02-24 14:52:00+00:00,22781.0,stop,-40.0,-80.0,22815.75,22821.0,3,FADE
2025-02-24,MNQH5,sell,2025-02-24 14:55:00+00:00,22710.25,2025-02-24 15:01:00+00:00,22670.25,target,40.0,80.0,22708.5,22710.25,3,TREND
2025-02-24,MNQH5,sell,2025-02-24 15:03:00+00:00,22623.0,2025-02-24 15:06:00+00:00,22583.0,target,40.0,80.0,22618.75,22623.0,4,TREND
2025-02-25,MNQH5,buy,2025-02-25 14:47:00+00:00,22431.75,2025-02-25 14:51:00+00:00,22391.75,stop,-40.0,-80.0,22428.25,22431.75,4,FADE
2025-02-25,MNQH5,sell,2025-02-25 15:19:00+00:00,22190.75,2025-02-25 15:20:00+00:00,22150.75,target,40.0,80.0,22188.5,22190.75,3,TREND
2025-02-26,MNQH5,sell,2025-02-26 14:52:00+00:00,22419.75,2025-02-26 15:16:00+00:00,22459.75,stop,-40.0,-80.0,22419.75,22420.5,3,FADE
2025-02-26,MNQH5,sell,2025-02-26 15:17:00+00:00,22428.25,2025-02-26 15:18:00+00:00,22468.25,stop,-40.0,-80.0,22428.25,22431.75,4,FADE
2025-02-26,MNQH5,sell,2025-02-26 16:01:00+00:00,22493.75,2025-02-26 16:30:00+00:00,22486.5,force_close,7.25,14.5,22493.75,22498.0,3,FADE
2025-02-27,MNQH5,sell,2025-02-27 14:48:00+00:00,22309.25,2025-02-27 14:51:00+00:00,22269.25,target,40.0,80.0,22305.0,22309.25,4,TREND
2025-02-27,MNQH5,sell,2025-02-27 14:52:00+00:00,22293.25,2025-02-27 14:53:00+00:00,22253.25,target,40.0,80.0,22290.5,22293.25,4,TREND
2025-02-27,MNQH5,sell,2025-02-27 14:54:00+00:00,22252.75,2025-02-27 14:54:00+00:00,22212.75,target,40.0,80.0,22247.5,22252.75,3,TREND
2025-02-27,MNQH5,sell,2025-02-27 14:55:00+00:00,22190.75,2025-02-27 14:56:00+00:00,22150.75,target,40.0,80.0,22188.5,22190.75,3,TREND
2025-02-28,MNQH5,buy,2025-02-28 14:55:00+00:00,21679.75,2025-02-28 14:55:00+00:00,21719.75,target,40.0,80.0,21676.75,21679.75,3,FADE
2025-03-03,MNQH5,sell,2025-03-03 15:00:00+00:00,21937.0,2025-03-03 15:00:00+00:00,21897.0,target,40.0,80.0,21933.5,21937.0,3,TREND
2025-03-04,MNQH5,buy,2025-03-04 14:46:00+00:00,21448.5,2025-03-04 14:46:00+00:00,21488.5,target,40.0,80.0,21444.25,21448.5,3,FADE
2025-03-04,MNQH5,sell,2025-03-04 14:47:00+00:00,21486.25,2025-03-04 14:48:00+00:00,21526.25,stop,-40.0,-80.0,21486.25,21490.0,4,FADE
2025-03-04,MNQH5,buy,2025-03-04 15:00:00+00:00,21311.25,2025-03-04 15:00:00+00:00,21351.25,target,40.0,80.0,21307.0,21311.25,3,FADE
2025-03-05,MNQH5,buy,2025-03-05 14:46:00+00:00,21534.25,2025-03-05 14:47:00+00:00,21494.25,stop,-40.0,-80.0,21530.5,21534.25,4,FADE
2025-03-05,MNQH5,buy,2025-03-05 14:54:00+00:00,21448.5,2025-03-05 14:54:00+00:00,21488.5,target,40.0,80.0,21444.25,21448.5,3,FADE
2025-03-06,MNQH5,sell,2025-03-06 14:50:00+00:00,21444.25,2025-03-06 14:50:00+00:00,21404.25,target,40.0,80.0,21444.25,21448.5,3,FADE
2025-03-06,MNQH5,sell,2025-03-06 15:04:00+00:00,21486.25,2025-03-06 15:07:00+00:00,21526.25,stop,-40.0,-80.0,21486.25,21490.0,4,FADE
2025-03-06,MNQH5,sell,2025-03-06 15:39:00+00:00,21622.0,2025-03-06 15:39:00+00:00,21582.0,target,40.0,80.0,21622.0,21631.25,7,FADE
2025-03-17,MNQH5,sell,2025-03-17 13:48:00+00:00,20908.5,2025-03-17 13:49:00+00:00,20868.5,target,40.0,80.0,20904.75,20908.5,3,TREND
2025-03-18,MNQM5,sell,2025-03-18 13:46:00+00:00,20622.0,2025-03-18 13:50:00+00:00,20662.0,stop,-40.0,-80.0,20617.75,20622.0,3,TREND
2025-03-21,MNQM5,sell,2025-03-21 13:46:00+00:00,20617.75,2025-03-21 13:46:00+00:00,20577.75,target,40.0,80.0,20617.75,20622.0,4,FADE
2025-03-24,MNQM5,sell,2025-03-24 13:46:00+00:00,21153.5,2025-03-24 13:46:00+00:00,21193.5,stop,-40.0,-80.0,21153.5,21157.0,3,FADE
2025-03-26,MNQM5,sell,2025-03-26 14:21:00+00:00,21157.0,2025-03-26 14:28:00+00:00,21197.0,stop,-40.0,-80.0,21153.5,21157.0,3,TREND
2025-03-28,MNQM5,sell,2025-03-28 14:13:00+00:00,20622.0,2025-03-28 14:25:00+00:00,20582.0,target,40.0,80.0,20617.75,20622.0,4,TREND
2025-05-05,MNQM5,sell,2025-05-05 13:48:00+00:00,20967.25,2025-05-05 13:52:00+00:00,20927.25,target,40.0,80.0,20967.25,20971.25,3,FADE
2025-05-09,MNQM5,sell,2025-05-09 13:46:00+00:00,21153.5,2025-05-09 14:20:00+00:00,21113.5,target,40.0,80.0,21153.5,21157.0,3,FADE
2025-05-09,MNQM5,sell,2025-05-09 14:39:00+00:00,20971.25,2025-05-09 14:42:00+00:00,21011.25,stop,-40.0,-80.0,20967.25,20971.25,3,TREND
2025-05-13,MNQM5,sell,2025-05-13 15:19:00+00:00,22188.5,2025-05-13 15:30:00+00:00,22192.0,force_close,-3.5,-7.0,22188.5,22190.75,3,FADE
2025-05-15,MNQM5,buy,2025-05-15 13:46:00+00:00,22190.75,2025-05-15 14:00:00+00:00,22230.75,target,40.0,80.0,22188.5,22190.75,4,FADE
2025-05-15,MNQM5,buy,2025-05-15 15:11:00+00:00,22290.5,2025-05-15 15:22:00+00:00,22330.5,target,40.0,80.0,22290.5,22293.25,4,TREND
2025-05-15,MNQM5,buy,2025-05-15 15:23:00+00:00,22305.0,2025-05-15 15:30:00+00:00,22320.0,force_close,15.0,30.0,22305.0,22309.25,4,TREND
2025-05-16,MNQM5,buy,2025-05-16 14:00:00+00:00,22309.25,2025-05-16 14:00:00+00:00,22349.25,target,40.0,80.0,22302.25,22309.25,5,FADE
2025-05-19,MNQM5,buy,2025-05-19 13:46:00+00:00,22248.5,2025-05-19 13:49:00+00:00,22288.5,target,40.0,80.0,22248.5,22253.0,3,TREND
2025-05-19,MNQM5,buy,2025-05-19 14:01:00+00:00,22290.5,2025-05-19 14:07:00+00:00,22330.5,target,40.0,80.0,22290.5,22293.25,4,TREND
2025-05-19,MNQM5,buy,2025-05-19 14:08:00+00:00,22302.25,2025-05-19 14:08:00+00:00,22342.25,target,40.0,80.0,22302.25,22309.25,5,TREND
2025-05-20,MNQM5,sell,2025-05-20 14:39:00+00:00,22353.25,2025-05-20 15:00:00+00:00,22313.25,target,40.0,80.0,22353.25,22356.5,3,FADE
2025-05-21,MNQM5,buy,2025-05-21 13:47:00+00:00,22290.5,2025-05-21 14:01:00+00:00,22330.5,target,40.0,80.0,22290.5,22293.25,4,TREND
2025-05-21,MNQM5,buy,2025-05-21 14:02:00+00:00,22302.25,2025-05-21 14:55:00+00:00,22342.25,target,40.0,80.0,22302.25,22309.25,6,TREND
2025-05-21,MNQM5,buy,2025-05-21 15:09:00+00:00,22428.25,2025-05-21 15:30:00+00:00,22432.5,force_close,4.25,8.5,22428.25,22431.75,4,TREND
2025-05-27,MNQM5,sell,2025-05-27 13:48:00+00:00,22188.5,2025-05-27 14:00:00+00:00,22228.5,stop,-40.0,-80.0,22188.5,22190.75,5,FADE
2025-05-27,MNQM5,buy,2025-05-27 14:20:00+00:00,22290.5,2025-05-27 15:30:00+00:00,22303.75,force_close,13.25,26.5,22290.5,22293.25,4,TREND
2025-05-28,MNQM5,buy,2025-05-28 13:46:00+00:00,22431.75,2025-05-28 13:50:00+00:00,22391.75,stop,-40.0,-80.0,22428.25,22431.75,4,FADE
2025-05-28,MNQM5,sell,2025-05-28 14:22:00+00:00,22356.5,2025-05-28 15:30:00+00:00,22371.5,force_close,-15.0,-30.0,22353.25,22356.5,3,TREND
2025-05-29,MNQM5,sell,2025-05-29 13:46:00+00:00,22431.75,2025-05-29 14:05:00+00:00,22391.75,target,40.0,80.0,22428.25,22431.75,4,TREND
2025-05-29,MNQM5,sell,2025-05-29 14:06:00+00:00,22356.5,2025-05-29 14:11:00+00:00,22316.5,target,40.0,80.0,22353.25,22356.5,3,TREND
2025-05-29,MNQM5,sell,2025-05-29 14:19:00+00:00,22309.25,2025-05-29 14:26:00+00:00,22349.25,stop,-40.0,-80.0,22302.25,22309.25,6,TREND
2025-05-30,MNQM5,sell,2025-05-30 13:46:00+00:00,22221.25,2025-05-30 13:50:00+00:00,22181.25,target,40.0,80.0,22221.25,22223.5,3,FADE
2025-06-02,MNQM5,sell,2025-06-02 13:46:00+00:00,22309.25,2025-06-02 13:50:00+00:00,22269.25,target,40.0,80.0,22302.25,22309.25,7,TREND
2025-06-02,MNQM5,sell,2025-06-02 13:53:00+00:00,22223.5,2025-06-02 14:00:00+00:00,22183.5,target,40.0,80.0,22221.25,22223.5,3,TREND
2025-06-04,MNQM5,buy,2025-06-04 14:00:00+00:00,22623.0,2025-06-04 14:07:00+00:00,22583.0,stop,-40.0,-80.0,22618.75,22623.0,4,FADE
2025-06-06,MNQM5,buy,2025-06-06 14:28:00+00:00,22710.25,2025-06-06 14:47:00+00:00,22750.25,target,40.0,80.0,22707.0,22710.25,4,FADE
2025-06-09,MNQM5,sell,2025-06-09 13:52:00+00:00,22726.25,2025-06-09 14:17:00+00:00,22766.25,stop,-40.0,-80.0,22726.25,22728.5,3,FADE
2025-06-09,MNQM5,buy,2025-06-09 14:32:00+00:00,22802.75,2025-06-09 14:45:00+00:00,22762.75,stop,-40.0,-80.0,22802.75,22805.0,3,TREND
2025-06-11,MNQM5,sell,2025-06-11 14:09:00+00:00,22917.75,2025-06-11 14:34:00+00:00,22957.75,stop,-40.0,-80.0,22917.75,22923.75,5,FADE
2025-06-12,MNQM5,sell,2025-06-12 14:07:00+00:00,22815.75,2025-06-12 14:07:00+00:00,22775.75,target,40.0,80.0,22815.75,22821.0,3,FADE
2025-06-13,MNQM5,buy,2025-06-13 13:51:00+00:00,22707.0,2025-06-13 13:52:00+00:00,22667.0,stop,-40.0,-80.0,22707.0,22710.25,4,TREND
2025-06-13,MNQM5,buy,2025-06-13 14:10:00+00:00,22623.0,2025-06-13 14:20:00+00:00,22583.0,stop,-40.0,-80.0,22618.75,22623.0,4,FADE
2025-06-16,MNQU5,sell,2025-06-16 13:49:00+00:00,22815.75,2025-06-16 13:49:00+00:00,22775.75,target,40.0,80.0,22815.75,22821.0,3,FADE
2025-06-17,MNQU5,sell,2025-06-17 13:52:00+00:00,22796.25,2025-06-17 15:14:00+00:00,22836.25,stop,-40.0,-80.0,22796.25,22805.0,7,FADE
2025-06-18,MNQU5,buy,2025-06-18 14:35:00+00:00,22796.25,2025-06-18 15:11:00+00:00,22756.25,stop,-40.0,-80.0,22796.25,22805.0,7,TREND
2025-06-19,MNQU5,sell,2025-06-19 13:46:00+00:00,22423.75,2025-06-19 13:48:00+00:00,22383.75,target,40.0,80.0,22417.75,22423.75,5,TREND
2025-06-19,MNQU5,sell,2025-06-19 13:49:00+00:00,22356.5,2025-06-19 13:55:00+00:00,22396.5,stop,-40.0,-80.0,22353.25,22356.5,3,TREND
2025-06-19,MNQU5,sell,2025-06-19 14:29:00+00:00,22428.25,2025-06-19 14:36:00+00:00,22388.25,target,40.0,80.0,22428.25,22431.75,4,FADE
2025-06-20,MNQU5,buy,2025-06-20 13:46:00+00:00,22805.0,2025-06-20 13:50:00+00:00,22765.0,stop,-40.0,-80.0,22796.25,22805.0,7,FADE
2025-06-20,MNQU5,sell,2025-06-20 14:24:00+00:00,22623.0,2025-06-20 14:38:00+00:00,22663.0,stop,-40.0,-80.0,22618.75,22623.0,4,TREND
2025-06-20,MNQU5,sell,2025-06-20 14:51:00+00:00,22509.25,2025-06-20 15:14:00+00:00,22549.25,stop,-40.0,-80.0,22505.5,22509.25,3,TREND
2025-06-23,MNQU5,sell,2025-06-23 13:53:00+00:00,22618.75,2025-06-23 14:02:00+00:00,22658.75,stop,-40.0,-80.0,22618.75,22623.0,4,FADE
2025-06-23,MNQU5,sell,2025-06-23 14:18:00+00:00,22707.0,2025-06-23 14:56:00+00:00,22667.0,target,40.0,80.0,22707.0,22710.25,4,FADE
2025-06-24,MNQU5,buy,2025-06-24 13:51:00+00:00,22995.75,2025-06-24 14:41:00+00:00,23035.75,target,40.0,80.0,22983.75,22995.75,6,FADE
2025-07-01,MNQU5,sell,2025-07-01 15:11:00+00:00,23312.75,2025-07-01 15:20:00+00:00,23352.75,stop,-40.0,-80.0,23308.75,23312.75,4,TREND
2025-07-16,MNQU5,sell,2025-07-16 13:50:00+00:00,23680.75,2025-07-16 14:30:00+00:00,23720.75,stop,-40.0,-80.0,23677.25,23680.75,3,TREND
2025-07-22,MNQU5,sell,2025-07-22 13:46:00+00:00,23960.5,2025-07-22 13:49:00+00:00,23920.5,target,40.0,80.0,23956.75,23960.5,3,TREND
2025-08-04,MNQU5,buy,2025-08-04 13:59:00+00:00,23956.75,2025-08-04 14:10:00+00:00,23916.75,stop,-40.0,-80.0,23956.75,23960.5,3,TREND
2025-08-05,MNQU5,sell,2025-08-05 14:31:00+00:00,23960.5,2025-08-05 14:42:00+00:00,23920.5,target,40.0,80.0,23956.75,23960.5,3,TREND
2025-08-06,MNQU5,sell,2025-08-06 14:02:00+00:00,23956.75,2025-08-06 14:16:00+00:00,23916.75,target,40.0,80.0,23956.75,23960.5,3,FADE
2025-08-20,MNQU5,sell,2025-08-20 13:50:00+00:00,23960.5,2025-08-20 13:51:00+00:00,23920.5,target,40.0,80.0,23956.75,23960.5,3,TREND
2025-08-20,MNQU5,sell,2025-08-20 14:16:00+00:00,23791.75,2025-08-20 14:20:00+00:00,23831.75,stop,-40.0,-80.0,23790.5,23791.75,3,TREND
2025-08-21,MNQU5,sell,2025-08-21 13:49:00+00:00,23956.75,2025-08-21 13:53:00+00:00,23916.75,target,40.0,80.0,23956.75,23960.5,3,FADE
2025-08-22,MNQU5,buy,2025-08-22 13:57:00+00:00,23960.5,2025-08-22 14:00:00+00:00,24000.5,target,40.0,80.0,23956.75,23960.5,3,FADE
2025-09-02,MNQU5,buy,2025-09-02 13:55:00+00:00,23956.75,2025-09-02 14:05:00+00:00,23916.75,stop,-40.0,-80.0,23956.75,23960.5,3,TREND
2025-10-22,MNQZ5,sell,2025-10-22 14:29:00+00:00,25576.5,2025-10-22 14:42:00+00:00,25536.5,target,40.0,80.0,25573.25,25576.5,3,TREND
2025-10-23,MNQZ5,buy,2025-10-23 13:46:00+00:00,25573.25,2025-10-23 13:50:00+00:00,25613.25,target,40.0,80.0,25573.25,25576.5,3,TREND
2025-11-07,MNQZ5,buy,2025-11-07 15:06:00+00:00,25380.0,2025-11-07 15:09:00+00:00,25420.0,target,40.0,80.0,25375.5,25380.0,3,FADE
2025-11-17,MNQZ5,buy,2025-11-17 15:04:00+00:00,25576.5,2025-11-17 15:06:00+00:00,25616.5,target,40.0,80.0,25571.0,25576.5,4,FADE
2025-11-19,MNQZ5,buy,2025-11-19 15:02:00+00:00,25375.5,2025-11-19 15:15:00+00:00,25415.5,target,40.0,80.0,25375.5,25380.0,3,TREND
2025-11-20,MNQZ5,sell,2025-11-20 16:19:00+00:00,25380.0,2025-11-20 16:20:00+00:00,25420.0,stop,-40.0,-80.0,25375.5,25380.0,3,TREND
2025-11-21,MNQZ5,sell,2025-11-21 14:52:00+00:00,24699.5,2025-11-21 14:52:00+00:00,24659.5,target,40.0,80.0,24699.5,24703.75,3,FADE
2025-11-21,MNQZ5,buy,2025-11-21 15:34:00+00:00,24473.0,2025-11-21 15:36:00+00:00,24433.0,stop,-40.0,-80.0,24469.5,24473.0,3,FADE
2025-11-25,MNQZ5,sell,2025-11-25 14:46:00+00:00,25184.0,2025-11-25 14:46:00+00:00,25144.0,target,40.0,80.0,25179.0,25184.0,3,TREND
2025-11-25,MNQZ5,sell,2025-11-25 15:44:00+00:00,25301.0,2025-11-25 15:49:00+00:00,25261.0,target,40.0,80.0,25301.0,25304.25,3,FADE
2025-12-08,MNQZ5,buy,2025-12-08 14:47:00+00:00,26241.5,2025-12-08 14:48:00+00:00,26201.5,stop,-40.0,-80.0,26237.25,26241.5,3,FADE
2025-12-10,MNQZ5,sell,2025-12-10 14:46:00+00:00,26120.0,2025-12-10 14:53:00+00:00,26080.0,target,40.0,80.0,26120.0,26122.75,3,FADE
2025-12-15,MNQZ5,sell,2025-12-15 14:46:00+00:00,25746.5,2025-12-15 14:52:00+00:00,25706.5,target,40.0,80.0,25743.5,25746.5,3,TREND
2025-12-15,MNQZ5,sell,2025-12-15 15:24:00+00:00,25576.5,2025-12-15 15:25:00+00:00,25536.5,target,40.0,80.0,25571.0,25576.5,4,TREND
2025-12-16,MNQH6,sell,2025-12-16 14:50:00+00:00,25571.0,2025-12-16 14:50:00+00:00,25531.0,target,40.0,80.0,25571.0,25576.5,4,FADE
2025-12-17,MNQH6,sell,2025-12-17 15:52:00+00:00,25304.25,2025-12-17 15:55:00+00:00,25264.25,target,40.0,80.0,25301.0,25304.25,3,TREND
2025-12-18,MNQH6,buy,2025-12-18 15:34:00+00:00,25571.0,2025-12-18 15:38:00+00:00,25611.0,target,40.0,80.0,25571.0,25576.5,4,TREND
2025-12-19,MNQH6,sell,2025-12-19 14:55:00+00:00,25746.5,2025-12-19 15:00:00+00:00,25786.5,stop,-40.0,-80.0,25743.5,25746.5,3,TREND
2025-12-26,MNQH6,buy,2025-12-26 14:50:00+00:00,26122.75,2025-12-26 15:00:00+00:00,26082.75,stop,-40.0,-80.0,26120.0,26122.75,3,FADE
2026-01-02,MNQH6,sell,2026-01-02 15:20:00+00:00,25746.5,2026-01-02 15:20:00+00:00,25786.5,stop,-40.0,-80.0,25743.5,25746.5,3,TREND
2026-01-02,MNQH6,sell,2026-01-02 15:59:00+00:00,25576.5,2026-01-02 16:05:00+00:00,25536.5,target,40.0,80.0,25570.0,25576.5,5,TREND
2026-01-05,MNQH6,sell,2026-01-05 15:28:00+00:00,25884.75,2026-01-05 16:30:00+00:00,25897.0,force_close,-12.25,-24.5,25884.75,25889.5,4,FADE
2026-01-06,MNQH6,buy,2026-01-06 14:51:00+00:00,25946.75,2026-01-06 15:01:00+00:00,25986.75,target,40.0,80.0,25946.75,25947.25,3,TREND
2026-01-07,MNQH6,buy,2026-01-07 14:46:00+00:00,26078.0,2026-01-07 15:00:00+00:00,26038.0,stop,-40.0,-80.0,26078.0,26080.0,3,TREND
2026-01-07,MNQH6,sell,2026-01-07 15:51:00+00:00,26120.0,2026-01-07 16:30:00+00:00,26109.25,force_close,10.75,21.5,26120.0,26122.75,3,FADE
2026-01-08,MNQH6,buy,2026-01-08 14:47:00+00:00,25884.75,2026-01-08 14:50:00+00:00,25844.75,stop,-40.0,-80.0,25884.75,25889.5,4,TREND
2026-01-09,MNQH6,sell,2026-01-09 14:47:00+00:00,25981.5,2026-01-09 14:48:00+00:00,25941.5,target,40.0,80.0,25981.5,25984.5,3,FADE
2026-01-09,MNQH6,sell,2026-01-09 15:22:00+00:00,26015.25,2026-01-09 15:27:00+00:00,26055.25,stop,-40.0,-80.0,26015.25,26019.5,3,FADE
2026-01-12,MNQH6,buy,2026-01-12 14:50:00+00:00,26105.5,2026-01-12 15:25:00+00:00,26145.5,target,40.0,80.0,26105.5,26109.25,3,TREND
2026-01-13,MNQH6,buy,2026-01-13 15:02:00+00:00,26146.25,2026-01-13 15:03:00+00:00,26106.25,stop,-40.0,-80.0,26144.25,26146.25,3,FADE
2026-01-13,MNQH6,sell,2026-01-13 15:24:00+00:00,26045.25,2026-01-13 15:36:00+00:00,26085.25,stop,-40.0,-80.0,26041.25,26045.25,3,TREND
2026-01-15,MNQH6,sell,2026-01-15 16:23:00+00:00,26144.25,2026-01-15 16:30:00+00:00,26118.5,force_close,25.75,51.5,26144.25,26146.25,3,FADE
2026-01-16,MNQH6,sell,2026-01-16 14:59:00+00:00,25947.25,2026-01-16 15:19:00+00:00,25907.25,target,40.0,80.0,25946.75,25947.25,3,TREND
2026-01-16,MNQH6,sell,2026-01-16 15:20:00+00:00,25889.5,2026-01-16 15:23:00+00:00,25929.5,stop,-40.0,-80.0,25884.75,25889.5,4,TREND
2026-01-21,MNQH6,buy,2026-01-21 15:16:00+00:00,25570.0,2026-01-21 15:31:00+00:00,25610.0,target,40.0,80.0,25570.0,25576.5,6,TREND
2026-01-22,MNQH6,sell,2026-01-22 16:21:00+00:00,25884.75,2026-01-22 16:30:00+00:00,25886.0,force_close,-1.25,-2.5,25884.75,25889.5,4,FADE
2026-01-23,MNQH6,buy,2026-01-23 15:22:00+00:00,25946.0,2026-01-23 15:34:00+00:00,25986.0,target,40.0,80.0,25946.0,25947.25,4,TREND
2026-01-23,MNQH6,buy,2026-01-23 15:35:00+00:00,25981.5,2026-01-23 15:49:00+00:00,26021.5,target,40.0,80.0,25981.5,25984.5,3,TREND
2026-01-23,MNQH6,buy,2026-01-23 15:50:00+00:00,26015.25,2026-01-23 16:03:00+00:00,26055.25,target,40.0,80.0,26015.25,26019.5,3,TREND
2026-01-23,MNQH6,buy,2026-01-23 16:04:00+00:00,26041.25,2026-01-23 16:28:00+00:00,26001.25,stop,-40.0,-80.0,26041.25,26045.25,3,TREND
2026-01-26,MNQH6,buy,2026-01-26 14:49:00+00:00,26019.5,2026-01-26 14:57:00+00:00,26059.5,target,40.0,80.0,26015.25,26019.5,3,FADE
2026-01-26,MNQH6,sell,2026-01-26 15:17:00+00:00,26078.0,2026-01-26 16:28:00+00:00,26118.0,stop,-40.0,-80.0,26078.0,26080.0,3,FADE
2026-01-29,MNQH6,sell,2026-01-29 14:46:00+00:00,26146.25,2026-01-29 14:47:00+00:00,26186.25,stop,-40.0,-80.0,26144.25,26146.25,3,TREND
2026-01-29,MNQH6,sell,2026-01-29 14:53:00+00:00,26122.75,2026-01-29 14:55:00+00:00,26162.75,stop,-40.0,-80.0,26120.0,26122.75,3,TREND
2026-01-29,MNQH6,sell,2026-01-29 14:58:00+00:00,26109.25,2026-01-29 15:00:00+00:00,26069.25,target,40.0,80.0,26105.0,26109.25,4,TREND
2026-01-29,MNQH6,sell,2026-01-29 15:01:00+00:00,26019.5,2026-01-29 15:03:00+00:00,25979.5,target,40.0,80.0,26015.25,26019.5,3,TREND
2026-01-29,MNQH6,sell,2026-01-29 15:04:00+00:00,25984.5,2026-01-29 15:05:00+00:00,26024.5,stop,-40.0,-80.0,25981.5,25984.5,3,TREND
2026-01-29,MNQH6,sell,2026-01-29 15:06:00+00:00,26045.25,2026-01-29 15:06:00+00:00,26005.25,target,40.0,80.0,26041.0,26045.25,4,TREND
2026-01-29,MNQH6,sell,2026-01-29 15:07:00+00:00,26080.0,2026-01-29 15:07:00+00:00,26040.0,target,40.0,80.0,26078.0,26080.0,3,TREND
2026-01-29,MNQH6,sell,2026-01-29 15:14:00+00:00,25947.25,2026-01-29 15:18:00+00:00,25987.25,stop,-40.0,-80.0,25946.0,25947.25,4,TREND
2026-01-29,MNQH6,sell,2026-01-29 15:36:00+00:00,25889.5,2026-01-29 15:40:00+00:00,25849.5,target,40.0,80.0,25884.75,25889.5,4,TREND
2026-01-29,MNQH6,sell,2026-01-29 15:51:00+00:00,25779.25,2026-01-29 15:56:00+00:00,25819.25,stop,-40.0,-80.0,25776.25,25779.25,3,TREND
2026-01-30,MNQH6,buy,2026-01-30 14:46:00+00:00,26080.0,2026-01-30 14:50:00+00:00,26120.0,target,40.0,80.0,26078.0,26080.0,3,FADE
2026-01-30,MNQH6,buy,2026-01-30 14:59:00+00:00,26045.25,2026-01-30 15:02:00+00:00,26085.25,target,40.0,80.0,26041.0,26045.25,4,FADE
2026-02-02,MNQH6,buy,2026-02-02 14:46:00+00:00,25946.0,2026-02-02 14:50:00+00:00,25986.0,target,40.0,80.0,25946.0,25947.75,5,TREND
2026-02-02,MNQH6,buy,2026-02-02 14:51:00+00:00,25981.5,2026-02-02 14:59:00+00:00,25941.5,stop,-40.0,-80.0,25981.5,25984.5,3,TREND
2026-02-02,MNQH6,buy,2026-02-02 15:05:00+00:00,26015.25,2026-02-02 15:11:00+00:00,26055.25,target,40.0,80.0,26015.25,26019.5,3,TREND
2026-02-02,MNQH6,buy,2026-02-02 15:12:00+00:00,26041.0,2026-02-02 15:14:00+00:00,26081.0,target,40.0,80.0,26041.0,26045.25,4,TREND
2026-02-02,MNQH6,buy,2026-02-02 15:15:00+00:00,26078.0,2026-02-02 15:19:00+00:00,26118.0,target,40.0,80.0,26078.0,26080.0,3,TREND
2026-02-02,MNQH6,buy,2026-02-02 15:20:00+00:00,26120.0,2026-02-02 15:29:00+00:00,26080.0,stop,-40.0,-80.0,26120.0,26122.75,3,TREND
2026-02-02,MNQH6,buy,2026-02-02 15:38:00+00:00,26105.0,2026-02-02 15:49:00+00:00,26065.0,stop,-40.0,-80.0,26105.0,26109.25,4,TREND
2026-02-03,MNQH6,buy,2026-02-03 14:46:00+00:00,25981.5,2026-02-03 14:47:00+00:00,26021.5,target,40.0,80.0,25981.5,25984.5,3,TREND
2026-02-03,MNQH6,buy,2026-02-03 14:48:00+00:00,26015.25,2026-02-03 14:51:00+00:00,25975.25,stop,-40.0,-80.0,26015.25,26019.5,3,TREND
2026-02-03,MNQH6,sell,2026-02-03 14:54:00+00:00,25947.75,2026-02-03 14:54:00+00:00,25987.75,stop,-40.0,-80.0,25946.0,25947.75,5,TREND
2026-02-03,MNQH6,sell,2026-02-03 14:56:00+00:00,25889.5,2026-02-03 14:59:00+00:00,25849.5,target,40.0,80.0,25884.75,25889.5,4,TREND
2026-02-03,MNQH6,sell,2026-02-03 15:03:00+00:00,25779.25,2026-02-03 15:03:00+00:00,25819.25,stop,-40.0,-80.0,25776.25,25779.25,3,TREND
2026-02-03,MNQH6,sell,2026-02-03 15:13:00+00:00,25754.0,2026-02-03 15:16:00+00:00,25794.0,stop,-40.0,-80.0,25752.25,25754.0,3,TREND
2026-02-03,MNQH6,sell,2026-02-03 15:23:00+00:00,25746.5,2026-02-03 15:24:00+00:00,25706.5,target,40.0,80.0,25743.5,25746.5,3,TREND
2026-02-04,MNQH6,sell,2026-02-04 14:48:00+00:00,25570.0,2026-02-04 14:48:00+00:00,25530.0,target,40.0,80.0,25570.0,25576.5,6,FADE
2026-02-04,MNQH6,buy,2026-02-04 16:02:00+00:00,25304.25,2026-02-04 16:12:00+00:00,25344.25,target,40.0,80.0,25301.0,25304.25,3,FADE
2026-02-06,MNQH6,sell,2026-02-06 14:51:00+00:00,25179.0,2026-02-06 14:54:00+00:00,25139.0,target,40.0,80.0,25179.0,25184.0,3,FADE
2026-02-10,MNQH6,sell,2026-02-10 14:54:00+00:00,25570.0,2026-02-10 14:56:00+00:00,25610.0,stop,-40.0,-80.0,25570.0,25576.5,6,FADE
2026-02-10,MNQH6,sell,2026-02-10 15:06:00+00:00,25624.0,2026-02-10 15:13:00+00:00,25584.0,target,40.0,80.0,25624.0,25628.5,3,FADE
2026-02-11,MNQH6,buy,2026-02-11 14:50:00+00:00,25576.5,2026-02-11 14:50:00+00:00,25616.5,target,40.0,80.0,25570.0,25576.5,6,FADE
2026-02-11,MNQH6,sell,2026-02-11 15:21:00+00:00,25304.25,2026-02-11 15:22:00+00:00,25344.25,stop,-40.0,-80.0,25301.0,25304.25,3,TREND
2026-02-12,MNQH6,buy,2026-02-12 15:36:00+00:00,25380.0,2026-02-12 15:38:00+00:00,25340.0,stop,-40.0,-80.0,25375.5,25380.0,3,FADE
2026-02-12,MNQH6,sell,2026-02-12 16:05:00+00:00,25184.0,2026-02-12 16:12:00+00:00,25144.0,target,40.0,80.0,25179.0,25184.0,3,TREND
2026-02-12,MNQH6,sell,2026-02-12 16:13:00+00:00,25173.0,2026-02-12 16:15:00+00:00,25133.0,target,40.0,80.0,25169.25,25173.0,3,TREND
2026-02-17,MNQH6,sell,2026-02-17 14:59:00+00:00,24703.75,2026-02-17 15:01:00+00:00,24743.75,stop,-40.0,-80.0,24699.5,24703.75,3,TREND
2026-02-18,MNQH6,buy,2026-02-18 15:01:00+00:00,25179.0,2026-02-18 15:04:00+00:00,25219.0,target,40.0,80.0,25179.0,25184.0,3,TREND
2026-02-18,MNQH6,sell,2026-02-18 15:48:00+00:00,25301.0,2026-02-18 16:30:00+00:00,25307.75,force_close,-6.75,-13.5,25301.0,25304.25,3,FADE
2026-02-19,MNQH6,sell,2026-02-19 14:52:00+00:00,25082.5,2026-02-19 14:55:00+00:00,25122.5,stop,-40.0,-80.0,25082.5,25085.5,3,FADE
2026-02-20,MNQH6,buy,2026-02-20 14:46:00+00:00,25169.25,2026-02-20 14:47:00+00:00,25129.25,stop,-40.0,-80.0,25169.25,25173.0,3,TREND
2026-02-20,MNQH6,sell,2026-02-20 14:50:00+00:00,25085.5,2026-02-20 15:00:00+00:00,25125.5,stop,-40.0,-80.0,25082.5,25085.5,3,TREND
2026-02-20,MNQH6,sell,2026-02-20 15:48:00+00:00,25301.0,2026-02-20 16:00:00+00:00,25341.0,stop,-40.0,-80.0,25301.0,25304.25,3,FADE
2026-02-23,MNQH6,sell,2026-02-23 14:51:00+00:00,25169.25,2026-02-23 14:54:00+00:00,25129.25,target,40.0,80.0,25169.25,25173.0,3,FADE
2026-02-24,MNQH6,buy,2026-02-24 14:48:00+00:00,25169.25,2026-02-24 14:50:00+00:00,25129.25,stop,-40.0,-80.0,25169.25,25173.0,3,TREND
2026-02-25,MNQH6,buy,2026-02-25 14:46:00+00:00,25493.5,2026-02-25 14:47:00+00:00,25533.5,target,40.0,80.0,25493.5,25495.75,3,TREND
2026-02-25,MNQH6,buy,2026-02-25 15:00:00+00:00,25570.0,2026-02-25 15:07:00+00:00,25530.0,stop,-40.0,-80.0,25570.0,25576.5,6,TREND
2026-02-26,MNQH6,sell,2026-02-26 15:01:00+00:00,25380.0,2026-02-26 15:12:00+00:00,25340.0,target,40.0,80.0,25375.5,25380.0,3,TREND
2026-02-26,MNQH6,sell,2026-02-26 15:13:00+00:00,25304.25,2026-02-26 15:15:00+00:00,25264.25,target,40.0,80.0,25301.0,25304.25,3,TREND
2026-02-26,MNQH6,sell,2026-02-26 15:18:00+00:00,25184.0,2026-02-26 15:21:00+00:00,25144.0,target,40.0,80.0,25179.0,25184.0,3,TREND
2026-02-26,MNQH6,sell,2026-02-26 15:22:00+00:00,25173.0,2026-02-26 15:22:00+00:00,25133.0,target,40.0,80.0,25169.25,25173.0,3,TREND
2026-02-26,MNQH6,sell,2026-02-26 15:34:00+00:00,25085.5,2026-02-26 15:36:00+00:00,25125.5,stop,-40.0,-80.0,25082.5,25085.5,3,TREND
2026-02-27,MNQH6,sell,2026-02-27 14:46:00+00:00,25082.5,2026-02-27 14:46:00+00:00,25122.5,stop,-40.0,-80.0,25082.5,25085.5,3,FADE
2026-03-02,MNQH6,buy,2026-03-02 14:46:00+00:00,25082.5,2026-03-02 14:52:00+00:00,25042.5,stop,-40.0,-80.0,25082.5,25085.5,3,TREND
2026-03-02,MNQH6,sell,2026-03-02 15:02:00+00:00,25094.0,2026-03-02 15:08:00+00:00,25134.0,stop,-40.0,-80.0,25094.0,25101.5,4,FADE
2026-03-02,MNQH6,sell,2026-03-02 16:08:00+00:00,25179.0,2026-03-02 16:20:00+00:00,25139.0,target,40.0,80.0,25179.0,25184.0,3,FADE
2026-03-03,MNQH6,buy,2026-03-03 14:50:00+00:00,24703.75,2026-03-03 14:50:00+00:00,24743.75,target,40.0,80.0,24699.5,24703.75,3,FADE
2026-03-03,MNQH6,buy,2026-03-03 15:21:00+00:00,24613.25,2026-03-03 15:27:00+00:00,24573.25,stop,-40.0,-80.0,24612.25,24613.25,3,FADE
2026-03-04,MNQH6,sell,2026-03-04 14:47:00+00:00,25094.0,2026-03-04 14:49:00+00:00,25134.0,stop,-40.0,-80.0,25094.0,25101.5,4,FADE
2026-03-04,MNQH6,sell,2026-03-04 15:00:00+00:00,25169.25,2026-03-04 15:03:00+00:00,25129.25,target,40.0,80.0,25169.25,25173.0,3,FADE
2026-03-04,MNQH6,sell,2026-03-04 15:06:00+00:00,25179.0,2026-03-04 15:06:00+00:00,25139.0,target,40.0,80.0,25179.0,25184.25,4,FADE
2026-03-05,MNQH6,sell,2026-03-05 14:47:00+00:00,25301.0,2026-03-05 14:49:00+00:00,25341.0,stop,-40.0,-80.0,25301.0,25304.25,3,FADE
2026-03-05,MNQH6,sell,2026-03-05 14:51:00+00:00,25339.0,2026-03-05 14:57:00+00:00,25379.0,stop,-40.0,-80.0,25339.0,25342.25,3,FADE
2026-03-05,MNQH6,sell,2026-03-05 15:30:00+00:00,25203.0,2026-03-05 15:30:00+00:00,25163.0,target,40.0,80.0,25196.75,25203.0,4,TREND
2026-03-05,MNQH6,sell,2026-03-05 15:31:00+00:00,25173.0,2026-03-05 15:36:00+00:00,25213.0,stop,-40.0,-80.0,25169.25,25173.0,3,TREND
2026-03-09,MNQH6,sell,2026-03-09 14:36:00+00:00,24699.5,2026-03-09 14:36:00+00:00,24659.5,target,40.0,80.0,24699.5,24703.75,3,FADE
2026-03-10,MNQH6,buy,2026-03-10 13:55:00+00:00,25203.0,2026-03-10 13:58:00+00:00,25163.0,stop,-40.0,-80.0,25196.75,25203.0,4,FADE
2026-03-10,MNQH6,buy,2026-03-10 14:53:00+00:00,25339.0,2026-03-10 15:00:00+00:00,25379.0,target,40.0,80.0,25339.0,25342.25,3,TREND
2026-03-10,MNQH6,buy,2026-03-10 15:01:00+00:00,25375.5,2026-03-10 15:10:00+00:00,25335.5,stop,-40.0,-80.0,25375.5,25380.0,3,TREND
2026-03-11,MNQH6,buy,2026-03-11 13:46:00+00:00,25301.0,2026-03-11 13:48:00+00:00,25261.0,stop,-40.0,-80.0,25301.0,25304.25,3,TREND
2026-03-11,MNQH6,buy,2026-03-11 14:00:00+00:00,25339.0,2026-03-11 14:00:00+00:00,25379.0,target,40.0,80.0,25339.0,25342.25,3,TREND
2026-03-11,MNQH6,buy,2026-03-11 14:01:00+00:00,25375.5,2026-03-11 14:02:00+00:00,25335.5,stop,-40.0,-80.0,25375.5,25380.0,3,TREND
2026-03-11,MNQH6,buy,2026-03-11 15:12:00+00:00,25173.25,2026-03-11 15:12:00+00:00,25213.25,target,40.0,80.0,25169.25,25173.25,4,FADE
2026-03-17,MNQM6,buy,2026-03-17 13:46:00+00:00,25082.5,2026-03-17 14:11:00+00:00,25042.5,stop,-40.0,-80.0,25082.5,25085.5,3,TREND
2026-03-18,MNQM6,sell,2026-03-18 13:46:00+00:00,24990.5,2026-03-18 13:46:00+00:00,24950.5,target,40.0,80.0,24990.5,24993.75,3,FADE
2026-03-19,MNQM6,sell,2026-03-19 13:50:00+00:00,24469.5,2026-03-19 13:54:00+00:00,24509.5,stop,-40.0,-80.0,24469.5,24473.0,3,FADE
2026-03-23,MNQM6,sell,2026-03-23 14:02:00+00:00,24612.25,2026-03-23 14:04:00+00:00,24572.25,target,40.0,80.0,24612.25,24613.25,3,FADE
2026-03-25,MNQM6,sell,2026-03-25 14:20:00+00:00,24469.5,2026-03-25 14:42:00+00:00,24509.5,stop,-40.0,-80.0,24469.5,24473.0,3,FADE
2026-04-02,MNQM6,buy,2026-04-02 14:11:00+00:00,23956.75,2026-04-02 14:16:00+00:00,23996.75,target,40.0,80.0,23956.75,23960.5,3,TREND
2026-04-08,MNQM6,buy,2026-04-08 13:51:00+00:00,25085.5,2026-04-08 13:51:00+00:00,25125.5,target,40.0,80.0,25082.5,25085.5,3,FADE
2026-04-08,MNQM6,sell,2026-04-08 14:52:00+00:00,24993.75,2026-04-08 14:56:00+00:00,24953.75,target,40.0,80.0,24990.5,24993.75,3,TREND
2026-04-09,MNQM6,buy,2026-04-09 14:16:00+00:00,24993.75,2026-04-09 14:53:00+00:00,25033.75,target,40.0,80.0,24990.5,24993.75,3,FADE
2026-04-10,MNQM6,sell,2026-04-10 13:47:00+00:00,25339.0,2026-04-10 14:00:00+00:00,25299.0,target,40.0,80.0,25339.0,25342.25,3,FADE
2026-04-10,MNQM6,buy,2026-04-10 14:01:00+00:00,25304.25,2026-04-10 14:25:00+00:00,25344.25,target,40.0,80.0,25301.0,25304.25,3,FADE
2026-04-13,MNQM6,buy,2026-04-13 13:46:00+00:00,25174.5,2026-04-13 13:48:00+00:00,25214.5,target,40.0,80.0,25169.25,25174.5,5,FADE
2026-04-15,MNQM6,sell,2026-04-15 13:47:00+00:00,26041.0,2026-04-15 14:02:00+00:00,26081.0,stop,-40.0,-80.0,26041.0,26045.25,4,FADE
2026-04-15,MNQM6,sell,2026-04-15 14:03:00+00:00,26078.0,2026-04-15 14:24:00+00:00,26118.0,stop,-40.0,-80.0,26078.0,26080.0,3,FADE
