session_date,or_low,or_high,pool_min,pool_max,regime,n_clusters_C,n_candidates_C,zero_candidate,nearest_dist,within_30pts,within_100pts
2020-02-12,9579.0,9603.75,7032.0,9581.75,OR_IN_POOL,58,0,True,204.25,False,False
2020-02-13,9539.25,9578.5,7032.0,9603.75,OR_IN_POOL,59,0,True,1.875,True,True
2020-02-14,9608.25,9640.25,7032.0,9603.75,OR_ABOVE_POOL,60,0,True,28.5,True,True
2020-02-17,9656.5,9664.5,7032.0,9640.25,OR_ABOVE_POOL,61,0,True,50.5,False,True
2020-02-18,9575.0,9616.25,7032.0,9664.5,OR_IN_POOL,61,2,False,0.0,True,True
2020-02-19,9681.5,9711.5,7032.0,9664.5,OR_ABOVE_POOL,61,0,True,75.5,False,True
2020-02-20,9686.25,9719.0,7032.0,9711.5,OR_IN_POOL,61,0,True,80.25,False,True
2020-02-21,9526.5,9604.75,7032.0,9719.0,OR_IN_POOL,61,2,False,0.0,True,True
2020-02-24,9041.0,9180.25,7032.0,9719.0,OR_IN_POOL,61,6,False,0.0,True,True
2020-02-25,9120.0,9190.75,7032.0,9719.0,OR_IN_POOL,61,4,False,0.0,True,True
2020-02-26,8880.0,9015.5,7032.0,9719.0,OR_IN_POOL,60,1,False,0.0,True,True
2020-02-27,8631.25,8722.5,7032.0,9719.0,OR_IN_POOL,62,2,False,0.0,True,True
2020-02-28,8124.25,8322.75,7032.0,9719.0,OR_IN_POOL,61,7,False,0.0,True,True
2020-03-02,8484.75,8596.5,7032.0,9719.0,OR_IN_POOL,59,0,True,0.75,True,True
2020-03-03,8801.0,8904.5,7032.0,9719.0,OR_IN_POOL,59,4,False,0.0,True,True
2020-03-04,8687.25,8783.0,7032.0,9719.0,OR_IN_POOL,59,4,False,0.0,True,True
2020-03-05,8701.75,8782.25,7032.0,9719.0,OR_IN_POOL,58,3,False,0.0,True,True
2020-03-06,8377.75,8462.0,7032.0,9719.0,OR_IN_POOL,57,1,False,0.0,True,True
2020-03-09,7801.0,8022.25,7032.0,9719.0,OR_IN_POOL,56,3,False,0.0,True,True
2020-03-10,8138.25,8244.75,7032.0,9719.0,OR_IN_POOL,57,4,False,0.0,True,True
2020-03-11,8127.0,8217.25,7032.0,9719.0,OR_IN_POOL,58,3,False,0.0,True,True
2020-03-12,7441.5,7524.75,7032.0,9719.0,OR_IN_POOL,57,4,False,0.0,True,True
2020-03-13,7487.25,7721.75,7205.5,9719.0,OR_IN_POOL,56,9,False,0.0,True,True
2020-03-16,7381.25,7381.25,7219.0,9719.0,OR_IN_POOL,54,0,True,81.1875,False,True
2020-03-17,7015.0,7235.75,7311.0,9719.0,OR_BELOW_POOL,55,0,True,145.5,False,False
2020-03-18,6944.0,7183.5,7015.0,9719.0,OR_IN_POOL,55,0,True,197.75,False,False
2020-03-19,7010.5,7193.75,6944.0,9719.0,OR_IN_POOL,55,0,True,187.5,False,False
2020-03-20,7310.25,7470.0,6944.0,9719.0,OR_IN_POOL,55,2,False,0.0,True,True
2020-03-23,6834.25,7010.25,6944.0,9719.0,OR_IN_POOL,55,0,True,2.5,True,True
2020-03-24,7327.5,7437.0,6834.25,9719.0,OR_IN_POOL,55,1,False,0.0,True,True
2020-03-25,7484.5,7665.0,6834.25,9719.0,OR_IN_POOL,56,7,False,0.0,True,True
2020-03-26,7514.25,7638.0,6834.25,9719.0,OR_IN_POOL,56,5,False,0.0,True,True
2020-03-27,7586.75,7693.0,6834.25,9719.0,OR_IN_POOL,56,4,False,0.0,True,True
2020-03-30,7630.0,7712.5,6834.25,9719.0,OR_IN_POOL,56,3,False,0.0,True,True
2020-03-31,7818.25,7875.25,6834.25,9719.0,OR_IN_POOL,56,1,False,0.0,True,True
2020-04-01,7559.25,7631.75,6834.25,9719.0,OR_IN_POOL,56,2,False,0.0,True,True
2020-04-02,7416.75,7521.0,6834.25,9719.0,OR_IN_POOL,57,3,False,0.0,True,True
2020-04-03,7570.75,7660.5,6834.25,9719.0,OR_IN_POOL,58,4,False,0.0,True,True
2020-04-06,7750.25,7811.5,6834.25,9719.0,OR_IN_POOL,57,1,False,0.0,True,True
2020-04-07,8201.5,8298.75,6834.25,9719.0,OR_IN_POOL,57,4,False,0.0,True,True
2020-04-08,8100.75,8154.75,6834.25,9719.0,OR_IN_POOL,57,2,False,0.0,True,True
2020-04-09,8237.5,8327.0,6834.25,9719.0,OR_IN_POOL,58,3,False,0.0,True,True
2020-04-13,8176.5,8244.0,6834.25,9719.0,OR_IN_POOL,59,3,False,0.0,True,True
2020-04-14,8457.0,8539.0,6834.25,9719.0,OR_IN_POOL,59,1,False,0.0,True,True
2020-04-15,8499.0,8566.25,6834.25,9719.0,OR_IN_POOL,60,0,True,30.75,False,True
2020-04-16,8646.5,8697.5,6834.25,9719.0,OR_IN_POOL,63,1,False,0.0,True,True
2020-04-17,8764.0,8871.5,6834.25,9719.0,OR_IN_POOL,62,4,False,0.0,True,True
2020-04-20,8729.5,8784.5,6834.25,9719.0,OR_IN_POOL,62,2,False,0.0,True,True
2020-04-21,8538.25,8651.75,6834.25,9719.0,OR_IN_POOL,62,3,False,0.0,True,True
2020-04-22,8541.5,8598.0,6834.25,9719.0,OR_IN_POOL,64,2,False,0.0,True,True
2020-04-23,8661.75,8744.0,6834.25,9719.0,OR_IN_POOL,64,3,False,0.0,True,True
2020-04-24,8616.0,8667.25,6834.25,9719.0,OR_IN_POOL,64,2,False,0.0,True,True
2020-04-27,8819.5,8859.25,6834.25,9719.0,OR_IN_POOL,65,2,False,0.0,True,True
2020-04-28,8850.25,8905.25,6834.25,9719.0,OR_IN_POOL,65,2,False,0.0,True,True
2020-04-29,8816.0,8869.0,6834.25,9719.0,OR_IN_POOL,66,3,False,0.0,True,True
2020-04-30,8937.75,9017.5,6834.25,9719.0,OR_IN_POOL,67,1,False,0.0,True,True
2020-05-01,8780.0,8842.75,6834.25,9719.0,OR_IN_POOL,67,2,False,0.0,True,True
2020-05-04,8650.5,8687.25,6834.25,9719.0,OR_IN_POOL,66,1,False,0.0,True,True
2020-05-05,8895.0,8942.75,6834.25,9719.0,OR_IN_POOL,66,1,False,0.0,True,True
2020-05-06,8972.25,9029.5,6834.25,9719.0,OR_IN_POOL,67,2,False,0.0,True,True
2020-05-07,9057.75,9107.5,6834.25,9719.0,OR_IN_POOL,66,1,False,0.0,True,True
2020-05-08,9116.0,9168.75,6834.25,9719.0,OR_IN_POOL,65,3,False,0.0,True,True
2020-05-11,9147.5,9212.0,6834.25,9719.0,OR_IN_POOL,64,2,False,0.0,True,True
2020-05-12,9264.75,9345.75,6834.25,9719.0,OR_IN_POOL,65,0,True,29.0,True,True
2020-05-13,9042.5,9141.25,6834.25,9719.0,OR_IN_POOL,66,3,False,0.0,True,True
2020-05-14,8912.5,8976.25,6834.25,9719.0,OR_IN_POOL,65,1,False,0.0,True,True
2020-05-15,8943.5,9012.0,6834.25,9719.0,OR_IN_POOL,66,2,False,0.0,True,True
2020-05-18,9246.0,9288.75,6834.25,9719.0,OR_IN_POOL,67,1,False,0.0,True,True
2020-05-19,9313.5,9368.75,6834.25,9719.0,OR_IN_POOL,67,0,True,6.0,True,True
2020-05-20,9401.75,9442.0,6834.25,9719.0,OR_IN_POOL,66,0,True,31.4375,False,True
2020-05-21,9469.25,9510.5,6834.25,9719.0,OR_IN_POOL,68,0,True,28.5,True,True
2020-05-22,9319.5,9368.5,6834.25,9719.0,OR_IN_POOL,68,0,True,1.8125,True,True
2020-05-25,9513.5,9526.0,6834.25,9719.0,OR_IN_POOL,69,0,True,13.0,True,True
2020-05-26,9519.5,9569.75,6834.25,9719.0,OR_IN_POOL,71,2,False,0.0,True,True
2020-05-27,9324.25,9385.25,6834.25,9719.0,OR_IN_POOL,69,1,False,0.0,True,True
2020-05-28,9382.25,9462.75,6834.25,9719.0,OR_IN_POOL,70,3,False,0.0,True,True
2020-05-29,9420.5,9464.75,6834.25,9719.0,OR_IN_POOL,71,2,False,0.0,True,True
2020-06-01,9505.5,9559.0,6834.25,9719.0,OR_IN_POOL,72,2,False,0.0,True,True
2020-06-02,9570.5,9605.5,6834.25,9719.0,OR_IN_POOL,72,1,False,0.0,True,True
2020-06-03,9650.75,9697.5,6834.25,9719.0,OR_IN_POOL,71,1,False,0.0,True,True
2020-06-04,9669.75,9707.25,6834.25,9719.0,OR_IN_POOL,73,1,False,0.0,True,True
2020-06-05,9653.25,9762.75,6834.25,9719.0,OR_IN_POOL,75,4,False,0.0,True,True
2020-06-08,9792.0,9829.0,6834.25,9762.75,OR_ABOVE_POOL,75,0,True,82.625,False,True
2020-06-09,9851.75,9900.0,6834.25,9829.0,OR_ABOVE_POOL,74,0,True,142.375,False,False
2020-06-10,10023.0,10066.0,6834.25,9900.0,OR_ABOVE_POOL,75,0,True,313.625,False,False
2020-06-11,9876.5,9954.75,6834.25,10066.0,OR_IN_POOL,76,0,True,167.125,False,False
2020-06-12,9776.25,9847.25,6834.25,10066.0,OR_IN_POOL,76,0,True,66.875,False,True
2020-06-15,9471.5,9559.25,6834.25,10066.0,OR_IN_POOL,77,2,False,0.0,True,True
2020-06-16,9940.5,9984.0,6834.25,10066.0,OR_IN_POOL,77,0,True,91.0,False,True
2020-06-17,9976.0,10014.75,6834.25,10066.0,OR_IN_POOL,78,0,True,126.5,False,False
2020-06-18,9941.75,9982.25,6834.25,10066.0,OR_IN_POOL,79,0,True,92.25,False,True
2020-06-19,10075.5,10102.0,6834.25,10066.0,OR_ABOVE_POOL,82,0,True,94.75,False,True
2020-06-22,9975.25,10006.25,6834.25,10102.0,OR_IN_POOL,82,1,False,0.0,True,True
2020-06-23,10158.75,10199.5,6834.25,10102.0,OR_ABOVE_POOL,83,0,True,179.375,False,False
2020-06-24,10162.0,10221.25,6834.25,10199.5,OR_IN_POOL,83,0,True,182.625,False,False
2020-06-25,9911.0,10017.5,6834.25,10221.25,OR_IN_POOL,84,2,False,0.0,True,True
2020-06-26,10004.5,10082.5,6834.25,10221.25,OR_IN_POOL,84,1,False,0.0,True,True
2020-06-29,9743.5,9850.0,6834.25,10221.25,OR_IN_POOL,86,1,False,0.0,True,True
2020-06-30,9943.0,10012.0,6834.25,10221.25,OR_IN_POOL,86,2,False,0.0,True,True
2020-07-01,10131.25,10193.5,6834.25,10221.25,OR_IN_POOL,85,1,False,0.0,True,True
2020-07-02,10366.5,10410.75,6834.25,10221.25,OR_ABOVE_POOL,86,0,True,170.0,False,False
2020-07-03,10342.75,10357.75,6834.25,10410.75,OR_IN_POOL,86,0,True,146.25,False,False
2020-07-06,10469.75,10500.5,6834.25,10410.75,OR_ABOVE_POOL,85,0,True,273.25,False,False
2020-07-07,10556.75,10616.5,6834.25,10500.5,OR_ABOVE_POOL,84,0,True,360.25,False,False
2020-07-08,10566.5,10616.0,6834.25,10616.5,OR_IN_POOL,84,0,True,370.0,False,False
2020-07-09,10689.0,10747.5,6834.25,10616.5,OR_ABOVE_POOL,85,0,True,72.75,False,True
2020-07-10,10657.0,10749.25,6834.25,10747.5,OR_IN_POOL,85,0,True,40.75,False,True
2020-07-13,10929.5,10996.75,6834.25,10749.25,OR_ABOVE_POOL,85,0,True,181.125,False,False
2020-07-14,10480.5,10629.25,6834.25,10996.75,OR_IN_POOL,85,1,False,0.0,True,True
2020-07-15,10677.25,10766.5,6834.25,10996.75,OR_IN_POOL,84,1,False,0.0,True,True
2020-07-16,10537.5,10600.0,6834.25,10996.75,OR_IN_POOL,84,0,True,16.25,True,True
2020-07-17,10582.0,10650.0,6834.25,10996.75,OR_IN_POOL,83,1,False,0.0,True,True
2020-07-20,10605.75,10684.5,6834.25,10996.75,OR_IN_POOL,84,2,False,0.0,True,True
2020-07-21,10905.75,11003.25,6834.25,10996.75,OR_IN_POOL,86,0,True,157.375,False,False
2020-07-22,10820.5,10874.25,6834.25,11003.25,OR_IN_POOL,85,0,True,72.125,False,True
2020-07-23,10798.75,10845.5,6834.25,11003.25,OR_IN_POOL,84,0,True,50.375,False,True
2020-07-24,10301.25,10432.0,6834.25,11003.25,OR_IN_POOL,84,0,True,104.75,False,False
2020-07-27,10513.5,10610.5,6834.25,11003.25,OR_IN_POOL,83,1,False,0.0,True,True
2020-07-28,10579.0,10646.75,6834.25,11003.25,OR_IN_POOL,81,1,False,0.0,True,True
2020-07-29,10576.0,10611.5,6834.25,11003.25,OR_IN_POOL,81,2,False,0.0,True,True
2020-07-30,10551.5,10617.75,6834.25,11003.25,OR_IN_POOL,81,2,False,0.0,True,True
2020-07-31,10780.0,10901.25,6834.25,11003.25,OR_IN_POOL,81,0,True,31.625,False,True
2020-08-03,10980.5,11042.5,6834.25,11003.25,OR_IN_POOL,82,1,False,0.0,True,True
2020-08-04,11006.25,11050.0,6834.25,11042.5,OR_IN_POOL,82,0,True,6.25,True,True
2020-08-05,11064.5,11103.75,6834.25,11050.0,OR_ABOVE_POOL,81,0,True,62.41666666666606,False,True
2020-08-06,11081.0,11120.25,6834.25,11103.75,OR_IN_POOL,81,0,True,78.91666666666606,False,True
2020-08-07,11207.75,11240.5,6834.25,11120.25,OR_ABOVE_POOL,79,0,True,205.66666666666606,False,False
2020-08-10,11116.75,11146.5,6834.25,11240.5,OR_IN_POOL,78,0,True,114.66666666666606,False,False
2020-08-11,10956.0,11030.25,6834.25,11240.5,OR_IN_POOL,79,1,False,0.0,True,True
2020-08-12,10957.5,11006.25,6834.25,11240.5,OR_IN_POOL,79,1,False,0.0,True,True
2020-08-13,11164.0,11230.0,6834.25,11240.5,OR_IN_POOL,79,0,True,45.5,False,True
2020-08-14,11157.5,11206.75,6834.25,11240.5,OR_IN_POOL,79,0,True,39.0,False,True
2020-08-17,11221.75,11252.0,6834.25,11240.5,OR_IN_POOL,81,0,True,14.5,True,True
2020-08-18,11325.75,11381.75,6834.25,11252.0,OR_ABOVE_POOL,81,0,True,118.5,False,False
2020-08-19,11366.75,11415.0,6834.25,11381.75,OR_IN_POOL,81,0,True,159.5,False,False
2020-08-20,11266.5,11340.5,6834.25,11415.0,OR_IN_POOL,81,0,True,59.25,False,True
2020-08-21,11455.0,11490.5,6834.25,11415.0,OR_ABOVE_POOL,80,0,True,247.75,False,False
2020-08-24,11681.75,11722.5,6834.25,11490.5,OR_ABOVE_POOL,80,0,True,474.5,False,False
2020-08-25,11574.75,11632.0,6834.25,11722.5,OR_IN_POOL,80,0,True,367.5,False,False
2020-08-26,11762.75,11796.75,6834.25,11722.5,OR_ABOVE_POOL,79,0,True,555.5,False,False
2020-08-27,11912.5,12016.0,6834.25,11796.75,OR_ABOVE_POOL,80,0,True,705.25,False,False
2020-08-28,11973.0,12004.75,6834.25,12016.0,OR_IN_POOL,80,0,True,765.75,False,False
2020-08-31,11993.0,12041.25,6834.25,12016.0,OR_IN_POOL,79,0,True,785.75,False,False
2020-09-01,12125.0,12202.5,6834.25,12041.25,OR_ABOVE_POOL,79,0,True,917.75,False,False
2020-09-02,12358.5,12434.75,6834.25,12202.5,OR_ABOVE_POOL,78,0,True,1151.25,False,False
2020-09-03,12132.25,12242.5,6834.25,12434.75,OR_IN_POOL,78,0,True,925.0,False,False
2020-09-04,11680.75,11843.25,6834.25,12434.75,OR_IN_POOL,78,0,True,473.5,False,False
2020-09-07,11455.75,11483.25,6834.25,12434.75,OR_IN_POOL,79,0,True,198.0,False,False
2020-09-08,11116.25,11270.25,6834.25,12434.75,OR_IN_POOL,80,3,False,0.0,True,True
2020-09-09,11206.25,11305.5,6834.25,12434.75,OR_IN_POOL,81,2,False,0.0,True,True
2020-09-10,11482.5,11546.25,6834.25,12434.75,OR_IN_POOL,80,0,True,27.125,True,True
2020-09-11,11166.25,11280.5,6834.25,12434.75,OR_IN_POOL,81,2,False,0.0,True,True
2020-09-14,11194.0,11272.0,6834.25,12434.75,OR_IN_POOL,80,2,False,0.0,True,True
2020-09-15,11400.0,11448.5,6834.25,12434.75,OR_IN_POOL,80,0,True,6.875,True,True
2020-09-16,11422.25,11478.0,6834.25,12434.75,OR_IN_POOL,79,1,False,0.0,True,True
2020-09-17,10945.0,11028.0,6834.25,12434.75,OR_IN_POOL,79,2,False,0.0,True,True
2020-09-18,11068.0,11134.75,6834.25,12434.75,OR_IN_POOL,80,1,False,0.0,True,True
2020-09-21,10702.5,10812.25,6834.25,12434.75,OR_IN_POOL,81,1,False,0.0,True,True
2020-09-22,10986.75,11074.5,6834.25,12434.75,OR_IN_POOL,81,3,False,0.0,True,True
2020-09-23,11101.75,11161.0,6834.25,12434.75,OR_IN_POOL,81,1,False,0.0,True,True
2020-09-24,10704.0,10783.5,6834.25,12434.75,OR_IN_POOL,81,1,False,0.0,True,True
2020-09-25,10846.25,10913.25,6834.25,12434.75,OR_IN_POOL,82,1,False,0.0,True,True
2020-09-28,11282.0,11343.25,6834.25,12434.75,OR_IN_POOL,84,0,True,12.41666666666606,True,True
2020-09-29,11328.25,11380.25,6834.25,12434.75,OR_IN_POOL,86,1,False,0.0,True,True
2020-09-30,11310.25,11364.5,6834.25,12434.75,OR_IN_POOL,86,2,False,0.0,True,True
2020-10-01,11532.25,11568.75,6834.25,12434.75,OR_IN_POOL,87,0,True,51.0,False,True
2020-10-02,11300.75,11421.25,6834.25,12434.75,OR_IN_POOL,88,5,False,0.0,True,True
2020-10-05,11321.25,11372.0,6834.25,12434.75,OR_IN_POOL,90,3,False,0.0,True,True
2020-10-06,11436.25,11479.0,6834.25,12434.75,OR_IN_POOL,90,1,False,0.0,True,True
2020-10-07,11385.0,11434.0,6834.25,12434.75,OR_IN_POOL,90,1,False,0.0,True,True
2020-10-08,11528.5,11577.0,6834.25,12434.75,OR_IN_POOL,91,1,False,0.0,True,True
2020-10-09,11588.0,11628.75,6834.25,12434.75,OR_IN_POOL,92,0,True,14.5,True,True
2020-10-12,11875.75,11945.75,6834.25,12434.75,OR_IN_POOL,93,0,True,194.5,False,False
2020-10-13,12041.0,12153.5,6834.25,12434.75,OR_IN_POOL,93,0,True,359.75,False,False
2020-10-14,12071.5,12148.0,6834.25,12434.75,OR_IN_POOL,94,0,True,30.375,False,True
2020-10-15,11753.75,11856.0,6834.25,12434.75,OR_IN_POOL,96,0,True,72.5,False,True
2020-10-16,11926.5,11969.25,6834.25,12434.75,OR_IN_POOL,94,0,True,71.875,False,True
2020-10-19,11896.25,11945.5,6834.25,12434.75,OR_IN_POOL,95,0,True,25.625,True,True
2020-10-20,11632.0,11702.0,6834.25,12434.75,OR_IN_POOL,96,1,False,0.0,True,True
2020-10-21,11655.5,11739.75,6834.25,12434.75,OR_IN_POOL,95,1,False,0.0,True,True
2020-10-22,11673.0,11723.75,6834.25,12434.75,OR_IN_POOL,95,1,False,0.0,True,True
2020-10-23,11596.25,11678.5,6834.25,12434.75,OR_IN_POOL,96,1,False,0.0,True,True
2020-10-26,11566.5,11661.5,6834.25,12434.75,OR_IN_POOL,95,2,False,0.0,True,True
2020-10-27,11498.25,11559.5,6834.25,12434.75,OR_IN_POOL,96,1,False,0.0,True,True
2020-10-28,11329.25,11423.0,6834.25,12434.75,OR_IN_POOL,97,4,False,0.0,True,True
2020-10-29,11170.25,11244.75,6834.25,12434.75,OR_IN_POOL,96,1,False,0.0,True,True
2020-10-30,11173.5,11281.25,6834.25,12434.75,OR_IN_POOL,95,4,False,0.0,True,True
2020-11-02,11108.5,11184.5,6834.25,12434.75,OR_IN_POOL,95,2,False,0.0,True,True
2020-11-03,11101.25,11152.5,6834.25,12434.75,OR_IN_POOL,94,2,False,0.0,True,True
2020-11-04,11556.75,11670.5,6834.25,12434.75,OR_IN_POOL,94,3,False,0.0,True,True
2020-11-05,11972.75,12054.75,6834.25,12434.75,OR_IN_POOL,94,1,False,0.0,True,True
2020-11-06,11911.75,12049.5,6834.25,12434.75,OR_IN_POOL,94,3,False,0.0,True,True
2020-11-09,12042.75,12212.0,6834.25,12434.75,OR_IN_POOL,96,2,False,0.0,True,True
2020-11-10,11630.75,11749.5,6834.25,12434.75,OR_IN_POOL,94,4,False,0.0,True,True
2020-11-11,11702.25,11823.5,6834.25,12434.75,OR_IN_POOL,95,2,False,0.0,True,True
2020-11-12,11881.0,11964.0,6834.25,12434.75,OR_IN_POOL,95,2,False,0.0,True,True
2020-11-13,11871.0,11923.75,6834.25,12434.75,OR_IN_POOL,97,2,False,0.0,True,True
2020-11-16,11887.5,11981.25,6834.25,12434.75,OR_IN_POOL,97,4,False,0.0,True,True
2020-11-17,11987.75,12041.75,6834.25,12434.75,OR_IN_POOL,96,0,True,4.100000000000364,True,True
2020-11-18,11943.0,11988.5,6834.25,12434.75,OR_IN_POOL,96,3,False,0.0,True,True
2020-11-19,11841.5,11894.75,6834.25,12434.75,OR_IN_POOL,95,1,False,0.0,True,True
2020-11-20,11952.25,11985.25,6834.25,12434.75,OR_IN_POOL,97,1,False,0.0,True,True
2020-11-23,11945.5,11981.75,6834.25,12434.75,OR_IN_POOL,97,2,False,0.0,True,True
2020-11-24,11878.5,11956.25,6834.25,12434.75,OR_IN_POOL,97,5,False,0.0,True,True
2020-11-25,12099.0,12142.5,6834.25,12434.75,OR_IN_POOL,96,0,True,8.25,True,True
2020-11-26,12189.0,12215.0,6834.25,12434.75,OR_IN_POOL,96,0,True,41.0,False,True
2020-11-27,12214.5,12254.25,6834.25,12434.75,OR_IN_POOL,95,0,True,1.0,True,True
2020-11-30,12240.5,12299.75,6834.25,12434.75,OR_IN_POOL,95,0,True,26.66666666666606,True,True
2020-12-01,12334.0,12385.0,6834.25,12434.75,OR_IN_POOL,95,0,True,92.5,False,True
2020-12-02,12316.5,12397.75,6834.25,12434.75,OR_IN_POOL,94,0,True,75.0,False,True
2020-12-03,12463.5,12503.75,6834.25,12434.75,OR_ABOVE_POOL,93,0,True,222.0,False,False
2020-12-04,12448.5,12487.0,6834.25,12503.75,OR_IN_POOL,93,0,True,207.0,False,False
2020-12-07,12526.0,12582.75,6834.25,12503.75,OR_ABOVE_POOL,92,0,True,284.5,False,False
2020-12-08,12536.5,12587.5,6834.25,12582.75,OR_IN_POOL,90,0,True,295.0,False,False
2020-12-09,12588.0,12632.0,6834.25,12587.5,OR_ABOVE_POOL,90,0,True,2.875,True,True
2020-12-10,12218.0,12329.0,6834.25,12632.0,OR_IN_POOL,89,1,False,0.0,True,True
2020-12-11,12275.25,12353.75,6834.25,12632.0,OR_IN_POOL,89,1,False,0.0,True,True
2020-12-14,12421.25,12498.5,6834.25,12632.0,OR_IN_POOL,89,0,True,65.125,False,True
2020-12-15,12542.0,12584.75,6834.25,12632.0,OR_IN_POOL,89,0,True,1.3333333333339397,True,True
2020-12-16,12571.25,12625.5,6834.25,12632.0,OR_IN_POOL,90,1,False,0.0,True,True
2020-12-17,12732.25,12762.25,6834.25,12632.0,OR_ABOVE_POOL,91,0,True,103.5,False,False
2020-12-18,12742.5,12788.0,6834.25,12762.25,OR_IN_POOL,91,0,True,113.75,False,False
2020-12-21,12570.0,12649.0,6834.25,12788.0,OR_IN_POOL,90,2,False,0.0,True,True
2020-12-22,12678.75,12719.5,6834.25,12788.0,OR_IN_POOL,90,0,True,50.0,False,True
2020-12-23,12668.75,12723.5,6834.25,12788.0,OR_IN_POOL,89,0,True,40.0,False,True
2020-12-24,12656.0,12716.0,6834.25,12788.0,OR_IN_POOL,90,0,True,5.5,True,True
2020-12-28,12788.75,12820.0,6834.25,12788.0,OR_ABOVE_POOL,91,0,True,69.08333333333394,False,True
2020-12-29,12878.25,12918.25,6834.25,12820.0,OR_ABOVE_POOL,91,0,True,89.875,False,True
2020-12-30,12860.5,12909.75,6834.25,12918.25,OR_IN_POOL,91,0,True,72.125,False,True
2020-12-31,12823.75,12857.5,7327.5,12918.25,OR_IN_POOL,91,0,True,35.375,False,True
2021-01-04,12858.5,12941.25,7416.75,12918.25,OR_IN_POOL,93,1,False,0.0,True,True
2021-01-05,12650.5,12753.0,7416.75,12941.25,OR_IN_POOL,92,2,False,0.0,True,True
2021-01-06,12551.75,12626.0,7416.75,12941.25,OR_IN_POOL,91,2,False,0.0,True,True
2021-01-07,12726.5,12810.75,7416.75,12941.25,OR_IN_POOL,91,1,False,0.0,True,True
2021-01-08,12985.75,13052.5,7416.75,12941.25,OR_ABOVE_POOL,90,0,True,126.91666666666606,False,False
2021-01-11,12892.25,12975.0,7416.75,13052.5,OR_IN_POOL,89,0,True,33.41666666666606,False,True
2021-01-12,12895.0,12947.5,7416.75,13052.5,OR_IN_POOL,89,0,True,36.16666666666606,False,True
2021-01-13,12864.0,12916.5,7570.75,13052.5,OR_IN_POOL,91,1,False,0.0,True,True
2021-01-14,12972.0,13015.0,7750.25,13052.5,OR_IN_POOL,92,0,True,27.625,True,True
2021-01-15,12879.5,12930.75,8100.75,13052.5,OR_IN_POOL,93,2,False,0.0,True,True
2021-01-18,12784.25,12807.5,8100.75,13052.5,OR_IN_POOL,94,1,False,0.0,True,True
2021-01-19,12888.5,12930.5,8176.5,13052.5,OR_IN_POOL,95,2,False,0.0,True,True
2021-01-20,13121.0,13191.25,8176.5,13052.5,OR_ABOVE_POOL,95,0,True,147.5,False,False
2021-01-21,13283.0,13343.75,8457.0,13191.25,OR_ABOVE_POOL,95,0,True,309.5,False,False
2021-01-22,13327.75,13362.25,8499.0,13343.75,OR_IN_POOL,95,0,True,354.25,False,False
2021-01-25,13496.25,13555.0,8538.25,13362.25,OR_ABOVE_POOL,95,0,True,522.75,False,False
2021-01-26,13434.5,13509.25,8538.25,13555.0,OR_IN_POOL,95,0,True,461.0,False,False
2021-01-27,13219.0,13389.75,8538.25,13555.0,OR_IN_POOL,94,0,True,245.5,False,False
2021-01-28,13128.25,13248.75,8538.25,13555.0,OR_IN_POOL,93,0,True,154.75,False,False
2021-01-29,12998.25,13135.25,8541.5,13555.0,OR_IN_POOL,91,0,True,24.75,True,True
2021-02-01,13047.25,13102.75,8616.0,13555.0,OR_IN_POOL,92,0,True,29.0,True,True
2021-02-02,13345.0,13404.25,8616.0,13555.0,OR_IN_POOL,92,0,True,213.25,False,False
2021-02-03,13461.75,13548.0,8650.5,13555.0,OR_IN_POOL,93,0,True,117.375,False,False
2021-02-04,13412.0,13480.25,8650.5,13555.0,OR_IN_POOL,93,0,True,67.625,False,True
2021-02-05,13545.75,13593.0,8650.5,13555.0,OR_IN_POOL,93,1,False,0.0,True,True
2021-02-08,13632.5,13674.0,8650.5,13593.0,OR_ABOVE_POOL,93,0,True,82.91666666666606,False,True
2021-02-09,13645.0,13684.0,8650.5,13674.0,OR_IN_POOL,92,0,True,95.41666666666606,False,True
2021-02-10,13714.0,13762.0,8650.5,13684.0,OR_ABOVE_POOL,92,0,True,164.41666666666606,False,False
2021-02-11,13702.5,13738.75,8895.0,13762.0,OR_IN_POOL,92,0,True,152.91666666666606,False,False
2021-02-12,13646.0,13696.0,8912.5,13762.0,OR_IN_POOL,91,0,True,96.41666666666606,False,True
2021-02-15,13848.25,13859.0,8912.5,13762.0,OR_ABOVE_POOL,92,0,True,149.0,False,False
2021-02-16,13811.5,13859.25,8912.5,13859.0,OR_IN_POOL,92,0,True,112.25,False,False
2021-02-17,13610.0,13670.5,8912.5,13859.25,OR_IN_POOL,93,1,False,0.0,True,True
2021-02-18,13523.5,13569.75,8912.5,13859.25,OR_IN_POOL,93,1,False,0.0,True,True
2021-02-19,13648.0,13700.75,8912.5,13859.25,OR_IN_POOL,93,2,False,0.0,True,True
2021-02-22,13358.5,13424.5,8912.5,13859.25,OR_IN_POOL,93,0,True,14.125,True,True
2021-02-23,12824.75,13016.25,8943.5,13859.25,OR_IN_POOL,94,7,False,0.0,True,True
2021-02-24,13001.75,13120.25,9246.0,13859.25,OR_IN_POOL,95,2,False,0.0,True,True
2021-02-25,13178.75,13290.0,9313.5,13859.25,OR_IN_POOL,97,0,True,47.0,False,True
2021-02-26,12929.25,13031.75,9319.5,13859.25,OR_IN_POOL,97,5,False,0.0,True,True
2021-03-01,13040.25,13115.75,9319.5,13859.25,OR_IN_POOL,97,1,False,0.0,True,True
2021-03-02,13207.5,13303.25,9319.5,13859.25,OR_IN_POOL,97,1,False,0.0,True,True
2021-03-03,12929.25,13052.0,9324.25,13859.25,OR_IN_POOL,96,6,False,0.0,True,True
2021-03-04,12649.5,12765.0,9324.25,13859.25,OR_IN_POOL,95,2,False,0.0,True,True
2021-03-05,12446.25,12606.0,9324.25,13859.25,OR_IN_POOL,95,4,False,0.0,True,True
2021-03-08,12526.5,12686.0,9382.25,13859.25,OR_IN_POOL,95,5,False,0.0,True,True
2021-03-09,12587.0,12652.25,9420.5,13859.25,OR_IN_POOL,96,2,False,0.0,True,True
2021-03-10,12870.25,12969.25,9471.5,13859.25,OR_IN_POOL,95,5,False,0.0,True,True
2021-03-11,12931.75,13006.75,9471.5,13859.25,OR_IN_POOL,94,3,False,0.0,True,True
2021-03-12,12789.0,12865.25,9471.5,13859.25,OR_IN_POOL,94,3,False,0.0,True,True
2021-03-15,12887.5,12941.5,9471.5,13859.25,OR_IN_POOL,93,3,False,0.0,True,True
2021-03-16,13132.25,13190.0,9471.5,13859.25,OR_IN_POOL,93,0,True,0.5,True,True
2021-03-17,12934.25,13015.75,9471.5,13859.25,OR_IN_POOL,94,4,False,0.0,True,True
2021-03-18,12963.75,13022.0,9471.5,13859.25,OR_IN_POOL,93,3,False,0.0,True,True
2021-03-19,12725.0,12837.0,9471.5,13859.25,OR_IN_POOL,93,4,False,0.0,True,True
2021-03-22,12927.75,12992.5,9471.5,13859.25,OR_IN_POOL,93,2,False,0.0,True,True
2021-03-23,13066.75,13119.5,9471.5,13859.25,OR_IN_POOL,93,1,False,0.0,True,True
2021-03-24,12988.5,13072.5,9471.5,13859.25,OR_IN_POOL,92,3,False,0.0,True,True
2021-03-25,12688.25,12803.0,9743.5,13859.25,OR_IN_POOL,93,3,False,0.0,True,True
2021-03-26,12754.0,12820.75,9743.5,13859.25,OR_IN_POOL,94,3,False,0.0,True,True
2021-03-29,12915.5,12977.5,9743.5,13859.25,OR_IN_POOL,95,2,False,0.0,True,True
2021-03-30,12813.75,12888.0,9743.5,13859.25,OR_IN_POOL,93,3,False,0.0,True,True
2021-03-31,12953.0,13015.5,9743.5,13859.25,OR_IN_POOL,91,2,False,0.0,True,True
2021-04-01,13241.5,13294.0,9743.5,13859.25,OR_IN_POOL,91,1,False,0.0,True,True
2021-04-05,13409.25,13446.0,9743.5,13859.25,OR_IN_POOL,89,0,True,48.875,False,True
2021-04-06,13538.75,13586.0,9743.5,13859.25,OR_IN_POOL,90,1,False,0.0,True,True
2021-04-07,13513.0,13560.5,9743.5,13859.25,OR_IN_POOL,90,1,False,0.0,True,True
2021-04-08,13711.25,13746.75,9743.5,13859.25,OR_IN_POOL,91,0,True,11.5,True,True
2021-04-09,13658.25,13703.0,9943.0,13859.25,OR_IN_POOL,92,2,False,0.0,True,True
2021-04-12,13776.5,13809.5,10131.25,13859.25,OR_IN_POOL,92,0,True,49.625,False,True
2021-04-13,13866.5,13939.0,10301.25,13859.25,OR_ABOVE_POOL,93,0,True,7.375,True,True
2021-04-14,13943.25,13988.5,10301.25,13939.0,OR_ABOVE_POOL,93,0,True,84.125,False,True
2021-04-15,13923.25,13977.75,10301.25,13988.5,OR_IN_POOL,94,1,False,0.0,True,True
2021-04-16,13973.25,14039.0,10301.25,13988.5,OR_IN_POOL,94,0,True,32.125,False,True
2021-04-19,13950.75,14013.25,10301.25,14039.0,OR_IN_POOL,94,1,False,0.0,True,True
2021-04-20,13852.0,13906.0,10301.25,14039.0,OR_IN_POOL,94,1,False,0.0,True,True
2021-04-21,13700.25,13763.75,10301.25,14039.0,OR_IN_POOL,92,2,False,0.0,True,True
2021-04-22,13871.25,13912.0,10301.25,14039.0,OR_IN_POOL,93,0,True,16.625,True,True
2021-04-23,13775.75,13822.0,10301.25,14039.0,OR_IN_POOL,95,1,False,0.0,True,True
2021-04-26,13919.0,13950.75,10301.25,14039.0,OR_IN_POOL,96,1,False,0.0,True,True
2021-04-27,13987.25,14034.75,10301.25,14039.0,OR_IN_POOL,97,0,True,11.75,True,True
2021-04-28,13885.5,13943.0,10301.25,14039.0,OR_IN_POOL,99,2,False,0.0,True,True
2021-04-29,14011.5,14061.0,10301.25,14039.0,OR_IN_POOL,98,1,False,0.0,True,True
2021-04-30,13840.25,13892.75,10301.25,14061.0,OR_IN_POOL,99,2,False,0.0,True,True
2021-05-03,13854.75,13916.25,10301.25,14061.0,OR_IN_POOL,98,2,False,0.0,True,True
2021-05-04,13594.0,13696.5,10301.25,14061.0,OR_IN_POOL,98,2,False,0.0,True,True
2021-05-05,13604.25,13665.5,10301.25,14061.0,OR_IN_POOL,97,1,False,0.0,True,True
2021-05-06,13424.25,13509.0,10513.5,14061.0,OR_IN_POOL,98,0,True,2.125,True,True
2021-05-07,13661.75,13740.5,10551.5,14061.0,OR_IN_POOL,99,3,False,0.0,True,True
2021-05-10,13536.0,13657.75,10551.5,14061.0,OR_IN_POOL,99,4,False,0.0,True,True
2021-05-11,13083.75,13227.0,10551.5,14061.0,OR_IN_POOL,98,3,False,0.0,True,True
2021-05-12,13120.5,13217.75,10702.5,14061.0,OR_IN_POOL,98,2,False,0.0,True,True
2021-05-13,13110.25,13168.75,10702.5,14061.0,OR_IN_POOL,98,2,False,0.0,True,True
2021-05-14,13208.25,13257.25,10702.5,14061.0,OR_IN_POOL,97,1,False,0.0,True,True
2021-05-17,13263.25,13341.5,10702.5,14061.0,OR_IN_POOL,97,1,False,0.0,True,True
2021-05-18,13313.5,13361.75,10702.5,14061.0,OR_IN_POOL,98,2,False,0.0,True,True
2021-05-19,12969.5,13065.0,10702.5,14061.0,OR_IN_POOL,98,4,False,0.0,True,True
2021-05-20,13281.5,13393.0,10702.5,14061.0,OR_IN_POOL,97,3,False,0.0,True,True
2021-05-21,13498.75,13569.75,10702.5,14061.0,OR_IN_POOL,97,2,False,0.0,True,True
2021-05-24,13493.0,13583.5,10702.5,14061.0,OR_IN_POOL,97,4,False,0.0,True,True
2021-05-25,13670.5,13732.25,10702.5,14061.0,OR_IN_POOL,97,2,False,0.0,True,True
2021-05-26,13672.0,13708.75,10702.5,14061.0,OR_IN_POOL,97,1,False,0.0,True,True
2021-05-27,13653.0,13695.25,10702.5,14061.0,OR_IN_POOL,95,1,False,0.0,True,True
2021-05-28,13695.75,13739.75,10702.5,14061.0,OR_IN_POOL,94,2,False,0.0,True,True
2021-05-31,13668.75,13680.25,10702.5,14061.0,OR_IN_POOL,94,0,True,8.5625,True,True
2021-06-01,13739.0,13773.0,10702.5,14061.0,OR_IN_POOL,93,2,False,0.0,True,True
2021-06-02,13651.25,13687.75,10702.5,14061.0,OR_IN_POOL,92,1,False,0.0,True,True
2021-06-03,13488.5,13570.75,10702.5,14061.0,OR_IN_POOL,91,4,False,0.0,True,True
2021-06-04,13605.5,13683.0,10702.5,14061.0,OR_IN_POOL,90,2,False,0.0,True,True
2021-06-07,13720.75,13764.75,10702.5,14061.0,OR_IN_POOL,90,2,False,0.0,True,True
2021-06-08,13863.0,13916.75,10702.5,14061.0,OR_IN_POOL,90,2,False,0.0,True,True
2021-06-09,13858.0,13891.0,10702.5,14061.0,OR_IN_POOL,88,1,False,0.0,True,True
2021-06-10,13811.25,13922.25,10702.5,14061.0,OR_IN_POOL,89,3,False,0.0,True,True
2021-06-11,13932.75,13965.5,10702.5,14061.0,OR_IN_POOL,89,2,False,0.0,True,True
2021-06-14,13957.0,14007.5,10702.5,14061.0,OR_IN_POOL,89,2,False,0.0,True,True
2021-06-15,14063.25,14113.5,10702.5,14061.0,OR_ABOVE_POOL,88,0,True,26.375,True,True
2021-06-16,14042.5,14074.0,10702.5,14113.5,OR_IN_POOL,88,1,False,0.0,True,True
2021-06-17,13932.0,14019.25,10702.5,14113.5,OR_IN_POOL,87,5,False,0.0,True,True
2021-06-18,14044.5,14132.0,10702.5,14113.5,OR_IN_POOL,87,1,False,0.0,True,True
2021-06-21,13958.75,14072.25,10702.5,14132.0,OR_IN_POOL,86,5,False,0.0,True,True
2021-06-22,14107.25,14176.75,10702.5,14132.0,OR_IN_POOL,86,0,True,34.125,False,True
2021-06-23,14253.75,14299.75,10702.5,14176.75,OR_ABOVE_POOL,87,0,True,143.375,False,False
2021-06-24,14344.0,14386.25,10702.5,14299.75,OR_ABOVE_POOL,87,0,True,233.625,False,False
2021-06-25,14361.25,14390.75,10702.5,14386.25,OR_IN_POOL,87,0,True,250.875,False,False
2021-06-28,14391.0,14458.5,10702.5,14390.75,OR_ABOVE_POOL,88,0,True,2.5,True,True
2021-06-29,14470.0,14525.25,10702.5,14458.5,OR_ABOVE_POOL,87,0,True,80.66666666666606,False,True
2021-06-30,14524.75,14568.75,10702.5,14525.25,OR_IN_POOL,87,0,True,135.41666666666606,False,False
2021-07-01,14515.5,14564.5,10702.5,14568.75,OR_IN_POOL,87,1,False,0.0,True,True
2021-07-02,14619.25,14660.75,10704.0,14568.75,OR_ABOVE_POOL,87,0,True,52.625,False,True
2021-07-05,14696.0,14704.25,10704.0,14660.75,OR_ABOVE_POOL,87,0,True,129.375,False,False
2021-07-06,14738.75,14773.75,10704.0,14704.25,OR_ABOVE_POOL,86,0,True,172.125,False,False
2021-07-07,14817.0,14883.75,10846.25,14773.75,OR_ABOVE_POOL,86,0,True,250.375,False,False
2021-07-08,14568.0,14641.75,11101.25,14883.75,OR_IN_POOL,86,0,True,1.375,True,True
2021-07-09,14668.25,14722.5,11101.25,14883.75,OR_IN_POOL,85,0,True,101.16666666666606,False,False
2021-07-12,14824.0,14888.75,11101.25,14883.75,OR_IN_POOL,83,0,True,256.91666666666606,False,False
2021-07-13,14842.0,14881.25,11101.25,14888.75,OR_IN_POOL,85,0,True,5.0,True,True
2021-07-14,14936.25,14991.25,11101.25,14888.75,OR_ABOVE_POOL,84,0,True,51.66666666666606,False,True
2021-07-15,14796.0,14902.0,11101.25,14991.25,OR_IN_POOL,83,2,False,0.0,True,True
2021-07-16,14827.75,14869.5,11101.25,14991.25,OR_IN_POOL,83,0,True,7.25,True,True
2021-07-19,14489.5,14571.0,11101.25,14991.25,OR_IN_POOL,82,2,False,0.0,True,True
2021-07-20,14516.75,14601.25,11101.25,14991.25,OR_IN_POOL,82,2,False,0.0,True,True
2021-07-21,14692.0,14747.25,11101.25,14991.25,OR_IN_POOL,83,0,True,75.66666666666606,False,True
2021-07-22,14839.75,14894.75,11101.25,14991.25,OR_IN_POOL,84,1,False,0.0,True,True
2021-07-23,14934.25,14994.25,11101.25,14991.25,OR_IN_POOL,85,0,True,47.125,False,True
2021-07-26,15040.25,15090.5,11101.25,14994.25,OR_ABOVE_POOL,87,0,True,47.5,False,True
2021-07-27,15050.0,15107.0,11101.25,15090.5,OR_IN_POOL,86,0,True,57.25,False,True
2021-07-28,14901.5,15022.5,11101.25,15107.0,OR_IN_POOL,85,2,False,0.0,True,True
2021-07-29,14982.25,15069.75,11101.25,15107.0,OR_IN_POOL,83,1,False,0.0,True,True
2021-07-30,14866.0,14921.5,11101.25,15107.0,OR_IN_POOL,82,1,False,0.0,True,True
2021-08-02,14950.75,15044.25,11101.25,15107.0,OR_IN_POOL,81,1,False,0.0,True,True
2021-08-03,14952.0,14998.5,11101.25,15107.0,OR_IN_POOL,81,1,False,0.0,True,True
2021-08-04,15033.0,15066.75,11101.25,15107.0,OR_IN_POOL,81,1,False,0.0,True,True
2021-08-05,15072.75,15114.75,11101.25,15107.0,OR_IN_POOL,82,0,True,4.5,True,True
2021-08-06,15104.5,15150.0,11101.25,15114.75,OR_IN_POOL,82,0,True,34.75,False,True
2021-08-09,15069.0,15138.75,11101.25,15150.0,OR_IN_POOL,82,2,False,0.0,True,True
2021-08-10,15117.0,15153.75,11101.25,15150.0,OR_IN_POOL,82,0,True,11.25,True,True
2021-08-11,15061.5,15119.0,11101.25,15153.75,OR_IN_POOL,83,3,False,0.0,True,True
2021-08-12,14952.25,15005.25,11101.25,15153.75,OR_IN_POOL,83,1,False,0.0,True,True
2021-08-13,15068.0,15095.25,11101.25,15153.75,OR_IN_POOL,83,0,True,0.049999999999272404,True,True
2021-08-16,15076.5,15112.0,11556.75,15153.75,OR_IN_POOL,84,2,False,0.0,True,True
2021-08-17,14971.5,15040.0,11630.75,15153.75,OR_IN_POOL,83,1,False,0.0,True,True
2021-08-18,14964.25,15011.0,11630.75,15153.75,OR_IN_POOL,83,1,False,0.0,True,True
2021-08-19,14763.5,14835.75,11630.75,15153.75,OR_IN_POOL,83,1,False,0.0,True,True
2021-08-20,14959.25,14996.0,11630.75,15153.75,OR_IN_POOL,82,0,True,4.049999999999272,True,True
2021-08-23,15124.75,15194.0,11702.25,15153.75,OR_IN_POOL,82,1,False,0.0,True,True
2021-08-24,15312.75,15353.5,11841.5,15194.0,OR_ABOVE_POOL,82,0,True,160.875,False,False
2021-08-25,15360.75,15397.0,11841.5,15353.5,OR_ABOVE_POOL,81,0,True,208.875,False,False
2021-08-26,15335.25,15360.0,11841.5,15397.0,OR_IN_POOL,81,0,True,183.375,False,False
2021-08-27,15284.25,15332.25,11841.5,15397.0,OR_IN_POOL,82,0,True,25.83333333333394,True,True
2021-08-30,15455.25,15516.5,11841.5,15397.0,OR_ABOVE_POOL,83,0,True,97.16666666666606,False,True
2021-08-31,15531.25,15609.0,11841.5,15516.5,OR_ABOVE_POOL,83,0,True,173.16666666666606,False,False
2021-09-01,15622.0,15672.75,11878.5,15609.0,OR_ABOVE_POOL,83,0,True,263.91666666666606,False,False
2021-09-02,15651.75,15680.5,11878.5,15672.75,OR_IN_POOL,81,0,True,293.66666666666606,False,False
2021-09-03,15554.5,15610.0,11878.5,15680.5,OR_IN_POOL,81,0,True,196.41666666666606,False,False
2021-09-06,15686.5,15691.0,12099.0,15680.5,OR_ABOVE_POOL,82,0,True,77.0,False,True
2021-09-07,15625.75,15669.0,12189.0,15691.0,OR_IN_POOL,83,0,True,16.25,True,True
2021-09-08,15614.25,15667.0,12214.5,15691.0,OR_IN_POOL,85,1,False,0.0,True,True
2021-09-09,15621.75,15670.5,12218.0,15691.0,OR_IN_POOL,84,2,False,0.0,True,True
2021-09-10,15629.25,15659.75,12218.0,15691.0,OR_IN_POOL,84,0,True,6.08333333333394,True,True
2021-09-13,15444.0,15557.5,12218.0,15691.0,OR_IN_POOL,83,0,True,53.58333333333394,False,True
2021-09-14,15460.25,15523.75,12218.0,15691.0,OR_IN_POOL,84,0,True,32.25,False,True
2021-09-15,15331.0,15433.25,12218.0,15691.0,OR_IN_POOL,84,2,False,0.0,True,True
2021-09-16,15413.0,15472.75,12218.0,15691.0,OR_IN_POOL,83,1,False,0.0,True,True
2021-09-17,15408.0,15484.75,12218.0,15691.0,OR_IN_POOL,82,1,False,0.0,True,True
2021-09-20,15035.25,15142.5,12218.0,15691.0,OR_IN_POOL,82,4,False,0.0,True,True
2021-09-21,15028.0,15098.0,12218.0,15691.0,OR_IN_POOL,83,3,False,0.0,True,True
2021-09-22,15014.75,15071.5,12275.25,15691.0,OR_IN_POOL,82,2,False,0.0,True,True
2021-09-23,15182.0,15268.0,12421.25,15691.0,OR_IN_POOL,82,0,True,30.125,False,True
2021-09-24,15189.75,15242.75,12446.25,15691.0,OR_IN_POOL,82,0,True,37.875,False,True
2021-09-27,15084.0,15214.75,12446.25,15691.0,OR_IN_POOL,82,4,False,0.0,True,True
2021-09-28,14928.5,15031.25,12446.25,15691.0,OR_IN_POOL,80,3,False,0.0,True,True
2021-09-29,14787.75,14852.75,12446.25,15691.0,OR_IN_POOL,79,2,False,0.0,True,True
2021-09-30,14806.75,14872.0,12446.25,15691.0,OR_IN_POOL,79,3,False,0.0,True,True
2021-10-01,14630.75,14735.25,12446.25,15691.0,OR_IN_POOL,79,1,False,0.0,True,True
2021-10-04,14590.0,14720.0,12446.25,15691.0,OR_IN_POOL,80,1,False,0.0,True,True
2021-10-05,14496.5,14573.5,12446.25,15691.0,OR_IN_POOL,81,3,False,0.0,True,True
2021-10-06,14511.25,14639.0,12446.25,15691.0,OR_IN_POOL,82,3,False,0.0,True,True
2021-10-07,14859.25,14949.0,12446.25,15691.0,OR_IN_POOL,83,3,False,0.0,True,True
2021-10-08,14847.75,14943.25,12446.25,15691.0,OR_IN_POOL,82,3,False,0.0,True,True
2021-10-11,14721.5,14827.0,12446.25,15691.0,OR_IN_POOL,80,2,False,0.0,True,True
2021-10-12,14689.0,14778.75,12446.25,15691.0,OR_IN_POOL,80,3,False,0.0,True,True
2021-10-13,14717.75,14778.75,12446.25,15691.0,OR_IN_POOL,82,3,False,0.0,True,True
2021-10-14,14890.5,14951.0,12446.25,15691.0,OR_IN_POOL,81,2,False,0.0,True,True
2021-10-15,15049.25,15100.0,12446.25,15691.0,OR_IN_POOL,81,1,False,0.0,True,True
2021-10-18,15051.75,15117.75,12446.25,15691.0,OR_IN_POOL,80,2,False,0.0,True,True
2021-10-19,15302.25,15354.5,12446.25,15691.0,OR_IN_POOL,80,1,False,0.0,True,True
2021-10-20,15402.0,15435.25,12446.25,15691.0,OR_IN_POOL,80,1,False,0.0,True,True
2021-10-21,15334.25,15379.0,12446.25,15691.0,OR_IN_POOL,80,1,False,0.0,True,True
2021-10-22,15404.5,15458.25,12446.25,15691.0,OR_IN_POOL,79,3,False,0.0,True,True
2021-10-25,15322.25,15432.5,12446.25,15691.0,OR_IN_POOL,79,3,False,0.0,True,True
2021-10-26,15580.25,15658.25,12446.25,15691.0,OR_IN_POOL,79,2,False,0.0,True,True
2021-10-27,15558.25,15626.0,12446.25,15691.0,OR_IN_POOL,79,2,False,0.0,True,True
2021-10-28,15635.75,15687.25,12446.25,15691.0,OR_IN_POOL,79,3,False,0.0,True,True
2021-10-29,15616.0,15683.25,12446.25,15691.0,OR_IN_POOL,78,3,False,0.0,True,True
2021-11-01,15804.75,15868.5,12446.25,15691.0,OR_ABOVE_POOL,77,0,True,119.04999999999927,False,False
2021-11-02,15864.25,15950.0,12446.25,15868.5,OR_IN_POOL,77,0,True,178.54999999999927,False,False
2021-11-03,15943.25,15997.5,12446.25,15950.0,OR_IN_POOL,78,0,True,76.875,False,True
2021-11-04,16157.0,16205.5,12446.25,15997.5,OR_ABOVE_POOL,79,0,True,210.375,False,False
2021-11-05,16390.25,16448.5,12446.25,16205.5,OR_ABOVE_POOL,77,0,True,443.625,False,False
2021-11-08,16332.25,16394.25,12446.25,16448.5,OR_IN_POOL,77,0,True,385.625,False,False
2021-11-09,16354.0,16391.75,12446.25,16448.5,OR_IN_POOL,78,0,True,0.5,True,True
2021-11-10,16041.5,16126.0,12446.25,16448.5,OR_IN_POOL,77,0,True,94.875,False,True
2021-11-11,16053.5,16110.5,12446.25,16448.5,OR_IN_POOL,76,0,True,106.875,False,False
2021-11-12,16007.0,16078.0,12446.25,16448.5,OR_IN_POOL,76,0,True,60.375,False,True
2021-11-15,16211.25,16253.75,12446.25,16448.5,OR_IN_POOL,75,0,True,138.33333333333212,False,False
2021-11-16,16149.0,16252.0,12446.25,16448.5,OR_IN_POOL,76,1,False,0.0,True,True
2021-11-17,16292.5,16322.5,12446.25,16448.5,OR_IN_POOL,78,0,True,39.625,False,True
2021-11-18,16353.5,16402.5,12446.25,16448.5,OR_IN_POOL,78,1,False,0.0,True,True
2021-11-19,16516.25,16564.0,12446.25,16448.5,OR_ABOVE_POOL,79,0,True,124.16666666666788,False,False
2021-11-22,16638.25,16711.5,12446.25,16564.0,OR_ABOVE_POOL,79,0,True,246.16666666666788,False,False
2021-11-23,16282.75,16378.0,12446.25,16711.5,OR_IN_POOL,79,1,False,0.0,True,True
2021-11-24,16114.0,16208.0,12446.25,16711.5,OR_IN_POOL,79,0,True,0.375,True,True
2021-11-25,16379.25,16399.75,12446.25,16711.5,OR_IN_POOL,80,1,False,0.0,True,True
2021-11-26,16202.5,16307.5,12446.25,16711.5,OR_IN_POOL,81,2,False,0.0,True,True
2021-11-29,16210.0,16281.0,12446.25,16711.5,OR_IN_POOL,81,1,False,0.0,True,True
2021-11-30,16318.75,16372.25,12446.25,16711.5,OR_IN_POOL,82,1,False,0.0,True,True
2021-12-01,16270.75,16354.0,12446.25,16711.5,OR_IN_POOL,81,3,False,0.0,True,True
2021-12-02,15787.0,15978.5,12446.25,16711.5,OR_IN_POOL,81,2,False,0.0,True,True
2021-12-03,15932.25,16090.75,12446.25,16711.5,OR_IN_POOL,80,1,False,0.0,True,True
2021-12-06,15559.25,15760.75,12446.25,16711.5,OR_IN_POOL,79,4,False,0.0,True,True
2021-12-07,16119.0,16179.25,12446.25,16711.5,OR_IN_POOL,79,0,True,6.75,True,True
2021-12-08,16251.5,16334.0,12446.25,16711.5,OR_IN_POOL,79,3,False,0.0,True,True
2021-12-09,16334.75,16413.5,12446.25,16711.5,OR_IN_POOL,79,3,False,0.0,True,True
2021-12-10,16243.0,16328.25,12446.25,16711.5,OR_IN_POOL,79,3,False,0.0,True,True
2021-12-13,16269.0,16340.0,12446.25,16711.5,OR_IN_POOL,77,2,False,0.0,True,True
2021-12-14,15856.25,15992.0,12526.5,16711.5,OR_IN_POOL,78,2,False,0.0,True,True
2021-12-15,15859.75,15927.75,12587.0,16711.5,OR_IN_POOL,78,1,False,0.0,True,True
2021-12-16,16212.5,16342.0,12688.25,16711.5,OR_IN_POOL,79,4,False,0.0,True,True
2021-12-17,15656.75,15791.75,12688.25,16711.5,OR_IN_POOL,78,2,False,0.0,True,True
2021-12-20,15542.75,15642.5,12688.25,16711.5,OR_IN_POOL,79,2,False,0.0,True,True
2021-12-21,15707.5,15798.75,12688.25,16711.5,OR_IN_POOL,79,1,False,0.0,True,True
2021-12-22,15933.75,16012.25,12688.25,16711.5,OR_IN_POOL,78,2,False,0.0,True,True
2021-12-23,16176.5,16237.0,12688.25,16711.5,OR_IN_POOL,79,1,False,0.0,True,True
2021-12-27,16344.5,16448.25,12688.25,16711.5,OR_IN_POOL,80,3,False,0.0,True,True
2021-12-28,16520.75,16611.5,12688.25,16711.5,OR_IN_POOL,79,0,True,72.375,False,True
2021-12-29,16492.0,16549.25,12688.25,16711.5,OR_IN_POOL,80,1,False,0.0,True,True
2021-12-30,16449.5,16518.0,12688.25,16711.5,OR_IN_POOL,79,0,True,0.5,True,True
2021-12-31,16406.0,16464.0,12688.25,16711.5,OR_IN_POOL,77,1,False,0.0,True,True
2022-01-03,16378.5,16484.75,12688.25,16711.5,OR_IN_POOL,77,2,False,0.0,True,True
2022-01-04,16467.25,16512.25,12754.0,16711.5,OR_IN_POOL,77,0,True,6.083333333332121,True,True
2022-01-05,16103.0,16216.75,12813.75,16711.5,OR_IN_POOL,77,3,False,0.0,True,True
2022-01-06,15672.0,15850.5,12813.75,16711.5,OR_IN_POOL,77,2,False,0.0,True,True
2022-01-07,15673.75,15812.5,12953.0,16711.5,OR_IN_POOL,77,2,False,0.0,True,True
2022-01-10,15289.75,15415.0,12969.5,16711.5,OR_IN_POOL,76,3,False,0.0,True,True
2022-01-11,15474.5,15594.0,12969.5,16711.5,OR_IN_POOL,77,1,False,0.0,True,True
2022-01-12,15894.5,15992.5,12969.5,16711.5,OR_IN_POOL,78,2,False,0.0,True,True
2022-01-13,15914.25,15979.25,12969.5,16711.5,OR_IN_POOL,76,2,False,0.0,True,True
2022-01-14,15379.75,15536.0,12969.5,16711.5,OR_IN_POOL,76,4,False,0.0,True,True
2022-01-17,15572.5,15611.25,12969.5,16711.5,OR_IN_POOL,78,0,True,11.681818181818016,True,True
2022-01-18,15272.5,15374.25,12969.5,16711.5,OR_IN_POOL,78,3,False,0.0,True,True
2022-01-19,15251.5,15340.0,12969.5,16711.5,OR_IN_POOL,78,3,False,0.0,True,True
2022-01-20,15160.5,15258.5,12969.5,16711.5,OR_IN_POOL,79,1,False,0.0,True,True
2022-01-21,14667.5,14818.75,12969.5,16711.5,OR_IN_POOL,78,4,False,0.0,True,True
2022-01-24,14116.75,14263.75,12969.5,16711.5,OR_IN_POOL,78,0,True,6.375,True,True
2022-01-25,14184.0,14304.75,12969.5,16711.5,OR_IN_POOL,78,0,True,71.5,False,True
2022-01-26,14350.0,14499.75,12969.5,16711.5,OR_IN_POOL,79,2,False,0.0,True,True
2022-01-27,14231.75,14354.0,12969.5,16711.5,OR_IN_POOL,80,2,False,0.0,True,True
2022-01-28,13893.0,14102.25,12969.5,16711.5,OR_IN_POOL,79,7,False,0.0,True,True
2022-01-31,14416.25,14584.0,12969.5,16711.5,OR_IN_POOL,79,4,False,0.0,True,True
2022-02-01,14787.0,14952.0,12969.5,16711.5,OR_IN_POOL,79,4,False,0.0,True,True
2022-02-02,15063.0,15178.0,12969.5,16711.5,OR_IN_POOL,80,4,False,0.0,True,True
2022-02-03,14677.25,14799.25,12969.5,16711.5,OR_IN_POOL,81,5,False,0.0,True,True
2022-02-04,14433.0,14579.75,12969.5,16711.5,OR_IN_POOL,82,4,False,0.0,True,True
2022-02-07,14670.25,14782.25,12969.5,16711.5,OR_IN_POOL,79,4,False,0.0,True,True
2022-02-08,14501.0,14588.25,12969.5,16711.5,OR_IN_POOL,78,3,False,0.0,True,True
2022-02-09,14888.5,14951.5,12969.5,16711.5,OR_IN_POOL,78,2,False,0.0,True,True
2022-02-10,14735.25,14855.25,12969.5,16711.5,OR_IN_POOL,78,5,False,0.0,True,True
2022-02-11,14656.25,14750.5,12969.5,16711.5,OR_IN_POOL,77,4,False,0.0,True,True
2022-02-14,14182.25,14288.25,12969.5,16711.5,OR_IN_POOL,78,0,True,14.0,True,True
2022-02-15,14446.25,14522.25,12969.5,16711.5,OR_IN_POOL,80,2,False,0.0,True,True
2022-02-16,14430.5,14516.0,12969.5,16711.5,OR_IN_POOL,79,1,False,0.0,True,True
2022-02-17,14448.75,14496.0,12969.5,16711.5,OR_IN_POOL,80,0,True,0.6875,True,True
2022-02-18,14088.0,14218.25,12969.5,16711.5,OR_IN_POOL,81,2,False,0.0,True,True
2022-02-21,13812.25,13884.0,12969.5,16711.5,OR_IN_POOL,81,1,False,0.0,True,True
2022-02-22,13862.0,13987.0,12969.5,16711.5,OR_IN_POOL,81,4,False,0.0,True,True
2022-02-23,13941.5,14031.25,12969.5,16711.5,OR_IN_POOL,81,1,False,0.0,True,True
2022-02-24,13058.75,13304.5,12969.5,16711.5,OR_IN_POOL,81,0,True,188.91666666666606,False,False
2022-02-25,13871.5,14014.75,13058.75,16711.5,OR_IN_POOL,81,4,False,0.0,True,True
2022-02-28,14027.0,14113.25,13058.75,16711.5,OR_IN_POOL,82,3,False,0.0,True,True
2022-03-01,14153.5,14253.5,13058.75,16711.5,OR_IN_POOL,82,1,False,0.0,True,True
2022-03-02,14010.75,14111.5,13058.75,16711.5,OR_IN_POOL,82,5,False,0.0,True,True
2022-03-03,14272.0,14354.5,13058.75,16711.5,OR_IN_POOL,82,2,False,0.0,True,True
2022-03-04,13889.5,13995.5,13058.75,16711.5,OR_IN_POOL,81,3,False,0.0,True,True
2022-03-07,13744.25,13879.75,13058.75,16711.5,OR_IN_POOL,79,2,False,0.0,True,True
2022-03-08,13221.5,13373.75,13058.75,16711.5,OR_IN_POOL,79,0,True,309.91666666666606,False,False
2022-03-09,13524.5,13621.25,13058.75,16711.5,OR_IN_POOL,79,0,True,64.125,False,True
2022-03-10,13487.25,13579.0,13058.75,16711.5,OR_IN_POOL,78,0,True,106.375,False,False
2022-03-11,13605.75,13724.0,13058.75,16711.5,OR_IN_POOL,78,0,True,87.75,False,True
2022-03-14,13200.75,13326.25,13058.75,16711.5,OR_IN_POOL,79,0,True,279.375,False,False
2022-03-15,13091.0,13208.25,13058.75,16711.5,OR_IN_POOL,78,0,True,514.125,False,False
2022-03-16,13612.0,13718.25,13058.75,16711.5,OR_IN_POOL,77,0,True,93.5,False,True
2022-03-17,13819.0,13900.75,13058.75,16711.5,OR_IN_POOL,78,2,False,0.0,True,True
2022-03-18,13995.25,14078.75,13058.75,16711.5,OR_IN_POOL,77,4,False,0.0,True,True
2022-03-21,14358.75,14466.75,13058.75,16711.5,OR_IN_POOL,78,3,False,0.0,True,True
2022-03-22,14374.5,14489.0,13058.75,16711.5,OR_IN_POOL,78,4,False,0.0,True,True
2022-03-23,14470.75,14546.5,13058.75,16711.5,OR_IN_POOL,77,2,False,0.0,True,True
2022-03-24,14472.0,14551.5,13058.75,16711.5,OR_IN_POOL,77,2,False,0.0,True,True
2022-03-25,14713.75,14788.5,13058.75,16711.5,OR_IN_POOL,77,4,False,0.0,True,True
2022-03-28,14750.0,14884.5,13058.75,16711.5,OR_IN_POOL,77,4,False,0.0,True,True
2022-03-29,15136.75,15219.5,13058.75,16711.5,OR_IN_POOL,77,4,False,0.0,True,True
2022-03-30,15141.5,15197.75,13058.75,16711.5,OR_IN_POOL,77,3,False,0.0,True,True
2022-03-31,14987.25,15090.0,13058.75,16711.5,OR_IN_POOL,77,3,False,0.0,True,True
2022-04-01,14856.5,14932.0,13058.75,16711.5,OR_IN_POOL,75,1,False,0.0,True,True
2022-04-04,14884.0,14995.25,13058.75,16711.5,OR_IN_POOL,75,2,False,0.0,True,True
2022-04-05,15079.5,15135.5,13058.75,16711.5,OR_IN_POOL,74,1,False,0.0,True,True
2022-04-06,14534.0,14643.5,13058.75,16711.5,OR_IN_POOL,73,3,False,0.0,True,True
2022-04-07,14459.5,14577.75,13058.75,16711.5,OR_IN_POOL,73,5,False,0.0,True,True
2022-04-08,14363.75,14476.75,13058.75,16711.5,OR_IN_POOL,73,3,False,0.0,True,True
2022-04-11,14099.5,14178.0,13058.75,16711.5,OR_IN_POOL,73,1,False,0.0,True,True
2022-04-12,14113.0,14202.25,13058.75,16711.5,OR_IN_POOL,74,2,False,0.0,True,True
2022-04-13,13921.5,14029.75,13058.75,16711.5,OR_IN_POOL,74,3,False,0.0,True,True
2022-04-14,14133.75,14246.75,13058.75,16711.5,OR_IN_POOL,74,1,False,0.0,True,True
2022-04-18,13849.0,13932.75,13058.75,16711.5,OR_IN_POOL,75,1,False,0.0,True,True
2022-04-19,13833.75,13928.5,13058.75,16711.5,OR_IN_POOL,75,1,False,0.0,True,True
2022-04-20,14123.75,14269.75,13058.75,16711.5,OR_IN_POOL,76,2,False,0.0,True,True
2022-04-21,14163.5,14283.0,13058.75,16711.5,OR_IN_POOL,77,3,False,0.0,True,True
2022-04-22,13615.5,13777.5,13058.75,16711.5,OR_IN_POOL,79,1,False,0.0,True,True
2022-04-25,13261.75,13366.0,13058.75,16711.5,OR_IN_POOL,80,0,True,247.625,False,False
2022-04-26,13317.75,13450.75,13058.75,16711.5,OR_IN_POOL,79,0,True,162.875,False,False
2022-04-27,13009.25,13204.5,13058.75,16711.5,OR_IN_POOL,78,0,True,409.125,False,False
2022-04-28,13116.75,13280.5,13009.25,16711.5,OR_IN_POOL,79,1,False,0.0,True,True
2022-04-29,13226.0,13374.25,13009.25,16711.5,OR_IN_POOL,79,0,True,21.5,True,True
2022-05-02,12742.5,12936.0,13009.25,16711.5,OR_BELOW_POOL,80,0,True,268.5,False,False
2022-05-03,12989.5,13080.5,12742.5,16711.5,OR_IN_POOL,79,0,True,124.0,False,False
2022-05-04,13057.5,13114.25,12742.5,16711.5,OR_IN_POOL,80,0,True,90.25,False,True
2022-05-05,13247.25,13346.5,12742.5,16711.5,OR_IN_POOL,82,0,True,23.5,True,True
2022-05-06,12582.75,12792.5,12742.5,16711.5,OR_IN_POOL,83,0,True,265.625,False,False
2022-05-09,12419.25,12555.5,12582.75,16711.5,OR_BELOW_POOL,83,0,True,502.625,False,False
2022-05-10,12394.0,12547.25,12419.25,16711.5,OR_IN_POOL,82,0,True,510.875,False,False
2022-05-11,12146.25,12345.75,12394.0,16711.5,OR_BELOW_POOL,82,0,True,712.375,False,False
2022-05-12,11692.75,11874.75,12146.25,16711.5,OR_BELOW_POOL,83,0,True,1183.375,False,False
2022-05-13,12064.75,12197.75,11692.75,16711.5,OR_IN_POOL,84,0,True,860.375,False,False
2022-05-16,12237.0,12358.5,11692.75,16711.5,OR_IN_POOL,84,0,True,699.625,False,False
2022-05-17,12457.0,12535.25,11692.75,16711.5,OR_IN_POOL,84,0,True,522.875,False,False
2022-05-18,12308.0,12399.75,11692.75,16711.5,OR_IN_POOL,84,0,True,658.375,False,False
2022-05-19,11864.5,11978.75,11692.75,16711.5,OR_IN_POOL,85,0,True,418.125,False,False
2022-05-20,11945.5,12053.25,11692.75,16711.5,OR_IN_POOL,84,0,True,343.625,False,False
2022-05-23,11818.25,11929.25,11692.75,16711.5,OR_IN_POOL,84,0,True,467.625,False,False
2022-05-24,11742.25,11847.75,11692.75,16711.5,OR_IN_POOL,85,0,True,549.125,False,False
2022-05-25,11708.0,11844.75,11692.75,16711.5,OR_IN_POOL,86,0,True,552.125,False,False
2022-05-26,11899.0,12059.25,11692.75,16711.5,OR_IN_POOL,87,0,True,52.75,False,True
2022-05-27,12401.75,12514.0,11692.75,16711.5,OR_IN_POOL,88,0,True,4.875,True,True
2022-05-30,12746.0,12774.75,11692.75,16711.5,OR_IN_POOL,86,0,True,283.375,False,False
2022-05-31,12520.25,12688.75,11692.75,16711.5,OR_IN_POOL,87,0,True,55.5,False,True
2022-06-01,12731.0,12814.25,11692.75,16711.5,OR_IN_POOL,87,1,False,0.0,True,True
2022-06-02,12442.25,12547.75,11692.75,16711.5,OR_IN_POOL,85,1,False,0.0,True,True
2022-06-03,12619.5,12716.75,11692.75,16711.5,OR_IN_POOL,86,0,True,27.5,True,True
2022-06-06,12692.5,12785.25,11692.75,16711.5,OR_IN_POOL,86,1,False,0.0,True,True
2022-06-07,12412.0,12526.5,11692.75,16711.5,OR_IN_POOL,86,1,False,0.0,True,True
2022-06-08,12627.5,12723.25,11692.75,16711.5,OR_IN_POOL,85,1,False,0.0,True,True
2022-06-09,12506.25,12598.5,11692.75,16711.5,OR_IN_POOL,86,2,False,0.0,True,True
2022-06-10,11971.25,12090.0,11692.75,16711.5,OR_IN_POOL,86,1,False,0.0,True,True
2022-06-13,11491.25,11604.0,11692.75,16711.5,OR_BELOW_POOL,86,0,True,242.25,False,False
2022-06-14,11295.25,11442.5,11491.25,16711.5,OR_BELOW_POOL,87,0,True,403.75,False,False
2022-06-15,11459.5,11546.75,11295.25,16711.5,OR_IN_POOL,87,0,True,299.5,False,False
2022-06-16,11261.5,11350.0,11295.25,16711.5,OR_IN_POOL,87,0,True,496.25,False,False
2022-06-17,11184.75,11326.0,11261.5,16711.5,OR_IN_POOL,87,0,True,520.25,False,False
2022-06-20,11339.75,11376.0,11184.75,16711.5,OR_IN_POOL,87,0,True,470.25,False,False
2022-06-21,11475.75,11602.5,11184.75,16711.5,OR_IN_POOL,88,0,True,243.75,False,False
2022-06-22,11446.5,11527.0,11184.75,16711.5,OR_IN_POOL,89,0,True,76.25,False,True
2022-06-23,11560.75,11683.75,11184.75,16711.5,OR_IN_POOL,90,1,False,0.0,True,True
2022-06-24,11838.5,11959.5,11184.75,16711.5,OR_IN_POOL,89,1,False,0.0,True,True
2022-06-27,12047.75,12213.5,11184.75,16711.5,OR_IN_POOL,89,1,False,0.0,True,True
2022-06-28,12047.25,12174.25,11184.75,16711.5,OR_IN_POOL,88,1,False,0.0,True,True
2022-06-29,11573.5,11690.5,11184.75,16711.5,OR_IN_POOL,88,1,False,0.0,True,True
2022-06-30,11435.25,11588.0,11184.75,16711.5,OR_IN_POOL,89,1,False,0.0,True,True
2022-07-01,11417.25,11535.5,11184.75,16711.5,OR_IN_POOL,87,1,False,0.0,True,True
2022-07-04,11544.25,11571.0,11184.75,16711.5,OR_IN_POOL,87,0,True,32.25,False,True
2022-07-05,11388.75,11466.0,11184.75,16711.5,OR_IN_POOL,87,1,False,0.0,True,True
2022-07-06,11766.5,11883.75,11184.75,16711.5,OR_IN_POOL,88,1,False,0.0,True,True
2022-07-07,11918.25,12023.0,11184.75,16711.5,OR_IN_POOL,86,0,True,31.450000000000728,False,True
2022-07-08,11987.75,12090.75,11184.75,16711.5,OR_IN_POOL,85,1,False,0.0,True,True
2022-07-11,11890.25,12062.5,11184.75,16711.5,OR_IN_POOL,86,1,False,0.0,True,True
2022-07-12,11928.5,12025.5,11184.75,16711.5,OR_IN_POOL,87,0,True,30.29166666666606,False,True
2022-07-13,11522.5,11660.5,11184.75,16711.5,OR_IN_POOL,88,3,False,0.0,True,True
2022-07-14,11547.75,11684.25,11184.75,16711.5,OR_IN_POOL,89,2,False,0.0,True,True
2022-07-15,11915.25,11985.0,11184.75,16711.5,OR_IN_POOL,89,1,False,0.0,True,True
2022-07-18,12090.0,12158.0,11184.75,16711.5,OR_IN_POOL,90,1,False,0.0,True,True
2022-07-19,12000.5,12080.75,11184.75,16711.5,OR_IN_POOL,90,2,False,0.0,True,True
2022-07-20,12256.0,12332.75,11184.75,16711.5,OR_IN_POOL,90,0,True,65.75,False,True
2022-07-21,12410.75,12513.25,11184.75,16711.5,OR_IN_POOL,90,0,True,7.0,True,True
2022-07-22,12565.75,12649.0,11184.75,16711.5,OR_IN_POOL,91,0,True,18.25,True,True
2022-07-25,12357.0,12444.25,11184.75,16711.5,OR_IN_POOL,90,2,False,0.0,True,True
2022-07-26,12216.5,12291.25,11184.75,16711.5,OR_IN_POOL,92,0,True,66.5,False,True
2022-07-27,12276.25,12375.0,11184.75,16711.5,OR_IN_POOL,92,1,False,0.0,True,True
2022-07-28,12514.75,12654.25,11184.75,16711.5,OR_IN_POOL,92,2,False,0.0,True,True
2022-07-29,12744.25,12864.75,11184.75,16711.5,OR_IN_POOL,93,1,False,0.0,True,True
2022-08-01,12851.25,12963.75,11184.75,16711.5,OR_IN_POOL,91,0,True,94.375,False,True
2022-08-02,12853.0,12943.0,11184.75,16711.5,OR_IN_POOL,90,0,True,108.75,False,False
2022-08-03,12989.25,13090.0,11184.75,16711.5,OR_IN_POOL,92,1,False,0.0,True,True
2022-08-04,13245.0,13328.5,11184.75,16711.5,OR_IN_POOL,94,0,True,21.25,True,True
2022-08-05,13114.25,13211.25,11184.75,16711.5,OR_IN_POOL,95,2,False,0.0,True,True
2022-08-08,13231.75,13376.0,11184.75,16711.5,OR_IN_POOL,94,3,False,0.0,True,True
2022-08-09,13037.0,13112.25,11184.75,16711.5,OR_IN_POOL,92,2,False,0.0,True,True
2022-08-10,13268.25,13355.0,11184.75,16711.5,OR_IN_POOL,91,1,False,0.0,True,True
2022-08-11,13456.0,13513.5,11184.75,16711.5,OR_IN_POOL,92,0,True,81.33333333333394,False,True
2022-08-12,13359.0,13432.25,11184.75,16711.5,OR_IN_POOL,92,1,False,0.0,True,True
2022-08-15,13534.75,13606.5,11184.75,16711.5,OR_IN_POOL,93,0,True,7.125,True,True
2022-08-16,13608.0,13659.75,11184.75,16711.5,OR_IN_POOL,93,1,False,0.0,True,True
2022-08-17,13484.5,13566.25,11184.75,16711.5,OR_IN_POOL,93,0,True,31.125,False,True
2022-08-18,13436.0,13498.0,11184.75,16711.5,OR_IN_POOL,94,2,False,0.0,True,True
2022-08-19,13340.75,13425.25,11184.75,16711.5,OR_IN_POOL,95,2,False,0.0,True,True
2022-08-22,13021.5,13092.0,11184.75,16711.5,OR_IN_POOL,96,2,False,0.0,True,True
2022-08-23,12866.0,12952.0,11184.75,16711.5,OR_IN_POOL,96,1,False,0.0,True,True
2022-08-24,12852.25,12907.0,11184.75,16711.5,OR_IN_POOL,96,1,False,0.0,True,True
2022-08-25,12966.5,13014.25,11184.75,16711.5,OR_IN_POOL,96,1,False,0.0,True,True
2022-08-26,13116.25,13161.25,11184.75,16711.5,OR_IN_POOL,97,0,True,1.875,True,True
2022-08-29,12479.0,12605.75,11184.75,16711.5,OR_IN_POOL,97,2,False,0.0,True,True
2022-08-30,12500.75,12587.25,11184.75,16711.5,OR_IN_POOL,96,2,False,0.0,True,True
2022-08-31,12390.5,12491.75,11184.75,16711.5,OR_IN_POOL,97,3,False,0.0,True,True
2022-09-01,12140.25,12224.0,11184.75,16611.5,OR_IN_POOL,97,1,False,0.0,True,True
2022-09-02,12291.25,12415.5,11184.75,16611.5,OR_IN_POOL,97,3,False,0.0,True,True
2022-09-05,12104.75,12144.0,11184.75,16611.5,OR_IN_POOL,97,1,False,0.0,True,True
2022-09-06,12076.75,12169.0,11184.75,16611.5,OR_IN_POOL,96,2,False,0.0,True,True
2022-09-07,12035.75,12125.5,11184.75,16611.5,OR_IN_POOL,98,3,False,0.0,True,True
2022-09-08,12117.0,12223.0,11184.75,16611.5,OR_IN_POOL,98,3,False,0.0,True,True
2022-09-09,12415.75,12481.0,11184.75,16611.5,OR_IN_POOL,97,1,False,0.0,True,True
2022-09-12,12719.75,12779.25,11184.75,16611.5,OR_IN_POOL,97,2,False,0.0,True,True
2022-09-13,12403.5,12508.25,11184.75,16611.5,OR_IN_POOL,97,3,False,0.0,True,True
2022-09-14,12098.25,12185.5,11184.75,16611.5,OR_IN_POOL,97,2,False,0.0,True,True
2022-09-15,12110.5,12178.75,11184.75,16611.5,OR_IN_POOL,98,2,False,0.0,True,True
2022-09-16,11802.25,11871.5,11184.75,16611.5,OR_IN_POOL,97,1,False,0.0,True,True
2022-09-19,11815.5,11905.25,11184.75,16611.5,OR_IN_POOL,98,3,False,0.0,True,True
2022-09-20,11886.5,11947.25,11184.75,16611.5,OR_IN_POOL,100,4,False,0.0,True,True
2022-09-21,11938.25,11977.0,11184.75,16611.5,OR_IN_POOL,100,1,False,0.0,True,True
2022-09-22,11583.75,11682.25,11184.75,16611.5,OR_IN_POOL,100,1,False,0.0,True,True
2022-09-23,11384.5,11471.25,11184.75,16611.5,OR_IN_POOL,99,2,False,0.0,True,True
2022-09-26,11342.5,11461.5,11184.75,16611.5,OR_IN_POOL,99,2,False,0.0,True,True
2022-09-27,11461.0,11568.0,11184.75,16611.5,OR_IN_POOL,98,3,False,0.0,True,True
2022-09-28,11266.0,11343.75,11184.75,16611.5,OR_IN_POOL,97,1,False,0.0,True,True
2022-09-29,11263.75,11401.75,11184.75,16611.5,OR_IN_POOL,97,3,False,0.0,True,True
2022-09-30,11143.0,11245.5,11184.75,16611.5,OR_IN_POOL,97,0,True,18.25,True,True
2022-10-03,11040.0,11127.5,11143.0,16611.5,OR_BELOW_POOL,97,0,True,136.25,False,False
2022-10-04,11514.25,11574.5,11040.0,16611.5,OR_IN_POOL,97,3,False,0.0,True,True
2022-10-05,11464.25,11539.0,11040.0,16611.5,OR_IN_POOL,96,2,False,0.0,True,True
2022-10-06,11589.25,11721.75,11040.0,16549.25,OR_IN_POOL,96,2,False,0.0,True,True
2022-10-07,11265.75,11350.5,11040.0,16518.0,OR_IN_POOL,96,1,False,0.0,True,True
2022-10-10,11021.0,11125.75,11040.0,16512.25,OR_IN_POOL,95,0,True,138.5,False,False
2022-10-11,10859.5,10944.5,11021.0,16512.25,OR_BELOW_POOL,95,0,True,182.125,False,False
2022-10-12,10805.75,10932.0,10859.5,16512.25,OR_IN_POOL,95,0,True,194.625,False,False
2022-10-13,10484.5,10554.25,10805.75,16216.75,OR_BELOW_POOL,95,0,True,572.375,False,False
2022-10-14,11099.25,11207.75,10484.5,15992.5,OR_IN_POOL,95,1,False,0.0,True,True
2022-10-17,10999.0,11114.25,10484.5,15992.5,OR_IN_POOL,94,0,True,12.375,True,True
2022-10-18,11346.75,11431.75,10484.5,15992.5,OR_IN_POOL,94,1,False,0.0,True,True
2022-10-19,11110.25,11213.25,10484.5,15992.5,OR_IN_POOL,95,1,False,0.0,True,True
2022-10-20,11091.5,11165.0,10484.5,15992.5,OR_IN_POOL,97,2,False,0.0,True,True
2022-10-21,10994.75,11088.25,10484.5,15979.25,OR_IN_POOL,97,0,True,24.0,True,True
2022-10-24,11300.25,11398.5,10484.5,15611.25,OR_IN_POOL,99,2,False,0.0,True,True
2022-10-25,11514.75,11571.75,10484.5,15611.25,OR_IN_POOL,100,3,False,0.0,True,True
2022-10-26,11433.0,11509.25,10484.5,15374.25,OR_IN_POOL,101,3,False,0.0,True,True
2022-10-27,11368.25,11464.5,10484.5,15340.0,OR_IN_POOL,101,4,False,0.0,True,True
2022-10-28,11206.25,11364.25,10484.5,15258.5,OR_IN_POOL,100,4,False,0.0,True,True
2022-10-31,11450.0,11522.75,10484.5,15219.5,OR_IN_POOL,101,2,False,0.0,True,True
2022-11-01,11565.5,11619.0,10484.5,15219.5,OR_IN_POOL,101,3,False,0.0,True,True
2022-11-02,11271.25,11340.75,10484.5,15219.5,OR_IN_POOL,101,1,False,0.0,True,True
2022-11-03,10783.0,10848.25,10484.5,15219.5,OR_IN_POOL,101,0,True,148.625,False,False
2022-11-04,10739.5,10963.75,10484.5,15219.5,OR_IN_POOL,101,0,True,33.125,False,True
2022-11-07,10864.75,10969.0,10484.5,15219.5,OR_IN_POOL,101,0,True,27.875,True,True
2022-11-08,11014.5,11083.0,10484.5,15219.5,OR_IN_POOL,102,0,True,6.875,True,True
2022-11-09,10969.0,11018.75,10484.5,15219.5,OR_IN_POOL,103,2,False,0.0,True,True
2022-11-10,11269.0,11394.5,10484.5,15219.5,OR_IN_POOL,102,4,False,0.0,True,True
2022-11-11,11569.5,11644.75,10484.5,15219.5,OR_IN_POOL,101,2,False,0.0,True,True
2022-11-14,11719.0,11785.5,10484.5,15219.5,OR_IN_POOL,100,0,True,31.375,False,True
2022-11-15,12003.25,12063.0,10484.5,15219.5,OR_IN_POOL,99,2,False,0.0,True,True
2022-11-16,11794.5,11836.75,10484.5,15219.5,OR_IN_POOL,99,1,False,0.0,True,True
2022-11-17,11543.5,11614.0,10484.5,15219.5,OR_IN_POOL,99,3,False,0.0,True,True
2022-11-18,11747.5,11842.75,10484.5,15219.5,OR_IN_POOL,100,2,False,0.0,True,True
2022-11-21,11628.25,11694.25,10484.5,15219.5,OR_IN_POOL,100,1,False,0.0,True,True
2022-11-22,11527.5,11628.75,10484.5,15219.5,OR_IN_POOL,99,5,False,0.0,True,True
2022-11-23,11744.75,11802.0,10484.5,15219.5,OR_IN_POOL,98,1,False,0.0,True,True
2022-11-24,11901.0,11918.75,10484.5,15219.5,OR_IN_POOL,97,2,False,0.0,True,True
2022-11-25,11766.25,11814.0,10484.5,15219.5,OR_IN_POOL,97,1,False,0.0,True,True
2022-11-28,11693.75,11780.75,10484.5,15219.5,OR_IN_POOL,97,3,False,0.0,True,True
2022-11-29,11579.0,11628.0,10484.5,15219.5,OR_IN_POOL,98,3,False,0.0,True,True
2022-11-30,11518.75,11581.75,10484.5,15219.5,OR_IN_POOL,95,3,False,0.0,True,True
2022-12-01,12031.5,12103.5,10484.5,15219.5,OR_IN_POOL,94,3,False,0.0,True,True
2022-12-02,11844.25,11915.75,10484.5,15219.5,OR_IN_POOL,94,3,False,0.0,True,True
2022-12-05,11911.5,11972.25,10484.5,15219.5,OR_IN_POOL,93,3,False,0.0,True,True
2022-12-06,11722.5,11805.75,10484.5,15219.5,OR_IN_POOL,91,4,False,0.0,True,True
2022-12-07,11495.5,11596.0,10484.5,15219.5,OR_IN_POOL,90,3,False,0.0,True,True
2022-12-08,11488.75,11572.75,10484.5,15219.5,OR_IN_POOL,89,3,False,0.0,True,True
2022-12-09,11550.0,11642.75,10484.5,15219.5,OR_IN_POOL,88,3,False,0.0,True,True
2022-12-12,11659.0,11714.25,10484.5,15219.5,OR_IN_POOL,88,1,False,0.0,True,True
2022-12-13,12183.25,12296.75,10484.5,15219.5,OR_IN_POOL,88,2,False,0.0,True,True
2022-12-14,11930.0,12003.0,10484.5,15219.5,OR_IN_POOL,88,3,False,0.0,True,True
2022-12-15,11619.25,11715.5,10484.5,15219.5,OR_IN_POOL,88,4,False,0.0,True,True
2022-12-16,11406.5,11457.75,10484.5,15219.5,OR_IN_POOL,88,2,False,0.0,True,True
2022-12-19,11285.25,11359.25,10484.5,15219.5,OR_IN_POOL,87,2,False,0.0,True,True
2022-12-20,11083.25,11151.5,10484.5,15219.5,OR_IN_POOL,86,3,False,0.0,True,True
2022-12-21,11181.0,11238.75,10484.5,15219.5,OR_IN_POOL,85,1,False,0.0,True,True
2022-12-22,11104.25,11208.0,10484.5,15219.5,OR_IN_POOL,87,3,False,0.0,True,True
2022-12-23,10925.75,11050.75,10484.5,15219.5,OR_IN_POOL,87,3,False,0.0,True,True
2022-12-27,10939.0,11056.0,10484.5,15219.5,OR_IN_POOL,88,3,False,0.0,True,True
2022-12-28,10861.5,10996.5,10484.5,15219.5,OR_IN_POOL,89,3,False,0.0,True,True
2022-12-29,10856.5,10968.5,10484.5,15219.5,OR_IN_POOL,88,3,False,0.0,True,True
2022-12-30,10884.5,10947.75,10484.5,15219.5,OR_IN_POOL,88,1,False,0.0,True,True
2023-01-03,11072.5,11181.75,10484.5,15219.5,OR_IN_POOL,87,3,False,0.0,True,True
2023-01-04,10961.75,11046.75,10484.5,15219.5,OR_IN_POOL,86,3,False,0.0,True,True
2023-01-05,10820.25,10926.0,10484.5,15219.5,OR_IN_POOL,86,1,False,0.0,True,True
2023-01-06,10777.75,10945.0,10484.5,15219.5,OR_IN_POOL,85,2,False,0.0,True,True
2023-01-09,11194.5,11246.25,10484.5,15197.75,OR_IN_POOL,86,2,False,0.0,True,True
2023-01-10,11137.75,11246.25,10484.5,15135.5,OR_IN_POOL,85,3,False,0.0,True,True
2023-01-11,11290.75,11358.25,10484.5,15135.5,OR_IN_POOL,86,2,False,0.0,True,True
2023-01-12,11356.25,11518.5,10484.5,15135.5,OR_IN_POOL,86,6,False,0.0,True,True
2023-01-13,11415.75,11466.5,10484.5,15135.5,OR_IN_POOL,85,3,False,0.0,True,True
2023-01-16,11588.5,11611.0,10484.5,14643.5,OR_IN_POOL,86,0,True,6.41666666666606,True,True
2023-01-17,11549.25,11620.5,10484.5,14577.75,OR_IN_POOL,85,1,False,0.0,True,True
2023-01-18,11672.25,11727.0,10484.5,14476.75,OR_IN_POOL,85,2,False,0.0,True,True
2023-01-19,11386.5,11446.75,10484.5,14283.0,OR_IN_POOL,85,4,False,0.0,True,True
2023-01-20,11383.0,11445.5,10484.5,14283.0,OR_IN_POOL,85,3,False,0.0,True,True
2023-01-23,11671.75,11752.0,10484.5,14283.0,OR_IN_POOL,85,3,False,0.0,True,True
2023-01-24,11840.0,11902.25,10484.5,14283.0,OR_IN_POOL,86,3,False,0.0,True,True
2023-01-25,11658.75,11723.75,10484.5,14283.0,OR_IN_POOL,86,4,False,0.0,True,True
2023-01-26,12002.25,12075.0,10484.5,14283.0,OR_IN_POOL,85,3,False,0.0,True,True
2023-01-27,12041.75,12104.25,10484.5,14283.0,OR_IN_POOL,85,3,False,0.0,True,True
2023-01-30,12059.25,12110.5,10484.5,14283.0,OR_IN_POOL,84,3,False,0.0,True,True
2023-01-31,11969.25,12038.0,10484.5,13777.5,OR_IN_POOL,84,2,False,0.0,True,True
2023-02-01,12101.5,12156.0,10484.5,13659.75,OR_IN_POOL,84,2,False,0.0,True,True
2023-02-02,12671.0,12736.5,10484.5,13659.75,OR_IN_POOL,84,2,False,0.0,True,True
2023-02-03,12558.25,12693.5,10484.5,13659.75,OR_IN_POOL,83,3,False,0.0,True,True
2023-02-06,12502.0,12565.25,10484.5,13659.75,OR_IN_POOL,82,3,False,0.0,True,True
2023-02-07,12488.5,12540.75,10484.5,13659.75,OR_IN_POOL,82,1,False,0.0,True,True
2023-02-08,12683.75,12752.25,10484.5,13659.75,OR_IN_POOL,81,3,False,0.0,True,True
2023-02-09,12638.0,12729.5,10484.5,13659.75,OR_IN_POOL,81,3,False,0.0,True,True
2023-02-10,12311.75,12394.0,10484.5,13659.75,OR_IN_POOL,79,1,False,0.0,True,True
2023-02-13,12352.0,12428.75,10484.5,13659.75,OR_IN_POOL,80,3,False,0.0,True,True
2023-02-14,12390.5,12511.5,10484.5,13659.75,OR_IN_POOL,78,5,False,0.0,True,True
2023-02-15,12552.5,12617.25,10484.5,13659.75,OR_IN_POOL,77,1,False,0.0,True,True
2023-02-16,12496.5,12567.75,10484.5,13659.75,OR_IN_POOL,77,2,False,0.0,True,True
2023-02-17,12346.5,12423.5,10484.5,13659.75,OR_IN_POOL,76,3,False,0.0,True,True
2023-02-20,12383.0,12396.5,10484.5,13659.75,OR_IN_POOL,77,0,True,0.16666666666606034,True,True
2023-02-21,12220.25,12288.75,10484.5,13659.75,OR_IN_POOL,77,0,True,1.0,True,True
2023-02-22,12114.25,12163.0,10484.5,13659.75,OR_IN_POOL,77,2,False,0.0,True,True
2023-02-23,12197.25,12260.25,10484.5,13659.75,OR_IN_POOL,76,1,False,0.0,True,True
2023-02-24,11980.75,12043.0,10484.5,13659.75,OR_IN_POOL,77,1,False,0.0,True,True
2023-02-27,12109.5,12143.5,10484.5,13659.75,OR_IN_POOL,76,1,False,0.0,True,True
2023-02-28,12041.25,12099.0,10484.5,13659.75,OR_IN_POOL,75,3,False,0.0,True,True
2023-03-01,12004.0,12060.0,10484.5,13659.75,OR_IN_POOL,75,1,False,0.0,True,True
2023-03-02,11846.25,11882.75,10484.5,13659.75,OR_IN_POOL,75,0,True,4.08333333333394,True,True
2023-03-03,12111.0,12146.25,10484.5,13659.75,OR_IN_POOL,75,1,False,0.0,True,True
2023-03-06,12352.25,12397.0,10484.5,13659.75,OR_IN_POOL,75,1,False,0.0,True,True
2023-03-07,12313.0,12361.0,10484.5,13659.75,OR_IN_POOL,75,1,False,0.0,True,True
2023-03-08,12156.5,12216.0,10484.5,13659.75,OR_IN_POOL,76,1,False,0.0,True,True
2023-03-09,12230.25,12291.25,10484.5,13659.75,OR_IN_POOL,75,1,False,0.0,True,True
2023-03-10,11895.5,12027.5,10484.5,13659.75,OR_IN_POOL,75,4,False,0.0,True,True
2023-03-13,11821.25,11933.5,10484.5,13659.75,OR_IN_POOL,74,3,False,0.0,True,True
2023-03-14,12202.0,12282.25,10484.5,13659.75,OR_IN_POOL,73,2,False,0.0,True,True
2023-03-15,12193.75,12274.5,10484.5,13659.75,OR_IN_POOL,73,3,False,0.0,True,True
2023-03-16,12314.0,12381.0,10484.5,13659.75,OR_IN_POOL,71,1,False,0.0,True,True
2023-03-17,12691.0,12763.75,10484.5,13659.75,OR_IN_POOL,72,1,False,0.0,True,True
2023-03-20,12552.0,12633.0,10484.5,13659.75,OR_IN_POOL,73,1,False,0.0,True,True
2023-03-21,12774.25,12814.75,10484.5,13659.75,OR_IN_POOL,74,0,True,37.41666666666606,False,True
2023-03-22,12851.0,12880.5,10484.5,13659.75,OR_IN_POOL,75,2,False,0.0,True,True
2023-03-23,12847.0,12892.5,10484.5,13659.75,OR_IN_POOL,76,2,False,0.0,True,True
2023-03-24,12743.5,12844.75,10484.5,13659.75,OR_IN_POOL,76,1,False,0.0,True,True
2023-03-27,12881.75,12940.75,10484.5,13659.75,OR_IN_POOL,76,0,True,16.375,True,True
2023-03-28,12682.75,12777.0,10484.5,13659.75,OR_IN_POOL,78,3,False,0.0,True,True
2023-03-29,12881.25,12919.5,10484.5,13659.75,OR_IN_POOL,79,0,True,0.125,True,True
2023-03-30,13037.0,13078.0,10484.5,13659.75,OR_IN_POOL,79,0,True,13.0,True,True
2023-03-31,13078.0,13140.5,10484.5,13659.75,OR_IN_POOL,80,2,False,0.0,True,True
2023-04-03,13197.75,13248.0,10484.5,13659.75,OR_IN_POOL,81,0,True,83.5,False,True
2023-04-04,13232.0,13296.25,10484.5,13659.75,OR_IN_POOL,82,1,False,0.0,True,True
2023-04-05,13140.25,13182.5,10484.5,13659.75,OR_IN_POOL,83,0,True,26.0,True,True
2023-04-06,12957.5,13013.5,10484.5,13659.75,OR_IN_POOL,84,1,False,0.0,True,True
2023-04-10,12992.25,13050.5,10484.5,13659.75,OR_IN_POOL,86,2,False,0.0,True,True
2023-04-11,13099.5,13160.75,10484.5,13659.75,OR_IN_POOL,88,2,False,0.0,True,True
2023-04-12,13083.75,13181.0,10484.5,13659.75,OR_IN_POOL,89,4,False,0.0,True,True
2023-04-13,13019.75,13080.5,10484.5,13659.75,OR_IN_POOL,88,1,False,0.0,True,True
2023-04-14,13133.25,13216.0,10484.5,13659.75,OR_IN_POOL,88,3,False,0.0,True,True
2023-04-17,13145.5,13206.0,10484.5,13659.75,OR_IN_POOL,90,2,False,0.0,True,True
2023-04-18,13259.0,13284.5,10484.5,13659.75,OR_IN_POOL,89,0,True,12.5,True,True
2023-04-19,13078.25,13132.5,10484.5,13659.75,OR_IN_POOL,89,2,False,0.0,True,True
2023-04-20,13045.75,13111.5,10484.5,13659.75,OR_IN_POOL,88,1,False,0.0,True,True
2023-04-21,13038.25,13074.0,10484.5,13659.75,OR_IN_POOL,90,1,False,0.0,True,True
2023-04-24,13054.0,13134.0,10484.5,13659.75,OR_IN_POOL,90,2,False,0.0,True,True
2023-04-25,12978.75,13015.0,10484.5,13659.75,OR_IN_POOL,90,1,False,0.0,True,True
2023-04-26,12899.0,12958.25,10484.5,13659.75,OR_IN_POOL,89,1,False,0.0,True,True
2023-04-27,13013.25,13052.75,10484.5,13659.75,OR_IN_POOL,90,3,False,0.0,True,True
2023-04-28,13172.5,13244.0,10484.5,13659.75,OR_IN_POOL,90,3,False,0.0,True,True
2023-05-01,13286.0,13316.25,10484.5,13659.75,OR_IN_POOL,90,0,True,40.33333333333394,False,True
2023-05-02,13265.75,13313.25,10484.5,13659.75,OR_IN_POOL,90,1,False,0.0,True,True
2023-05-03,13187.5,13222.0,10484.5,13659.75,OR_IN_POOL,92,1,False,0.0,True,True
2023-05-04,13034.5,13086.5,10484.5,13659.75,OR_IN_POOL,91,3,False,0.0,True,True
2023-05-05,13124.25,13170.75,10484.5,13659.75,OR_IN_POOL,91,2,False,0.0,True,True
2023-05-08,13271.0,13310.25,10484.5,13659.75,OR_IN_POOL,92,1,False,0.0,True,True
2023-05-09,13274.0,13296.5,10484.5,13659.75,OR_IN_POOL,92,1,False,0.0,True,True
2023-05-10,13321.5,13417.75,10484.5,13659.75,OR_IN_POOL,93,1,False,0.0,True,True
2023-05-11,13378.0,13433.5,10484.5,13659.75,OR_IN_POOL,92,1,False,0.0,True,True
2023-05-12,13460.75,13487.25,10484.5,13659.75,OR_IN_POOL,93,0,True,29.0,True,True
2023-05-15,13391.0,13419.5,10484.5,13659.75,OR_IN_POOL,94,0,True,12.25,True,True
2023-05-16,13434.5,13503.25,10484.5,13659.75,OR_IN_POOL,93,2,False,0.0,True,True
2023-05-17,13512.25,13540.0,10484.5,13659.75,OR_IN_POOL,94,0,True,11.625,True,True
2023-05-18,13652.75,13712.0,10484.5,13659.75,OR_IN_POOL,96,0,True,45.5,False,True
2023-05-19,13888.75,13929.0,10484.5,13712.0,OR_ABOVE_POOL,95,0,True,232.5,False,False
2023-05-22,13847.0,13923.75,10484.5,13929.0,OR_IN_POOL,95,0,True,190.75,False,False
2023-05-23,13821.75,13867.0,10484.5,13929.0,OR_IN_POOL,95,0,True,59.375,False,True
2023-05-24,13620.75,13675.0,10484.5,13929.0,OR_IN_POOL,93,1,False,0.0,True,True
2023-05-25,13863.5,13966.0,10484.5,13929.0,OR_IN_POOL,94,1,False,0.0,True,True
2023-05-26,14014.75,14089.75,10484.5,13966.0,OR_ABOVE_POOL,93,0,True,88.375,False,True
2023-05-29,14368.0,14378.75,10484.5,14089.75,OR_ABOVE_POOL,92,0,True,441.625,False,False
2023-05-30,14476.0,14559.75,10484.5,14378.75,OR_ABOVE_POOL,91,0,True,549.625,False,False
2023-05-31,14324.0,14394.0,10484.5,14559.75,OR_IN_POOL,90,0,True,397.625,False,False
2023-06-01,14252.0,14313.75,10484.5,14559.75,OR_IN_POOL,90,0,True,325.625,False,False
2023-06-02,14542.5,14627.75,10484.5,14559.75,OR_IN_POOL,90,0,True,616.125,False,False
2023-06-05,14567.75,14651.75,10484.5,14627.75,OR_IN_POOL,90,0,True,641.375,False,False
2023-06-06,14505.0,14561.25,10484.5,14651.75,OR_IN_POOL,90,0,True,578.625,False,False
2023-06-07,14592.0,14675.5,10484.5,14651.75,OR_IN_POOL,91,0,True,29.08333333333394,True,True
2023-06-08,14328.0,14397.0,10484.5,14675.5,OR_IN_POOL,89,0,True,165.91666666666606,False,False
2023-06-09,14556.5,14628.5,10484.5,14675.5,OR_IN_POOL,90,1,False,0.0,True,True
2023-06-12,14782.0,14819.0,10484.5,14675.5,OR_ABOVE_POOL,91,0,True,153.875,False,False
2023-06-13,15063.0,15130.0,10484.5,14819.0,OR_ABOVE_POOL,91,0,True,434.875,False,False
2023-06-14,15053.0,15103.0,10484.5,15130.0,OR_IN_POOL,91,0,True,424.875,False,False
2023-06-15,15114.25,15189.0,10484.5,15130.0,OR_IN_POOL,90,0,True,486.125,False,False
2023-06-16,15351.0,15475.5,10484.5,15189.0,OR_ABOVE_POOL,90,0,True,722.875,False,False
2023-06-19,15236.75,15253.25,10484.5,15475.5,OR_IN_POOL,89,0,True,608.625,False,False
2023-06-20,15204.0,15291.25,10484.5,15475.5,OR_IN_POOL,89,0,True,575.875,False,False
2023-06-21,15175.25,15219.25,10484.5,15475.5,OR_IN_POOL,89,0,True,547.125,False,False
2023-06-22,14964.0,15049.75,10484.5,15475.5,OR_IN_POOL,89,0,True,335.875,False,False
2023-06-23,15012.75,15087.75,10484.5,15475.5,OR_IN_POOL,90,1,False,0.0,True,True
2023-06-26,15024.25,15090.75,10484.5,15475.5,OR_IN_POOL,90,1,False,0.0,True,True
2023-06-27,14898.0,14970.75,10484.5,15475.5,OR_IN_POOL,91,0,True,80.625,False,True
2023-06-28,15025.5,15101.25,10484.5,15475.5,OR_IN_POOL,91,2,False,0.0,True,True
2023-06-29,15082.75,15144.75,10484.5,15475.5,OR_IN_POOL,93,2,False,0.0,True,True
2023-06-30,15238.25,15300.0,10484.5,15475.5,OR_IN_POOL,93,0,True,136.125,False,False
2023-07-03,15337.5,15374.75,10484.5,15475.5,OR_IN_POOL,93,0,True,100.0,False,True
2023-07-04,15362.75,15368.25,10484.5,15475.5,OR_IN_POOL,93,0,True,125.25,False,False
2023-07-05,15292.5,15382.0,10484.5,15475.5,OR_IN_POOL,94,1,False,0.0,True,True
2023-07-06,15150.25,15214.0,10484.5,15475.5,OR_IN_POOL,95,0,True,23.5,True,True
2023-07-07,15188.5,15243.0,10484.5,15475.5,OR_IN_POOL,97,2,False,0.0,True,True
2023-07-10,15153.5,15214.5,10484.5,15475.5,OR_IN_POOL,98,1,False,0.0,True,True
2023-07-11,15150.25,15233.75,10484.5,15475.5,OR_IN_POOL,98,2,False,0.0,True,True
2023-07-12,15408.0,15448.5,10484.5,15475.5,OR_IN_POOL,98,0,True,39.41666666666606,False,True
2023-07-13,15552.25,15615.25,10484.5,15475.5,OR_ABOVE_POOL,97,0,True,183.66666666666606,False,False
2023-07-14,15721.0,15803.5,10484.5,15615.25,OR_ABOVE_POOL,96,0,True,352.41666666666606,False,False
2023-07-17,15726.25,15781.5,10484.5,15803.5,OR_IN_POOL,96,0,True,357.66666666666606,False,False
2023-07-18,15752.5,15816.0,10484.5,15803.5,OR_IN_POOL,97,0,True,28.875,True,True
2023-07-19,15978.0,16038.25,10484.5,15816.0,OR_ABOVE_POOL,97,0,True,254.375,False,False
2023-07-20,15831.5,15892.0,10484.5,16038.25,OR_IN_POOL,98,0,True,107.875,False,False
2023-07-21,15651.25,15719.5,10484.5,16038.25,OR_IN_POOL,98,0,True,4.125,True,True
2023-07-24,15573.75,15618.25,10484.5,16038.25,OR_IN_POOL,98,0,True,104.0,False,False
2023-07-25,15588.25,15635.75,10484.5,16038.25,OR_IN_POOL,100,1,False,0.0,True,True
2023-07-26,15565.75,15639.0,10739.5,16038.25,OR_IN_POOL,100,1,False,0.0,True,True
2023-07-27,15822.75,15894.5,10739.5,16038.25,OR_IN_POOL,101,0,True,100.5,False,False
2023-07-28,15715.5,15795.5,10739.5,16038.25,OR_IN_POOL,103,1,False,0.0,True,True
2023-07-31,15845.25,15897.0,10739.5,16038.25,OR_IN_POOL,101,1,False,0.0,True,True
2023-08-01,15765.0,15806.0,10739.5,16038.25,OR_IN_POOL,100,0,True,13.375,True,True
2023-08-02,15586.25,15668.75,10739.5,16038.25,OR_IN_POOL,101,2,False,0.0,True,True
2023-08-03,15351.0,15413.5,10739.5,16038.25,OR_IN_POOL,101,1,False,0.0,True,True
2023-08-04,15494.5,15584.0,10739.5,16038.25,OR_IN_POOL,102,0,True,3.25,True,True
2023-08-07,15386.0,15473.25,10739.5,16038.25,OR_IN_POOL,102,1,False,0.0,True,True
2023-08-08,15317.25,15379.5,10739.5,16038.25,OR_IN_POOL,104,2,False,0.0,True,True
2023-08-09,15281.25,15369.0,10739.5,16038.25,OR_IN_POOL,102,2,False,0.0,True,True
2023-08-10,15273.25,15356.25,10739.5,16038.25,OR_IN_POOL,101,2,False,0.0,True,True
2023-08-11,15057.25,15116.75,10739.5,16038.25,OR_IN_POOL,100,2,False,0.0,True,True
2023-08-14,15036.25,15108.5,10739.5,16038.25,OR_IN_POOL,101,3,False,0.0,True,True
2023-08-15,15200.75,15259.25,10739.5,16038.25,OR_IN_POOL,99,2,False,0.0,True,True
2023-08-16,15050.75,15109.0,10739.5,16038.25,OR_IN_POOL,100,3,False,0.0,True,True
2023-08-17,14940.75,15008.0,10777.75,16038.25,OR_IN_POOL,100,1,False,0.0,True,True
2023-08-18,14622.75,14674.0,10777.75,16038.25,OR_IN_POOL,101,1,False,0.0,True,True
2023-08-21,14805.5,14888.75,10777.75,16038.25,OR_IN_POOL,100,0,True,78.625,False,True
2023-08-22,15017.5,15092.25,10777.75,16038.25,OR_IN_POOL,100,3,False,0.0,True,True
2023-08-23,14999.25,15039.0,10777.75,16038.25,OR_IN_POOL,99,1,False,0.0,True,True
2023-08-24,15212.25,15339.5,10777.75,16038.25,OR_IN_POOL,99,4,False,0.0,True,True
2023-08-25,14892.0,14948.0,10777.75,16038.25,OR_IN_POOL,99,0,True,19.375,True,True
2023-08-28,15035.25,15126.75,10777.75,16038.25,OR_IN_POOL,100,4,False,0.0,True,True
2023-08-29,15062.25,15134.5,10777.75,16038.25,OR_IN_POOL,101,3,False,0.0,True,True
2023-08-30,15386.5,15447.75,10777.75,16038.25,OR_IN_POOL,101,1,False,0.0,True,True
2023-08-31,15488.75,15553.75,10777.75,16038.25,OR_IN_POOL,101,0,True,14.375,True,True
2023-09-01,15534.0,15652.0,10777.75,16038.25,OR_IN_POOL,102,4,False,0.0,True,True
2023-09-04,15554.25,15575.25,10777.75,16038.25,OR_IN_POOL,102,0,True,1.25,True,True
2023-09-05,15449.75,15506.5,10777.75,16038.25,OR_IN_POOL,102,2,False,0.0,True,True
2023-09-06,15460.25,15507.25,10777.75,16038.25,OR_IN_POOL,102,2,False,0.0,True,True
2023-09-07,15157.5,15240.75,10777.75,16038.25,OR_IN_POOL,103,4,False,0.0,True,True
2023-09-08,15270.5,15359.0,10777.75,16038.25,OR_IN_POOL,103,2,False,0.0,True,True
2023-09-11,15573.0,15647.0,10777.75,16038.25,OR_IN_POOL,104,4,False,0.0,True,True
2023-09-12,15583.75,15644.75,10777.75,16038.25,OR_IN_POOL,102,3,False,0.0,True,True
2023-09-13,15493.5,15561.75,10777.75,16038.25,OR_IN_POOL,101,2,False,0.0,True,True
2023-09-14,15582.5,15638.75,10777.75,16038.25,OR_IN_POOL,101,2,False,0.0,True,True
2023-09-15,15520.25,15627.75,10777.75,16038.25,OR_IN_POOL,100,5,False,0.0,True,True
2023-09-18,15343.25,15435.0,10777.75,16038.25,OR_IN_POOL,101,2,False,0.0,True,True
2023-09-19,15324.0,15373.25,10777.75,16038.25,OR_IN_POOL,100,2,False,0.0,True,True
2023-09-20,15375.0,15430.25,10777.75,16038.25,OR_IN_POOL,101,1,False,0.0,True,True
2023-09-21,14974.5,15020.0,10777.75,16038.25,OR_IN_POOL,101,1,False,0.0,True,True
2023-09-22,14888.0,14941.5,10777.75,16038.25,OR_IN_POOL,99,1,False,0.0,True,True
2023-09-25,14782.5,14867.25,10777.75,16038.25,OR_IN_POOL,100,0,True,24.4375,True,True
2023-09-26,14802.75,14846.0,10777.75,16038.25,OR_IN_POOL,100,0,True,20.5,True,True
2023-09-27,14749.25,14793.25,10777.75,16038.25,OR_IN_POOL,100,1,False,0.0,True,True
2023-09-28,14656.25,14711.75,10777.75,16038.25,OR_IN_POOL,100,1,False,0.0,True,True
2023-09-29,14976.75,15015.0,10777.75,16038.25,OR_IN_POOL,100,0,True,3.0,True,True
2023-10-02,14847.25,14961.0,10777.75,16038.25,OR_IN_POOL,100,2,False,0.0,True,True
2023-10-03,14873.75,14925.5,10777.75,16038.25,OR_IN_POOL,100,1,False,0.0,True,True
2023-10-04,14748.0,14834.5,10777.75,16038.25,OR_IN_POOL,101,2,False,0.0,True,True
2023-10-05,14855.5,14926.5,10777.75,16038.25,OR_IN_POOL,100,2,False,0.0,True,True
2023-10-06,14702.0,14800.75,10777.75,16038.25,OR_IN_POOL,101,2,False,0.0,True,True
2023-10-09,14949.25,15036.75,10777.75,16038.25,OR_IN_POOL,100,2,False,0.0,True,True
2023-10-10,15180.0,15225.75,10777.75,16038.25,OR_IN_POOL,99,3,False,0.0,True,True
2023-10-11,15323.5,15387.5,10777.75,16038.25,OR_IN_POOL,99,2,False,0.0,True,True
2023-10-12,15366.0,15416.5,10777.75,16038.25,OR_IN_POOL,99,2,False,0.0,True,True
2023-10-13,15302.5,15367.0,10777.75,16038.25,OR_IN_POOL,99,2,False,0.0,True,True
2023-10-16,15168.75,15260.0,10777.75,16038.25,OR_IN_POOL,100,6,False,0.0,True,True
2023-10-17,15102.25,15142.0,11137.75,16038.25,OR_IN_POOL,100,2,False,0.0,True,True
2023-10-18,15125.5,15199.0,11137.75,16038.25,OR_IN_POOL,99,4,False,0.0,True,True
2023-10-19,15021.0,15109.25,11290.75,16038.25,OR_IN_POOL,99,4,False,0.0,True,True
2023-10-20,14810.5,14885.5,11356.25,16038.25,OR_IN_POOL,98,2,False,0.0,True,True
2023-10-23,14514.25,14630.0,11383.0,16038.25,OR_IN_POOL,98,2,False,0.0,True,True
2023-10-24,14762.5,14837.25,11383.0,16038.25,OR_IN_POOL,98,2,False,0.0,True,True
2023-10-25,14626.5,14749.0,11383.0,16038.25,OR_IN_POOL,99,4,False,0.0,True,True
2023-10-26,14368.75,14459.25,11383.0,16038.25,OR_IN_POOL,99,1,False,0.0,True,True
2023-10-27,14302.25,14349.5,11383.0,16038.25,OR_IN_POOL,98,1,False,0.0,True,True
2023-10-30,14334.75,14437.25,11383.0,16038.25,OR_IN_POOL,96,2,False,0.0,True,True
2023-10-31,14327.0,14429.0,11658.75,16038.25,OR_IN_POOL,96,3,False,0.0,True,True
2023-11-01,14515.25,14568.75,11658.75,16038.25,OR_IN_POOL,96,1,False,0.0,True,True
2023-11-02,14904.0,14952.5,11658.75,16038.25,OR_IN_POOL,95,2,False,0.0,True,True
2023-11-03,15040.25,15094.25,11821.25,16038.25,OR_IN_POOL,95,2,False,0.0,True,True
2023-11-06,15203.25,15257.5,11821.25,16038.25,OR_IN_POOL,93,3,False,0.0,True,True
2023-11-07,15224.5,15287.0,11821.25,16038.25,OR_IN_POOL,94,3,False,0.0,True,True
2023-11-08,15373.75,15416.0,11821.25,16038.25,OR_IN_POOL,93,1,False,0.0,True,True
2023-11-09,15365.75,15419.25,11821.25,16038.25,OR_IN_POOL,93,2,False,0.0,True,True
2023-11-10,15305.5,15380.75,11821.25,16038.25,OR_IN_POOL,92,3,False,0.0,True,True
2023-11-13,15484.0,15539.0,11821.25,16038.25,OR_IN_POOL,91,2,False,0.0,True,True
2023-11-14,15790.0,15856.75,11821.25,16038.25,OR_IN_POOL,92,2,False,0.0,True,True
2023-11-15,15934.0,15974.0,11821.25,16038.25,OR_IN_POOL,91,0,True,39.5,False,True
2023-11-16,15825.0,15855.25,11821.25,16038.25,OR_IN_POOL,92,0,True,5.625,True,True
2023-11-17,15831.5,15873.25,11821.25,16038.25,OR_IN_POOL,92,1,False,0.0,True,True
2023-11-20,15894.75,15983.0,11821.25,16038.25,OR_IN_POOL,91,1,False,0.0,True,True
2023-11-21,15980.5,16021.25,11821.25,16038.25,OR_IN_POOL,91,0,True,2.1666666666660603,True,True
2023-11-22,16069.5,16173.25,11821.25,16038.25,OR_ABOVE_POOL,90,0,True,90.625,False,True
2023-11-23,16055.0,16069.5,11821.25,16173.25,OR_IN_POOL,90,0,True,76.125,False,True
2023-11-24,16002.25,16053.25,11821.25,16173.25,OR_IN_POOL,90,0,True,16.25,True,True
2023-11-27,15970.25,16037.25,11821.25,16173.25,OR_IN_POOL,91,1,False,0.0,True,True
2023-11-28,15963.25,16007.25,11821.25,16173.25,OR_IN_POOL,91,1,False,0.0,True,True
2023-11-29,16146.5,16207.75,11821.25,16173.25,OR_IN_POOL,90,0,True,77.0,False,True
2023-11-30,15961.0,16051.5,11821.25,16207.75,OR_IN_POOL,88,3,False,0.0,True,True
2023-12-01,15875.5,15936.75,11821.25,16207.75,OR_IN_POOL,87,1,False,0.0,True,True
2023-12-04,15831.75,15876.25,11821.25,16207.75,OR_IN_POOL,88,2,False,0.0,True,True
2023-12-05,15783.25,15848.25,11821.25,16207.75,OR_IN_POOL,87,3,False,0.0,True,True
2023-12-06,15936.5,16039.0,11821.25,16207.75,OR_IN_POOL,85,3,False,0.0,True,True
2023-12-07,15907.0,15982.0,11821.25,16207.75,OR_IN_POOL,85,2,False,0.0,True,True
2023-12-08,15946.75,16024.0,11821.25,16207.75,OR_IN_POOL,85,2,False,0.0,True,True
2023-12-11,16281.5,16359.75,11821.25,16207.75,OR_ABOVE_POOL,86,0,True,212.0,False,False
2023-12-12,16396.5,16449.0,11821.25,16359.75,OR_ABOVE_POOL,86,0,True,327.0,False,False
2023-12-13,16606.0,16657.25,11821.25,16449.0,OR_ABOVE_POOL,86,0,True,536.5,False,False
2023-12-14,16811.5,16863.25,11821.25,16657.25,OR_ABOVE_POOL,85,0,True,742.0,False,False
2023-12-15,16780.25,16844.25,11821.25,16863.25,OR_IN_POOL,85,0,True,710.75,False,False
2023-12-18,16832.0,16878.25,11821.25,16863.25,OR_IN_POOL,85,0,True,762.5,False,False
2023-12-19,16944.5,16995.25,11821.25,16878.25,OR_ABOVE_POOL,85,0,True,875.0,False,False
2023-12-20,16970.75,17020.5,12193.75,16995.25,OR_IN_POOL,85,0,True,901.25,False,False
2023-12-21,16900.75,16958.75,12193.75,17020.5,OR_IN_POOL,85,0,True,831.25,False,False
2023-12-22,16989.25,17035.0,12314.0,17020.5,OR_IN_POOL,85,0,True,919.75,False,False
2023-12-26,17005.25,17052.0,12552.0,17035.0,OR_IN_POOL,86,0,True,13.0,True,True
2023-12-27,17091.75,17121.75,12552.0,17052.0,OR_ABOVE_POOL,86,0,True,99.5,False,True
2023-12-28,17116.75,17159.0,12682.75,17121.75,OR_IN_POOL,86,0,True,124.5,False,False
2023-12-29,17072.0,17100.0,12682.75,17159.0,OR_IN_POOL,86,0,True,19.25,True,True
2024-01-02,16768.0,16873.5,12682.75,17159.0,OR_IN_POOL,86,0,True,118.75,False,False
2024-01-03,16581.5,16642.0,12682.75,17159.0,OR_IN_POOL,85,0,True,233.875,False,False
2024-01-04,16443.0,16500.0,12682.75,17159.0,OR_IN_POOL,85,0,True,373.5,False,False
2024-01-05,16437.25,16494.25,12682.75,17159.0,OR_IN_POOL,85,1,False,0.0,True,True
2024-01-08,16505.25,16578.25,12881.25,17159.0,OR_IN_POOL,86,0,True,8.125,True,True
2024-01-09,16660.75,16714.5,12899.0,17159.0,OR_IN_POOL,87,0,True,80.875,False,True
2024-01-10,16839.5,16874.0,12899.0,17159.0,OR_IN_POOL,88,0,True,1.875,True,True
2024-01-11,16974.75,17043.0,12899.0,17159.0,OR_IN_POOL,89,1,False,0.0,True,True
2024-01-12,16974.0,17039.0,12899.0,17159.0,OR_IN_POOL,89,1,False,0.0,True,True
2024-01-15,16952.0,16967.5,12899.0,17159.0,OR_IN_POOL,89,0,True,5.666666666667879,True,True
2024-01-16,16870.25,16946.0,12899.0,17159.0,OR_IN_POOL,90,1,False,0.0,True,True
2024-01-17,16733.0,16842.75,12899.0,17159.0,OR_IN_POOL,89,1,False,0.0,True,True
2024-01-18,16995.5,17054.75,12899.0,17159.0,OR_IN_POOL,89,1,False,0.0,True,True
2024-01-19,17166.25,17208.5,12899.0,17159.0,OR_ABOVE_POOL,90,0,True,47.0,False,True
2024-01-22,17491.75,17584.75,12899.0,17208.5,OR_ABOVE_POOL,89,0,True,372.5,False,False
2024-01-23,17409.25,17488.25,12899.0,17584.75,OR_IN_POOL,89,0,True,290.0,False,False
2024-01-24,17637.25,17695.5,12899.0,17584.75,OR_ABOVE_POOL,89,0,True,147.25,False,False
2024-01-25,17674.75,17728.0,12899.0,17695.5,OR_IN_POOL,89,0,True,184.75,False,False
2024-01-26,17528.0,17571.5,12899.0,17728.0,OR_IN_POOL,88,0,True,38.0,False,True
2024-01-29,17529.75,17584.75,12899.0,17728.0,OR_IN_POOL,86,0,True,39.75,False,True
2024-01-30,17654.0,17685.0,12899.0,17728.0,OR_IN_POOL,88,0,True,69.25,False,True
2024-01-31,17355.0,17426.25,12899.0,17728.0,OR_IN_POOL,87,0,True,63.75,False,True
2024-02-01,17294.0,17337.5,12899.0,17728.0,OR_IN_POOL,86,0,True,152.5,False,False
2024-02-02,17465.75,17578.25,12899.0,17728.0,OR_IN_POOL,85,2,False,0.0,True,True
2024-02-05,17691.25,17737.25,13013.25,17728.0,OR_IN_POOL,85,0,True,111.4375,False,False
2024-02-06,17702.25,17767.5,13034.5,17737.25,OR_IN_POOL,86,0,True,11.66666666666788,True,True
2024-02-07,17722.75,17778.0,13034.5,17767.5,OR_IN_POOL,85,0,True,29.25,True,True
2024-02-08,17807.5,17852.5,13034.5,17778.0,OR_ABOVE_POOL,86,0,True,82.125,False,True
2024-02-09,17875.25,17911.25,13034.5,17852.5,OR_ABOVE_POOL,85,0,True,149.875,False,False
2024-02-12,18007.25,18051.0,13034.5,17911.25,OR_ABOVE_POOL,85,0,True,281.875,False,False
2024-02-13,17586.5,17665.5,13124.25,18051.0,OR_IN_POOL,85,0,True,6.6875,True,True
2024-02-14,17743.0,17818.75,13271.0,18051.0,OR_IN_POOL,85,0,True,17.625,True,True
2024-02-15,17838.5,17903.0,13274.0,18051.0,OR_IN_POOL,85,0,True,98.375,False,True
2024-02-16,17877.5,17930.5,13321.5,18051.0,OR_IN_POOL,85,0,True,137.375,False,False
2024-02-19,17784.75,17807.25,13378.0,18051.0,OR_IN_POOL,85,0,True,44.625,False,True
2024-02-20,17559.5,17724.0,13391.0,18051.0,OR_IN_POOL,86,2,False,0.0,True,True
2024-02-21,17455.5,17511.5,13391.0,18051.0,OR_IN_POOL,86,1,False,0.0,True,True
2024-02-22,17864.0,17919.5,13434.5,18051.0,OR_IN_POOL,86,1,False,0.0,True,True
2024-02-23,18097.0,18145.0,13512.25,18051.0,OR_ABOVE_POOL,86,0,True,220.625,False,False
2024-02-26,17990.75,18050.75,13620.75,18145.0,OR_IN_POOL,86,0,True,114.375,False,False
2024-02-27,17938.0,18026.75,13620.75,18145.0,OR_IN_POOL,87,0,True,24.125,True,True
2024-02-28,17901.5,17946.5,13620.75,18145.0,OR_IN_POOL,86,0,True,25.125,True,True
2024-02-29,18020.75,18072.25,13620.75,18145.0,OR_IN_POOL,87,1,False,0.0,True,True
2024-03-01,18093.5,18144.5,13620.75,18145.0,OR_IN_POOL,87,0,True,42.625,False,True
2024-03-04,18287.75,18335.0,13863.5,18145.0,OR_ABOVE_POOL,89,0,True,143.0,False,False
2024-03-05,18054.0,18135.0,14014.75,18335.0,OR_IN_POOL,89,1,False,0.0,True,True
2024-03-06,18069.5,18126.25,14252.0,18335.0,OR_IN_POOL,89,1,False,0.0,True,True
2024-03-07,18162.0,18225.25,14252.0,18335.0,OR_IN_POOL,89,0,True,17.25,True,True
2024-03-08,18288.0,18353.0,14252.0,18335.0,OR_IN_POOL,89,0,True,143.25,False,False
2024-03-11,18154.5,18247.5,14252.0,18353.0,OR_IN_POOL,89,0,True,9.75,True,True
2024-03-12,18201.25,18339.0,14302.25,18353.0,OR_IN_POOL,89,1,False,0.0,True,True
2024-03-13,18366.5,18429.5,14302.25,18353.0,OR_ABOVE_POOL,90,0,True,29.5,True,True
2024-03-14,18335.75,18398.0,14302.25,18429.5,OR_IN_POOL,89,1,False,0.0,True,True
2024-03-15,18081.25,18174.75,14302.25,18429.5,OR_IN_POOL,88,2,False,0.0,True,True
2024-03-18,18277.5,18346.75,14302.25,18429.5,OR_IN_POOL,87,2,False,0.0,True,True
2024-03-19,18053.25,18152.75,14302.25,18429.5,OR_IN_POOL,87,3,False,0.0,True,True
2024-03-20,18249.0,18334.75,14302.25,18429.5,OR_IN_POOL,88,1,False,0.0,True,True
2024-03-21,18655.0,18708.5,14302.25,18429.5,OR_ABOVE_POOL,88,0,True,305.125,False,False
2024-03-22,18505.25,18547.5,14302.25,18708.5,OR_IN_POOL,88,0,True,155.375,False,False
2024-03-25,18415.0,18480.5,14302.25,18708.5,OR_IN_POOL,88,0,True,65.125,False,True
2024-03-26,18550.0,18594.75,14302.25,18708.5,OR_IN_POOL,87,0,True,200.125,False,False
2024-03-27,18485.0,18572.0,14302.25,18708.5,OR_IN_POOL,87,1,False,0.0,True,True
2024-03-28,18457.0,18509.5,14302.25,18708.5,OR_IN_POOL,88,1,False,0.0,True,True
2024-04-01,18482.25,18605.5,14302.25,18708.5,OR_IN_POOL,89,3,False,0.0,True,True
2024-04-02,18223.5,18292.25,14302.25,18708.5,OR_IN_POOL,89,2,False,0.0,True,True
2024-04-03,18239.0,18283.5,14302.25,18708.5,OR_IN_POOL,90,1,False,0.0,True,True
2024-04-04,18528.0,18568.25,14302.25,18708.5,OR_IN_POOL,90,1,False,0.0,True,True
2024-04-05,18102.5,18182.25,14302.25,18708.5,OR_IN_POOL,91,2,False,0.0,True,True
2024-04-08,18237.75,18337.0,14302.25,18708.5,OR_IN_POOL,91,3,False,0.0,True,True
2024-04-09,18342.75,18405.0,14302.25,18708.5,OR_IN_POOL,93,1,False,0.0,True,True
2024-04-10,18119.0,18196.25,14302.25,18708.5,OR_IN_POOL,93,2,False,0.0,True,True
2024-04-11,18222.5,18274.25,14302.25,18708.5,OR_IN_POOL,94,3,False,0.0,True,True
2024-04-12,18280.75,18327.0,14302.25,18708.5,OR_IN_POOL,94,1,False,0.0,True,True
2024-04-15,18261.0,18339.0,14302.25,18708.5,OR_IN_POOL,94,1,False,0.0,True,True
2024-04-16,17835.0,17888.0,14302.25,18708.5,OR_IN_POOL,94,1,False,0.0,True,True
2024-04-17,17912.75,17959.5,14302.25,18708.5,OR_IN_POOL,95,0,True,10.5,True,True
2024-04-18,17551.0,17678.75,14302.25,18708.5,OR_IN_POOL,96,1,False,0.0,True,True
2024-04-19,17432.75,17501.5,14302.25,18708.5,OR_IN_POOL,94,1,False,0.0,True,True
2024-04-22,17264.0,17307.5,14302.25,18708.5,OR_IN_POOL,94,0,True,122.0,False,False
2024-04-23,17413.5,17478.0,14302.25,18708.5,OR_IN_POOL,94,1,False,0.0,True,True
2024-04-24,17713.0,17787.0,14302.25,18708.5,OR_IN_POOL,94,3,False,0.0,True,True
2024-04-25,17308.0,17375.75,14302.25,18708.5,OR_IN_POOL,93,0,True,35.625,False,True
2024-04-26,17668.25,17764.5,14302.25,18708.5,OR_IN_POOL,94,3,False,0.0,True,True
2024-04-29,17831.75,17949.0,14302.25,18708.5,OR_IN_POOL,95,4,False,0.0,True,True
2024-04-30,17824.0,17886.5,14302.25,18708.5,OR_IN_POOL,96,2,False,0.0,True,True
2024-05-01,17468.25,17517.5,14302.25,18708.5,OR_IN_POOL,98,1,False,0.0,True,True
2024-05-02,17515.25,17602.5,14302.25,18708.5,OR_IN_POOL,99,2,False,0.0,True,True
2024-05-03,17919.25,17977.75,14302.25,18708.5,OR_IN_POOL,99,1,False,0.0,True,True
2024-05-06,18042.5,18101.0,14302.25,18708.5,OR_IN_POOL,99,3,False,0.0,True,True
2024-05-07,18197.25,18236.25,14302.25,18708.5,OR_IN_POOL,98,2,False,0.0,True,True
2024-05-08,18079.0,18126.5,14302.25,18708.5,OR_IN_POOL,98,1,False,0.0,True,True
2024-05-09,18122.75,18204.0,14302.25,18708.5,OR_IN_POOL,99,4,False,0.0,True,True
2024-05-10,18256.5,18331.5,14302.25,18708.5,OR_IN_POOL,98,1,False,0.0,True,True
2024-05-13,18266.25,18336.75,14302.25,18708.5,OR_IN_POOL,99,1,False,0.0,True,True
2024-05-14,18265.25,18318.0,14302.25,18708.5,OR_IN_POOL,99,1,False,0.0,True,True
2024-05-15,18491.25,18531.75,14302.25,18708.5,OR_IN_POOL,99,1,False,0.0,True,True
2024-05-16,18672.0,18700.0,14302.25,18708.5,OR_IN_POOL,100,0,True,101.875,False,False
2024-05-17,18638.25,18667.5,14302.25,18708.5,OR_IN_POOL,100,0,True,68.125,False,True
2024-05-20,18635.25,18710.75,14302.25,18708.5,OR_IN_POOL,101,1,False,0.0,True,True
2024-05-21,18678.0,18714.0,14302.25,18710.75,OR_IN_POOL,102,1,False,0.0,True,True
2024-05-22,18789.0,18826.5,14302.25,18714.0,OR_ABOVE_POOL,101,0,True,77.91666666666788,False,True
2024-05-23,18911.5,18982.5,14302.25,18826.5,OR_ABOVE_POOL,100,0,True,200.41666666666788,False,False
2024-05-24,18733.25,18777.25,14302.25,18982.5,OR_IN_POOL,100,0,True,22.16666666666788,True,True
2024-05-27,18877.25,18911.25,14302.25,18982.5,OR_IN_POOL,100,0,True,166.16666666666788,False,False
2024-05-28,18869.5,18937.0,14302.25,18982.5,OR_IN_POOL,101,1,False,0.0,True,True
2024-05-29,18761.0,18817.75,14302.25,18982.5,OR_IN_POOL,101,0,True,49.91666666666788,False,True
2024-05-30,18696.5,18769.25,14302.25,18982.5,OR_IN_POOL,101,1,False,0.0,True,True
2024-05-31,18575.0,18630.75,14302.25,18982.5,OR_IN_POOL,102,0,True,4.875,True,True
2024-06-03,18698.25,18749.75,14302.25,18982.5,OR_IN_POOL,101,2,False,0.0,True,True
2024-06-04,18581.5,18650.75,14302.25,18982.5,OR_IN_POOL,101,1,False,0.0,True,True
2024-06-05,18813.5,18852.5,14302.25,18982.5,OR_IN_POOL,101,0,True,58.875,False,True
2024-06-06,19085.25,19115.75,14302.25,18982.5,OR_ABOVE_POOL,102,0,True,173.875,False,False
2024-06-07,18992.25,19040.75,14302.25,19115.75,OR_IN_POOL,101,0,True,80.875,False,True
2024-06-10,18977.5,19023.5,14302.25,19115.75,OR_IN_POOL,101,0,True,66.125,False,True
2024-06-11,19046.0,19087.5,14302.25,19115.75,OR_IN_POOL,101,0,True,66.0,False,True
2024-06-12,19374.5,19481.75,14302.25,19115.75,OR_ABOVE_POOL,101,0,True,288.125,False,False
2024-06-13,19618.25,19663.75,14302.25,19481.75,OR_ABOVE_POOL,100,0,True,531.875,False,False
2024-06-14,19557.0,19603.5,14302.25,19663.75,OR_IN_POOL,99,0,True,470.625,False,False
2024-06-17,19928.25,19973.75,14302.25,19663.75,OR_ABOVE_POOL,98,0,True,841.875,False,False
2024-06-18,20179.75,20219.25,14302.25,19973.75,OR_ABOVE_POOL,98,0,True,1093.375,False,False
2024-06-19,20235.25,20252.25,14302.25,20219.25,OR_ABOVE_POOL,98,0,True,1148.875,False,False
2024-06-20,20200.0,20262.0,14302.25,20252.25,OR_IN_POOL,98,0,True,1113.625,False,False
2024-06-21,19973.5,20027.75,14302.25,20262.0,OR_IN_POOL,98,0,True,887.125,False,False
2024-06-24,19886.75,19965.25,14302.25,20262.0,OR_IN_POOL,97,0,True,8.375,True,True
2024-06-25,19792.25,19841.5,14302.25,20262.0,OR_IN_POOL,97,0,True,132.125,False,False
2024-06-26,19918.5,19954.5,14302.25,20262.0,OR_IN_POOL,97,0,True,19.125,True,True
2024-06-27,19989.75,20101.25,14302.25,20262.0,OR_IN_POOL,97,0,True,16.125,True,True
2024-06-28,20039.0,20105.5,14302.25,20262.0,OR_IN_POOL,96,0,True,65.375,False,True
2024-07-01,19912.75,19985.75,14302.25,20262.0,OR_IN_POOL,96,1,False,0.0,True,True
2024-07-02,19976.5,20083.0,14302.25,20262.0,OR_IN_POOL,98,1,False,0.0,True,True
2024-07-03,20216.0,20267.5,14302.25,20262.0,OR_IN_POOL,97,0,True,112.625,False,False
2024-07-04,20387.5,20406.25,14302.25,20267.5,OR_ABOVE_POOL,98,0,True,122.75,False,False
2024-07-05,20440.0,20494.75,14302.25,20406.25,OR_ABOVE_POOL,97,0,True,175.25,False,False
2024-07-08,20600.75,20645.0,14302.25,20494.75,OR_ABOVE_POOL,95,0,True,336.0,False,False
2024-07-09,20719.25,20764.5,14302.25,20645.0,OR_ABOVE_POOL,95,0,True,454.5,False,False
2024-07-10,20721.5,20768.25,14302.25,20764.5,OR_IN_POOL,95,0,True,456.75,False,False
2024-07-11,20852.25,20902.25,14302.25,20768.25,OR_ABOVE_POOL,96,0,True,85.875,False,True
2024-07-12,20425.25,20477.75,14302.25,20902.25,OR_IN_POOL,96,0,True,160.5,False,False
2024-07-15,20595.5,20665.5,14302.25,20902.25,OR_IN_POOL,95,0,True,54.875,False,True
2024-07-16,20630.0,20684.0,14302.25,20902.25,OR_IN_POOL,94,0,True,31.875,False,True
2024-07-17,20210.5,20281.5,14302.25,20902.25,OR_IN_POOL,94,2,False,0.0,True,True
2024-07-18,20038.5,20149.25,14302.25,20902.25,OR_IN_POOL,94,1,False,0.0,True,True
2024-07-19,19836.0,19976.75,14302.25,20902.25,OR_IN_POOL,93,2,False,0.0,True,True
2024-07-22,19882.25,19979.25,14302.25,20902.25,OR_IN_POOL,93,2,False,0.0,True,True
2024-07-23,19933.25,20033.75,14302.25,20902.25,OR_IN_POOL,93,1,False,0.0,True,True
2024-07-24,19527.0,19655.0,14302.25,20902.25,OR_IN_POOL,94,0,True,183.75,False,False
2024-07-25,19107.5,19226.5,14302.25,20902.25,OR_IN_POOL,93,0,True,21.125,True,True
2024-07-26,19078.75,19166.0,14302.25,20902.25,OR_IN_POOL,92,1,False,0.0,True,True
2024-07-29,19222.5,19342.75,14302.25,20902.25,OR_IN_POOL,91,0,True,138.66666666666788,False,False
2024-07-30,19255.25,19319.25,14302.25,20902.25,OR_IN_POOL,91,0,True,30.75,False,True
2024-07-31,19310.5,19412.0,14302.25,20902.25,OR_IN_POOL,91,0,True,86.0,False,True
2024-08-01,19505.0,19636.5,14302.25,20902.25,OR_IN_POOL,91,0,True,202.25,False,False
2024-08-02,18541.75,18761.25,14302.25,20902.25,OR_IN_POOL,89,7,False,0.0,True,True
2024-08-05,17509.25,17871.5,14302.25,20902.25,OR_IN_POOL,90,11,False,0.0,True,True
2024-08-06,17970.75,18173.75,14302.25,20902.25,OR_IN_POOL,90,7,False,0.0,True,True
2024-08-07,18438.75,18540.75,14302.25,20902.25,OR_IN_POOL,92,3,False,0.0,True,True
2024-08-08,18130.25,18244.0,14327.0,20902.25,OR_IN_POOL,92,6,False,0.0,True,True
2024-08-09,18445.5,18528.75,14327.0,20902.25,OR_IN_POOL,91,2,False,0.0,True,True
2024-08-12,18557.25,18672.75,14515.25,20902.25,OR_IN_POOL,92,4,False,0.0,True,True
2024-08-13,18815.75,18891.25,14904.0,20902.25,OR_IN_POOL,92,0,True,0.125,True,True
2024-08-14,19043.5,19175.0,15040.25,20902.25,OR_IN_POOL,92,1,False,0.0,True,True
2024-08-15,19336.25,19395.75,15203.25,20902.25,OR_IN_POOL,92,0,True,111.75,False,False
2024-08-16,19462.5,19534.75,15224.5,20902.25,OR_IN_POOL,93,0,True,123.0,False,False
2024-08-19,19545.0,19616.75,15305.5,20902.25,OR_IN_POOL,93,0,True,205.5,False,False
2024-08-20,19816.75,19878.5,15305.5,20902.25,OR_IN_POOL,92,1,False,0.0,True,True
2024-08-21,19813.25,19860.5,15305.5,20902.25,OR_IN_POOL,92,1,False,0.0,True,True
2024-08-22,19970.0,20025.75,15484.0,20902.25,OR_IN_POOL,93,1,False,0.0,True,True
2024-08-23,19706.5,19764.5,15783.25,20902.25,OR_IN_POOL,93,0,True,50.5,False,True
2024-08-26,19742.75,19801.5,15783.25,20902.25,OR_IN_POOL,92,0,True,13.5,True,True
2024-08-27,19454.5,19539.25,15783.25,20902.25,OR_IN_POOL,93,0,True,78.25,False,True
2024-08-28,19584.0,19656.75,15783.25,20902.25,OR_IN_POOL,93,1,False,0.0,True,True
2024-08-29,19478.0,19610.0,15783.25,20902.25,OR_IN_POOL,93,1,False,0.0,True,True
2024-08-30,19513.0,19577.0,15783.25,20902.25,OR_IN_POOL,94,1,False,0.0,True,True
2024-09-02,19614.0,19644.0,15783.25,20902.25,OR_IN_POOL,93,0,True,1.875,True,True
2024-09-03,19357.5,19483.25,15783.25,20902.25,OR_IN_POOL,92,1,False,0.0,True,True
2024-09-04,18860.0,18965.75,15783.25,20902.25,OR_IN_POOL,92,1,False,0.0,True,True
2024-09-05,18884.75,19033.0,15783.25,20902.25,OR_IN_POOL,90,2,False,0.0,True,True
2024-09-06,18766.25,18967.25,15783.25,20902.25,OR_IN_POOL,90,3,False,0.0,True,True
2024-09-09,18605.0,18675.0,15783.25,20902.25,OR_IN_POOL,90,3,False,0.0,True,True
2024-09-10,18721.5,18821.75,15783.25,20902.25,OR_IN_POOL,91,2,False,0.0,True,True
2024-09-11,18808.75,18906.5,15783.25,20902.25,OR_IN_POOL,91,2,False,0.0,True,True
2024-09-12,19210.0,19289.5,15783.25,20902.25,OR_IN_POOL,89,1,False,0.0,True,True
2024-09-13,19396.0,19503.0,15783.25,20902.25,OR_IN_POOL,89,1,False,0.0,True,True
2024-09-16,19560.75,19676.0,15907.0,20902.25,OR_IN_POOL,91,3,False,0.0,True,True
2024-09-17,19756.5,19828.75,15907.0,20902.25,OR_IN_POOL,92,1,False,0.0,True,True
2024-09-18,19669.25,19736.75,15946.75,20902.25,OR_IN_POOL,92,0,True,10.75,True,True
2024-09-19,20003.75,20073.25,16281.5,20902.25,OR_IN_POOL,93,1,False,0.0,True,True
2024-09-20,20030.25,20082.5,16396.5,20902.25,OR_IN_POOL,93,1,False,0.0,True,True
2024-09-23,20031.75,20086.5,16437.25,20902.25,OR_IN_POOL,94,2,False,0.0,True,True
2024-09-24,20094.25,20154.0,16437.25,20902.25,OR_IN_POOL,93,1,False,0.0,True,True
2024-09-25,20138.25,20205.75,16437.25,20902.25,OR_IN_POOL,94,1,False,0.0,True,True
2024-09-26,20419.25,20518.0,16437.25,20902.25,OR_IN_POOL,94,0,True,80.125,False,True
2024-09-27,20310.25,20383.0,16437.25,20902.25,OR_IN_POOL,95,0,True,39.25,False,True
2024-09-30,20168.5,20260.0,16437.25,20902.25,OR_IN_POOL,96,1,False,0.0,True,True
2024-10-01,20070.0,20266.25,16437.25,20902.25,OR_IN_POOL,96,5,False,0.0,True,True
2024-10-02,19836.0,19967.0,16437.25,20902.25,OR_IN_POOL,97,4,False,0.0,True,True
2024-10-03,19894.5,20006.25,16437.25,20902.25,OR_IN_POOL,96,3,False,0.0,True,True
2024-10-04,20186.25,20239.75,16437.25,20902.25,OR_IN_POOL,96,1,False,0.0,True,True
2024-10-07,20107.25,20163.75,16437.25,20902.25,OR_IN_POOL,97,1,False,0.0,True,True
2024-10-08,20069.5,20115.75,16437.25,20902.25,OR_IN_POOL,98,3,False,0.0,True,True
2024-10-09,20238.25,20299.25,16437.25,20902.25,OR_IN_POOL,98,1,False,0.0,True,True
2024-10-10,20340.0,20390.0,16437.25,20902.25,OR_IN_POOL,98,1,False,0.0,True,True
2024-10-11,20313.25,20352.25,16437.25,20902.25,OR_IN_POOL,97,0,True,34.58333333333212,False,True
2024-10-14,20540.75,20609.0,16437.25,20902.25,OR_IN_POOL,96,1,False,0.0,True,True
2024-10-15,20605.75,20659.25,16505.25,20902.25,OR_IN_POOL,96,0,True,7.625,True,True
2024-10-16,20241.75,20357.5,16660.75,20902.25,OR_IN_POOL,97,2,False,0.0,True,True
2024-10-17,20402.5,20576.0,16733.0,20902.25,OR_IN_POOL,98,1,False,0.0,True,True
2024-10-18,20433.0,20502.25,16733.0,20902.25,OR_IN_POOL,97,0,True,10.75,True,True
2024-10-21,20423.0,20488.25,16733.0,20902.25,OR_IN_POOL,97,1,False,0.0,True,True
2024-10-22,20368.75,20458.25,16733.0,20902.25,OR_IN_POOL,97,4,False,0.0,True,True
2024-10-23,20407.0,20462.75,16733.0,20902.25,OR_IN_POOL,96,2,False,0.0,True,True
2024-10-24,20312.0,20376.75,16733.0,20902.25,OR_IN_POOL,97,1,False,0.0,True,True
2024-10-25,20490.0,20588.75,16995.5,20902.25,OR_IN_POOL,97,1,False,0.0,True,True
2024-10-28,20556.5,20627.0,17166.25,20902.25,OR_IN_POOL,97,1,False,0.0,True,True
2024-10-29,20432.0,20526.75,17264.0,20902.25,OR_IN_POOL,98,3,False,0.0,True,True
2024-10-30,20543.0,20669.5,17264.0,20902.25,OR_IN_POOL,96,3,False,0.0,True,True
2024-10-31,20252.5,20369.0,17264.0,20902.25,OR_IN_POOL,96,3,False,0.0,True,True
2024-11-01,20057.25,20164.75,17264.0,20902.25,OR_IN_POOL,98,4,False,0.0,True,True
2024-11-04,20013.25,20142.0,17264.0,20902.25,OR_IN_POOL,99,4,False,0.0,True,True
2024-11-05,20147.0,20243.0,17264.0,20902.25,OR_IN_POOL,99,5,False,0.0,True,True
2024-11-06,20668.25,20806.75,17264.0,20902.25,OR_IN_POOL,97,2,False,0.0,True,True
2024-11-07,21003.75,21091.5,17264.0,20902.25,OR_ABOVE_POOL,96,0,True,237.375,False,False
2024-11-08,21186.25,21232.0,17264.0,21091.5,OR_ABOVE_POOL,95,0,True,419.875,False,False
2024-11-11,21206.25,21292.5,17264.0,21232.0,OR_IN_POOL,95,0,True,439.875,False,False
2024-11-12,21181.5,21241.25,17264.0,21292.5,OR_IN_POOL,94,0,True,415.125,False,False
2024-11-13,21139.0,21184.75,17264.0,21292.5,OR_IN_POOL,94,1,False,0.0,True,True
2024-11-14,21078.75,21174.5,17264.0,21292.5,OR_IN_POOL,93,0,True,9.66666666666788,True,True
2024-11-15,20687.0,20774.0,17264.0,21292.5,OR_IN_POOL,92,2,False,0.0,True,True
2024-11-18,20520.25,20571.5,17264.0,21292.5,OR_IN_POOL,92,1,False,0.0,True,True
2024-11-19,20508.0,20587.5,17264.0,21292.5,OR_IN_POOL,94,3,False,0.0,True,True
2024-11-20,20636.25,20756.0,17264.0,21292.5,OR_IN_POOL,95,3,False,0.0,True,True
2024-11-21,20628.25,20907.0,17264.0,21292.5,OR_IN_POOL,94,5,False,0.0,True,True
2024-11-22,20773.25,20857.0,17264.0,21292.5,OR_IN_POOL,94,0,True,4.333333333332121,True,True
2024-11-25,20956.25,21081.25,17264.0,21292.5,OR_IN_POOL,94,0,True,51.625,False,True
2024-11-26,20938.5,21003.0,17264.0,21292.5,OR_IN_POOL,94,0,True,33.875,False,True
2024-11-27,20852.75,20939.75,17264.0,21292.5,OR_IN_POOL,94,2,False,0.0,True,True
2024-11-28,20873.75,20892.5,17264.0,21292.5,OR_IN_POOL,95,0,True,12.125,True,True
2024-11-29,20805.75,20875.5,17264.0,21292.5,OR_IN_POOL,95,1,False,0.0,True,True
2024-12-02,21026.5,21139.5,17264.0,21292.5,OR_IN_POOL,97,1,False,0.0,True,True
2024-12-03,21134.75,21203.25,17264.0,21292.5,OR_IN_POOL,97,2,False,0.0,True,True
2024-12-04,21388.25,21437.0,17264.0,21292.5,OR_ABOVE_POOL,98,0,True,183.5,False,False
2024-12-05,21518.5,21552.0,17264.0,21437.0,OR_ABOVE_POOL,97,0,True,313.75,False,False
2024-12-06,21485.0,21555.0,17264.0,21552.0,OR_IN_POOL,96,0,True,280.25,False,False
2024-12-09,21582.75,21642.25,17264.0,21555.0,OR_ABOVE_POOL,97,0,True,29.25,True,True
2024-12-10,21505.25,21576.5,17264.0,21642.25,OR_IN_POOL,97,1,False,0.0,True,True
2024-12-11,21573.0,21639.5,17264.0,21642.25,OR_IN_POOL,98,1,False,0.0,True,True
2024-12-12,21655.75,21696.5,17264.0,21642.25,OR_ABOVE_POOL,98,0,True,14.875,True,True
2024-12-13,21790.25,21895.0,17264.0,21696.5,OR_ABOVE_POOL,98,0,True,149.375,False,False
2024-12-16,21896.0,21950.75,17264.0,21895.0,OR_ABOVE_POOL,98,0,True,255.125,False,False
2024-12-17,22279.5,22366.25,17264.0,21950.75,OR_ABOVE_POOL,99,0,True,384.0,False,False
2024-12-18,22211.25,22302.75,17264.0,22366.25,OR_IN_POOL,98,0,True,315.75,False,False
2024-12-19,21568.0,21698.0,17264.0,22366.25,OR_IN_POOL,98,2,False,0.0,True,True
2024-12-20,21184.25,21309.25,17264.0,22366.25,OR_IN_POOL,99,1,False,0.0,True,True
2024-12-23,21605.5,21675.5,17264.0,22366.25,OR_IN_POOL,98,1,False,0.0,True,True
2024-12-24,21799.0,21875.0,17264.0,22366.25,OR_IN_POOL,96,0,True,20.5,True,True
2024-12-26,21955.25,22008.5,17264.0,22366.25,OR_IN_POOL,96,0,True,59.75,False,True
2024-12-27,21682.0,21863.0,17264.0,22366.25,OR_IN_POOL,97,1,False,0.0,True,True
2024-12-30,21309.5,21417.0,17264.0,22366.25,OR_IN_POOL,98,0,True,104.75,False,False
2024-12-31,21367.75,21489.5,17264.0,22366.25,OR_IN_POOL,98,0,True,58.375,False,True
2025-01-02,21166.5,21373.0,17264.0,22366.25,OR_IN_POOL,98,3,False,0.0,True,True
2025-01-03,21276.75,21431.5,17264.0,22366.25,OR_IN_POOL,99,2,False,0.0,True,True
2025-01-06,21723.75,21828.75,17264.0,22366.25,OR_IN_POOL,100,0,True,26.5,True,True
2025-01-07,21695.0,21806.25,17264.0,22366.25,OR_IN_POOL,99,1,False,0.0,True,True
2025-01-08,21289.75,21384.75,17264.0,22366.25,OR_IN_POOL,99,2,False,0.0,True,True
2025-01-10,21067.75,21197.25,17264.0,22366.25,OR_IN_POOL,100,3,False,0.0,True,True
2025-01-13,20701.5,20786.0,17264.0,22366.25,OR_IN_POOL,99,2,False,0.0,True,True
2025-01-14,21018.0,21129.25,17264.0,22366.25,OR_IN_POOL,99,1,False,0.0,True,True
2025-01-15,21186.5,21307.5,17264.0,22366.25,OR_IN_POOL,99,2,False,0.0,True,True
2025-01-16,21404.5,21498.0,17264.0,22366.25,OR_IN_POOL,98,2,False,0.0,True,True
2025-01-17,21492.25,21653.5,17264.0,22366.25,OR_IN_POOL,97,3,False,0.0,True,True
2025-01-20,21713.25,21780.0,17264.0,22366.25,OR_IN_POOL,98,0,True,16.75,True,True
2025-01-21,21589.5,21718.5,17264.0,22366.25,OR_IN_POOL,98,4,False,0.0,True,True
2025-01-22,21902.5,21982.0,17264.0,22366.25,OR_IN_POOL,98,1,False,0.0,True,True
2025-01-23,21866.0,21915.75,17264.0,22366.25,OR_IN_POOL,98,1,False,0.0,True,True
2025-01-24,22000.0,22052.75,17264.0,22366.25,OR_IN_POOL,99,0,True,47.0,False,True
2025-01-27,21108.25,21303.0,17264.0,22366.25,OR_IN_POOL,97,4,False,0.0,True,True
2025-01-28,21172.5,21319.75,17264.0,22366.25,OR_IN_POOL,96,4,False,0.0,True,True
2025-01-29,21498.5,21606.25,17264.0,22366.25,OR_IN_POOL,96,2,False,0.0,True,True
2025-01-30,21597.25,21668.75,17264.0,22366.25,OR_IN_POOL,97,3,False,0.0,True,True
2025-01-31,21764.0,21838.25,17308.0,22366.25,OR_IN_POOL,96,0,True,26.25,True,True
2025-02-03,21177.75,21314.75,17308.0,22366.25,OR_IN_POOL,96,4,False,0.0,True,True
2025-02-04,21405.0,21523.5,17308.0,22366.25,OR_IN_POOL,96,2,False,0.0,True,True
2025-02-05,21519.0,21587.75,17468.25,22366.25,OR_IN_POOL,98,3,False,0.0,True,True
2025-02-06,21738.0,21790.0,17468.25,22366.25,OR_IN_POOL,98,0,True,19.5,True,True
2025-02-07,21869.5,21967.75,17468.25,22366.25,OR_IN_POOL,99,2,False,0.0,True,True
2025-02-10,21742.25,21803.0,17468.25,22366.25,OR_IN_POOL,99,1,False,0.0,True,True
2025-02-11,21700.25,21797.0,17509.25,22366.25,OR_IN_POOL,101,3,False,0.0,True,True
2025-02-12,21535.75,21667.75,17509.25,22366.25,OR_IN_POOL,99,5,False,0.0,True,True
2025-02-13,21835.0,21951.0,17509.25,22366.25,OR_IN_POOL,98,2,False,0.0,True,True
2025-02-14,22088.0,22138.0,17509.25,22366.25,OR_IN_POOL,99,0,True,135.66666666666788,False,False
2025-02-17,22192.0,22242.0,17509.25,22366.25,OR_IN_POOL,98,0,True,239.66666666666788,False,False
2025-02-18,22211.0,22268.0,17509.25,22366.25,OR_IN_POOL,97,0,True,258.6666666666679,False,False
2025-02-19,22172.75,22221.5,17509.25,22366.25,OR_IN_POOL,98,1,False,0.0,True,True
2025-02-20,22166.0,22227.0,17509.25,22366.25,OR_IN_POOL,97,1,False,0.0,True,True
2025-02-21,22096.75,22188.0,17509.25,22366.25,OR_IN_POOL,98,1,False,0.0,True,True
2025-02-24,21684.0,21801.75,17509.25,22366.25,OR_IN_POOL,99,4,False,0.0,True,True
2025-02-25,21311.0,21397.5,17509.25,22366.25,OR_IN_POOL,98,2,False,0.0,True,True
2025-02-26,21188.5,21274.25,17509.25,22366.25,OR_IN_POOL,98,1,False,0.0,True,True
2025-02-27,21170.0,21381.0,17509.25,22366.25,OR_IN_POOL,99,6,False,0.0,True,True
2025-02-28,20460.25,20644.75,17509.25,22366.25,OR_IN_POOL,97,8,False,0.0,True,True
2025-03-03,20942.25,21120.75,17509.25,22366.25,OR_IN_POOL,98,2,False,0.0,True,True
2025-03-04,20258.5,20430.0,17509.25,22366.25,OR_IN_POOL,98,7,False,0.0,True,True
2025-03-05,20313.0,20455.75,17509.25,22366.25,OR_IN_POOL,96,5,False,0.0,True,True
2025-03-06,20228.25,20319.75,17509.25,22366.25,OR_IN_POOL,96,3,False,0.0,True,True
2025-03-07,20024.25,20190.75,17509.25,22366.25,OR_IN_POOL,95,7,False,0.0,True,True
2025-03-10,19787.75,19902.0,17509.25,22366.25,OR_IN_POOL,95,3,False,0.0,True,True
2025-03-11,19386.5,19553.0,17509.25,22366.25,OR_IN_POOL,96,4,False,0.0,True,True
2025-03-12,19668.0,19776.75,17509.25,22366.25,OR_IN_POOL,95,1,False,0.0,True,True
2025-03-13,19470.25,19577.0,17509.25,22366.25,OR_IN_POOL,94,4,False,0.0,True,True
2025-03-14,19450.0,19600.5,17509.25,22366.25,OR_IN_POOL,94,5,False,0.0,True,True
2025-03-17,19684.0,19848.0,17509.25,22366.25,OR_IN_POOL,95,4,False,0.0,True,True
2025-03-18,19708.5,19900.75,17509.25,22366.25,OR_IN_POOL,95,5,False,0.0,True,True
2025-03-19,19706.5,19815.0,17509.25,22366.25,OR_IN_POOL,96,4,False,0.0,True,True
2025-03-20,19756.75,19907.25,17509.25,22366.25,OR_IN_POOL,96,5,False,0.0,True,True
2025-03-21,19607.0,19711.75,17509.25,22366.25,OR_IN_POOL,96,3,False,0.0,True,True
2025-03-24,20228.75,20293.0,17509.25,22366.25,OR_IN_POOL,95,2,False,0.0,True,True
2025-03-25,20368.5,20429.0,17509.25,22366.25,OR_IN_POOL,96,4,False,0.0,True,True
2025-03-26,20412.75,20475.0,17509.25,22366.25,OR_IN_POOL,97,2,False,0.0,True,True
2025-03-27,19937.75,20069.75,17509.25,22366.25,OR_IN_POOL,96,3,False,0.0,True,True
2025-03-28,19839.5,19941.25,17509.25,22366.25,OR_IN_POOL,96,4,False,0.0,True,True
2025-03-31,19003.25,19192.25,17509.25,22366.25,OR_IN_POOL,96,0,True,32.25,False,True
2025-04-01,19338.25,19433.0,17509.25,22366.25,OR_IN_POOL,97,2,False,0.0,True,True
2025-04-02,19317.0,19533.75,17509.25,22366.25,OR_IN_POOL,97,5,False,0.0,True,True
2025-04-03,18910.75,19074.0,17509.25,22366.25,OR_IN_POOL,98,1,False,0.0,True,True
2025-04-04,18008.25,18248.75,17509.25,22366.25,OR_IN_POOL,100,0,True,193.375,False,False
2025-04-07,16673.5,16981.25,17509.25,22366.25,OR_BELOW_POOL,100,0,True,1265.125,False,False
2025-04-08,18062.25,18202.0,16673.5,22366.25,OR_IN_POOL,100,0,True,44.375,False,True
2025-04-09,17196.25,17553.75,16673.5,22366.25,OR_IN_POOL,100,0,True,692.625,False,False
2025-04-10,18679.25,18871.75,16673.5,22366.25,OR_IN_POOL,99,2,False,0.0,True,True
2025-04-11,18353.5,18571.25,16673.5,22366.25,OR_IN_POOL,99,2,False,0.0,True,True
2025-04-14,18994.25,19255.25,16673.5,22366.25,OR_IN_POOL,99,2,False,0.0,True,True
2025-04-15,18968.0,19086.75,16673.5,22366.25,OR_IN_POOL,100,1,False,0.0,True,True
2025-04-16,18572.5,18679.0,16673.5,22366.25,OR_IN_POOL,100,1,False,0.0,True,True
2025-04-17,18382.25,18509.5,16673.5,22366.25,OR_IN_POOL,101,1,False,0.0,True,True
2025-04-21,18060.75,18165.75,16673.5,22366.25,OR_IN_POOL,101,0,True,80.625,False,True
2025-04-22,18100.25,18211.0,16673.5,22366.25,OR_IN_POOL,101,0,True,35.375,False,True
2025-04-23,18917.0,19113.0,16673.5,22366.25,OR_IN_POOL,101,2,False,0.0,True,True
2025-04-24,18846.5,18961.25,16673.5,22366.25,OR_IN_POOL,101,2,False,0.0,True,True
2025-04-25,19256.25,19363.25,16673.5,22366.25,OR_IN_POOL,100,2,False,0.0,True,True
2025-04-28,19482.75,19599.0,16673.5,22366.25,OR_IN_POOL,101,3,False,0.0,True,True
2025-04-29,19404.0,19477.5,16673.5,22366.25,OR_IN_POOL,100,1,False,0.0,True,True
2025-04-30,19135.25,19304.25,16673.5,22366.25,OR_IN_POOL,99,2,False,0.0,True,True
2025-05-01,19888.5,19990.5,16673.5,22366.25,OR_IN_POOL,99,3,False,0.0,True,True
2025-05-02,20033.0,20125.0,16673.5,22366.25,OR_IN_POOL,98,2,False,0.0,True,True
2025-05-05,19985.25,20053.75,16673.5,22366.25,OR_IN_POOL,98,2,False,0.0,True,True
2025-05-06,19779.25,19864.5,16673.5,22366.25,OR_IN_POOL,100,2,False,0.0,True,True
2025-05-07,19866.0,19934.25,16673.5,22366.25,OR_IN_POOL,101,1,False,0.0,True,True
2025-05-08,20097.75,20174.5,16673.5,22366.25,OR_IN_POOL,99,2,False,0.0,True,True
2025-05-09,20220.0,20279.75,16673.5,22366.25,OR_IN_POOL,99,3,False,0.0,True,True
2025-05-12,20746.5,20922.25,16673.5,22366.25,OR_IN_POOL,99,4,False,0.0,True,True
2025-05-13,20973.25,21080.5,16673.5,22366.25,OR_IN_POOL,99,2,False,0.0,True,True
2025-05-14,21314.0,21404.75,16673.5,22366.25,OR_IN_POOL,98,3,False,0.0,True,True
2025-05-15,21276.75,21339.5,16673.5,22366.25,OR_IN_POOL,97,2,False,0.0,True,True
2025-05-16,21388.75,21470.25,16673.5,22366.25,OR_IN_POOL,95,2,False,0.0,True,True
2025-05-19,21201.5,21335.0,16673.5,22366.25,OR_IN_POOL,95,4,False,0.0,True,True
2025-05-20,21390.5,21439.75,16673.5,22366.25,OR_IN_POOL,96,2,False,0.0,True,True
2025-05-21,21277.0,21372.25,16673.5,22366.25,OR_IN_POOL,94,4,False,0.0,True,True
2025-05-22,21113.75,21219.5,16673.5,22366.25,OR_IN_POOL,93,3,False,0.0,True,True
2025-05-23,20821.5,20953.5,16673.5,22366.25,OR_IN_POOL,94,3,False,0.0,True,True
2025-05-26,21258.75,21307.75,16673.5,22366.25,OR_IN_POOL,95,2,False,0.0,True,True
2025-05-27,21193.25,21284.5,16673.5,22366.25,OR_IN_POOL,93,2,False,0.0,True,True
2025-05-28,21490.25,21564.75,16673.5,22366.25,OR_IN_POOL,92,3,False,0.0,True,True
2025-05-29,21522.5,21679.25,16673.5,22366.25,OR_IN_POOL,90,6,False,0.0,True,True
2025-05-30,21295.25,21390.75,16673.5,22366.25,OR_IN_POOL,90,3,False,0.0,True,True
2025-06-02,21286.75,21458.0,16673.5,22366.25,OR_IN_POOL,90,6,False,0.0,True,True
2025-06-03,21510.0,21595.75,16673.5,22366.25,OR_IN_POOL,90,3,False,0.0,True,True
2025-06-04,21716.75,21793.5,16673.5,22366.25,OR_IN_POOL,89,2,False,0.0,True,True
2025-06-05,21735.0,21840.0,16673.5,22366.25,OR_IN_POOL,88,3,False,0.0,True,True
2025-06-06,21768.0,21852.25,16673.5,22366.25,OR_IN_POOL,88,2,False,0.0,True,True
2025-06-09,21750.25,21815.0,16673.5,22366.25,OR_IN_POOL,88,2,False,0.0,True,True
2025-06-10,21818.0,21886.5,16673.5,22366.25,OR_IN_POOL,86,2,False,0.0,True,True
2025-06-11,21960.0,22024.75,16673.5,22366.25,OR_IN_POOL,87,0,True,7.666666666667879,True,True
2025-06-12,21816.0,21884.75,16673.5,22366.25,OR_IN_POOL,87,3,False,0.0,True,True
2025-06-13,21663.5,21788.25,16673.5,22366.25,OR_IN_POOL,87,5,False,0.0,True,True
2025-06-16,22013.5,22098.75,16673.5,22366.25,OR_IN_POOL,87,0,True,59.25,False,True
2025-06-17,22029.0,22110.0,16673.5,22366.25,OR_IN_POOL,88,1,False,0.0,True,True
2025-06-18,21926.5,21995.75,16673.5,22366.25,OR_IN_POOL,89,1,False,0.0,True,True
2025-06-19,21716.0,21786.75,16673.5,22366.25,OR_IN_POOL,90,3,False,0.0,True,True
2025-06-20,22040.0,22130.75,16673.5,22366.25,OR_IN_POOL,90,1,False,0.0,True,True
2025-06-23,21758.5,21885.5,16673.5,22366.25,OR_IN_POOL,90,5,False,0.0,True,True
2025-06-24,22260.0,22327.75,16673.5,22366.25,OR_IN_POOL,90,0,True,35.75,False,True
2025-06-25,22490.25,22548.25,16673.5,22366.25,OR_ABOVE_POOL,90,0,True,266.0,False,False
2025-06-26,22495.0,22566.5,16673.5,22548.25,OR_IN_POOL,90,0,True,270.75,False,False
2025-06-27,22682.0,22743.0,16673.5,22566.5,OR_ABOVE_POOL,91,0,True,189.375,False,False
2025-06-30,22801.25,22875.5,16673.5,22743.0,OR_ABOVE_POOL,91,0,True,308.625,False,False
2025-07-01,22779.75,22821.25,16673.5,22875.5,OR_IN_POOL,90,0,True,287.125,False,False
2025-07-02,22650.75,22707.25,16673.5,22875.5,OR_IN_POOL,89,0,True,158.125,False,False
2025-07-03,22929.75,22986.0,16673.5,22875.5,OR_ABOVE_POOL,89,0,True,437.125,False,False
2025-07-04,22887.5,22929.25,16673.5,22986.0,OR_IN_POOL,88,0,True,394.875,False,False
2025-07-07,22900.25,22975.5,16673.5,22986.0,OR_IN_POOL,88,1,False,0.0,True,True
2025-07-08,22889.0,22944.0,16673.5,22986.0,OR_IN_POOL,87,1,False,0.0,True,True
2025-07-09,22977.75,23064.75,16673.5,22986.0,OR_IN_POOL,88,0,True,48.25,False,True
2025-07-10,23022.0,23089.75,16673.5,23064.75,OR_IN_POOL,90,0,True,45.375,False,True
2025-07-11,22870.0,22958.25,16673.5,23089.75,OR_IN_POOL,89,2,False,0.0,True,True
2025-07-14,22852.0,22979.0,16673.5,23089.75,OR_IN_POOL,90,4,False,0.0,True,True
2025-07-15,23122.75,23222.75,16673.5,23089.75,OR_ABOVE_POOL,90,0,True,143.1875,False,False
2025-07-16,23004.25,23090.0,16673.5,23222.75,OR_IN_POOL,89,0,True,24.6875,True,True
2025-07-17,23065.75,23128.25,16673.5,23222.75,OR_IN_POOL,89,1,False,0.0,True,True
2025-07-18,23257.25,23310.0,16673.5,23222.75,OR_ABOVE_POOL,90,0,True,131.75,False,False
2025-07-21,23255.0,23348.75,16673.5,23310.0,OR_IN_POOL,89,0,True,129.5,False,False
2025-07-22,23258.75,23349.75,16673.5,23348.75,OR_IN_POOL,89,0,True,2.625,True,True
2025-07-23,23183.0,23264.25,16673.5,23349.75,OR_IN_POOL,89,1,False,0.0,True,True
2025-07-24,23333.5,23399.5,16673.5,23349.75,OR_IN_POOL,89,1,False,0.0,True,True
2025-07-25,23330.25,23378.5,16673.5,23399.5,OR_IN_POOL,88,1,False,0.0,True,True
2025-07-28,23462.5,23505.0,16673.5,23399.5,OR_ABOVE_POOL,87,0,True,113.25,False,False
2025-07-29,23592.75,23652.25,16673.5,23505.0,OR_ABOVE_POOL,87,0,True,243.5,False,False
2025-07-30,23450.25,23509.75,16673.5,23652.25,OR_IN_POOL,86,0,True,101.0,False,False
2025-07-31,23620.5,23752.25,16673.5,23652.25,OR_IN_POOL,86,0,True,113.125,False,False
2025-08-01,22917.75,23095.5,16673.5,23752.25,OR_IN_POOL,85,4,False,0.0,True,True
2025-08-04,23088.75,23197.0,16673.5,23752.25,OR_IN_POOL,84,2,False,0.0,True,True
2025-08-05,23303.5,23366.75,16673.5,23752.25,OR_IN_POOL,84,2,False,0.0,True,True
2025-08-06,23148.75,23228.0,16673.5,23752.25,OR_IN_POOL,84,0,True,23.25,True,True
2025-08-07,23582.75,23648.0,16673.5,23752.25,OR_IN_POOL,85,0,True,75.375,False,True
2025-08-08,23530.0,23614.25,16673.5,23752.25,OR_IN_POOL,85,0,True,22.625,True,True
2025-08-11,23681.0,23738.5,16673.5,23752.25,OR_IN_POOL,85,0,True,30.875,False,True
2025-08-12,23710.0,23808.5,16673.5,23752.25,OR_IN_POOL,84,0,True,59.875,False,True
2025-08-13,24028.75,24069.0,16673.5,23808.5,OR_ABOVE_POOL,83,0,True,378.625,False,False
2025-08-14,23841.25,23924.0,16673.5,24069.0,OR_IN_POOL,81,0,True,191.125,False,False
2025-08-15,23834.75,23910.75,16673.5,24069.0,OR_IN_POOL,80,0,True,184.625,False,False
2025-08-18,23767.75,23818.25,16673.5,24069.0,OR_IN_POOL,80,0,True,19.75,True,True
2025-08-19,23660.0,23770.75,16673.5,24069.0,OR_IN_POOL,80,0,True,9.875,True,True
2025-08-20,23322.5,23432.0,16673.5,24069.0,OR_IN_POOL,80,2,False,0.0,True,True
2025-08-21,23199.5,23290.5,16673.5,24069.0,OR_IN_POOL,79,2,False,0.0,True,True
2025-08-22,23206.25,23324.0,16673.5,24069.0,OR_IN_POOL,80,3,False,0.0,True,True
2025-08-25,23445.0,23518.5,16673.5,24069.0,OR_IN_POOL,80,1,False,0.0,True,True
2025-08-26,23463.25,23518.5,16673.5,24069.0,OR_IN_POOL,81,1,False,0.0,True,True
2025-08-27,23513.75,23565.25,16673.5,24069.0,OR_IN_POOL,83,1,False,0.0,True,True
2025-08-28,23629.25,23743.25,16673.5,24069.0,OR_IN_POOL,82,1,False,0.0,True,True
2025-08-29,23585.25,23668.0,16673.5,24069.0,OR_IN_POOL,82,2,False,0.0,True,True
2025-09-01,23443.25,23484.0,16673.5,24069.0,OR_IN_POOL,83,2,False,0.0,True,True
2025-09-02,23025.0,23177.5,16673.5,24069.0,OR_IN_POOL,83,3,False,0.0,True,True
2025-09-03,23372.0,23438.0,16673.5,24069.0,OR_IN_POOL,85,0,True,8.16666666666788,True,True
2025-09-04,23457.25,23548.25,16673.5,24069.0,OR_IN_POOL,86,2,False,0.0,True,True
2025-09-05,23821.5,23902.5,16673.5,24069.0,OR_IN_POOL,84,1,False,0.0,True,True
2025-09-08,23771.25,23846.75,16673.5,24069.0,OR_IN_POOL,83,2,False,0.0,True,True
2025-09-09,23815.0,23857.75,16673.5,24069.0,OR_IN_POOL,83,2,False,0.0,True,True
2025-09-10,23918.0,24000.75,16673.5,24069.0,OR_IN_POOL,82,0,True,77.08333333333212,False,True
2025-09-11,23911.5,23997.75,16673.5,24069.0,OR_IN_POOL,82,1,False,0.0,True,True
2025-09-12,24002.0,24063.5,16673.5,24069.0,OR_IN_POOL,83,0,True,2.75,True,True
2025-09-15,24413.25,24470.5,16673.5,24069.0,OR_ABOVE_POOL,84,0,True,347.0,False,False
2025-09-16,24552.25,24600.25,16673.5,24470.5,OR_ABOVE_POOL,83,0,True,486.0,False,False
2025-09-17,24462.0,24540.75,16673.5,24600.25,OR_IN_POOL,82,0,True,395.75,False,False
2025-09-18,24624.5,24713.5,16673.5,24600.25,OR_ABOVE_POOL,81,0,True,558.25,False,False
2025-09-19,24737.25,24783.75,16673.5,24713.5,OR_ABOVE_POOL,81,0,True,671.0,False,False
2025-09-22,24814.25,24858.25,16673.5,24783.75,OR_ABOVE_POOL,81,0,True,748.0,False,False
2025-09-23,24942.75,25009.75,16673.5,24858.25,OR_ABOVE_POOL,81,0,True,876.5,False,False
2025-09-24,24823.5,24899.25,16673.5,25009.75,OR_IN_POOL,81,0,True,757.25,False,False
2025-09-25,24422.0,24578.75,16673.5,25009.75,OR_IN_POOL,80,0,True,355.75,False,False
2025-09-26,24596.75,24712.5,16673.5,25009.75,OR_IN_POOL,80,0,True,530.5,False,False
2025-09-29,24848.25,24916.0,16673.5,25009.75,OR_IN_POOL,81,0,True,135.25,False,False
2025-09-30,24741.25,24830.75,16673.5,25009.75,OR_IN_POOL,81,0,True,28.25,True,True
2025-10-01,24743.5,24841.5,16673.5,25009.75,OR_IN_POOL,81,0,True,4.25,True,True
2025-10-02,25036.25,25169.0,16673.5,25009.75,OR_ABOVE_POOL,81,0,True,191.375,False,False
2025-10-03,25113.75,25166.75,16673.5,25169.0,OR_IN_POOL,82,0,True,268.875,False,False
2025-10-06,25117.0,25221.75,16673.5,25169.0,OR_IN_POOL,83,1,False,0.0,True,True
2025-10-07,25217.0,25263.0,16673.5,25221.75,OR_IN_POOL,84,0,True,49.125,False,True
2025-10-08,25073.25,25152.75,16673.5,25263.0,OR_IN_POOL,83,1,False,0.0,True,True
2025-10-09,25258.75,25334.75,16673.5,25263.0,OR_IN_POOL,83,0,True,39.375,False,True
2025-10-10,25293.75,25376.75,16673.5,25334.75,OR_IN_POOL,84,0,True,32.875,False,True
2025-10-13,24724.5,24842.75,16673.5,25376.75,OR_IN_POOL,84,1,False,0.0,True,True
2025-10-14,24430.25,24642.0,16673.5,25376.75,OR_IN_POOL,83,1,False,0.0,True,True
2025-10-15,24920.5,25004.25,16673.5,25376.75,OR_IN_POOL,83,0,True,76.33333333333212,False,True
2025-10-16,25036.0,25106.0,16673.5,25376.75,OR_IN_POOL,85,0,True,9.375,True,True
2025-10-17,24672.25,24817.75,16673.5,25376.75,OR_IN_POOL,85,2,False,0.0,True,True
2025-10-20,25114.75,25224.75,16673.5,25376.75,OR_IN_POOL,86,3,False,0.0,True,True
2025-10-21,25233.0,25304.5,16673.5,25376.75,OR_IN_POOL,86,1,False,0.0,True,True
2025-10-22,25172.75,25271.5,16673.5,25376.75,OR_IN_POOL,86,2,False,0.0,True,True
2025-10-23,24998.75,25092.75,16673.5,25376.75,OR_IN_POOL,86,2,False,0.0,True,True
2025-10-24,25430.0,25530.75,16673.5,25376.75,OR_ABOVE_POOL,86,0,True,169.125,False,False
2025-10-27,25796.25,25859.75,16673.5,25530.75,OR_ABOVE_POOL,87,0,True,535.375,False,False
2025-10-28,26041.75,26094.0,16673.5,25859.75,OR_ABOVE_POOL,86,0,True,780.875,False,False
2025-10-29,26254.25,26292.5,16673.5,26094.0,OR_ABOVE_POOL,86,0,True,993.375,False,False
2025-10-30,25941.5,26127.5,16673.5,26292.5,OR_IN_POOL,86,0,True,680.625,False,False
2025-10-31,26103.5,26199.5,16673.5,26292.5,OR_IN_POOL,86,0,True,842.625,False,False
2025-11-03,26155.0,26265.75,16673.5,26292.5,OR_IN_POOL,85,0,True,894.125,False,False
2025-11-04,25663.0,25782.0,16673.5,26292.5,OR_IN_POOL,84,0,True,402.125,False,False
2025-11-05,25487.75,25577.25,16673.5,26292.5,OR_IN_POOL,84,0,True,226.875,False,False
2025-11-06,25585.75,25684.75,16673.5,26292.5,OR_IN_POOL,83,0,True,324.875,False,False
2025-11-07,24917.5,25111.5,16673.5,26292.5,OR_IN_POOL,83,3,False,0.0,True,True
2025-11-10,25524.0,25639.75,16673.5,26292.5,OR_IN_POOL,82,0,True,263.125,False,False
2025-11-11,25583.75,25646.0,16673.5,26292.5,OR_IN_POOL,82,0,True,56.375,False,True
2025-11-12,25637.25,25780.5,16673.5,26292.5,OR_IN_POOL,84,1,False,0.0,True,True
2025-11-13,25284.0,25501.5,16673.5,26292.5,OR_IN_POOL,84,0,True,23.125,True,True
2025-11-14,24626.0,24844.75,16673.5,26292.5,OR_IN_POOL,83,4,False,0.0,True,True
2025-11-17,24955.25,25199.25,16673.5,26292.5,OR_IN_POOL,83,4,False,0.0,True,True
2025-11-18,24646.75,24832.0,16673.5,26292.5,OR_IN_POOL,83,3,False,0.0,True,True
2025-11-19,24572.75,24758.5,16673.5,26292.5,OR_IN_POOL,85,5,False,0.0,True,True
2025-11-20,25145.0,25242.25,16673.5,26292.5,OR_IN_POOL,86,2,False,0.0,True,True
2025-11-21,24152.75,24280.0,16673.5,26292.5,OR_IN_POOL,85,0,True,86.5,False,True
2025-11-24,24513.5,24722.25,16673.5,26292.5,OR_IN_POOL,84,5,False,0.0,True,True
2025-11-25,24719.5,24882.0,16673.5,26292.5,OR_IN_POOL,85,5,False,0.0,True,True
2025-11-26,25189.25,25271.0,16673.5,26292.5,OR_IN_POOL,83,2,False,0.0,True,True
2025-11-27,25287.0,25318.0,16673.5,26292.5,OR_IN_POOL,84,0,True,15.75,True,True
2025-11-28,25329.5,25421.5,16673.5,26292.5,OR_IN_POOL,83,0,True,41.25,False,True
2025-12-01,25209.0,25319.75,16673.5,26292.5,OR_IN_POOL,84,4,False,0.0,True,True
2025-12-02,25471.25,25613.0,16673.5,26292.5,OR_IN_POOL,84,2,False,0.0,True,True
2025-12-03,25451.5,25538.0,16673.5,26292.5,OR_IN_POOL,83,1,False,0.0,True,True
2025-12-04,25550.5,25713.25,16673.5,26292.5,OR_IN_POOL,83,2,False,0.0,True,True
2025-12-05,25660.5,25777.75,16673.5,26292.5,OR_IN_POOL,82,0,True,3.5,True,True
2025-12-08,25768.0,25860.75,16673.5,26292.5,OR_IN_POOL,83,1,False,0.0,True,True
2025-12-09,25560.0,25653.25,16673.5,26292.5,OR_IN_POOL,83,2,False,0.0,True,True
2025-12-10,25567.0,25663.25,16673.5,26292.5,OR_IN_POOL,82,3,False,0.0,True,True
2025-12-11,25555.75,25649.75,16673.5,26292.5,OR_IN_POOL,82,3,False,0.0,True,True
2025-12-12,25522.0,25620.5,16673.5,26292.5,OR_IN_POOL,81,3,False,0.0,True,True
2025-12-15,25541.0,25670.0,16673.5,26292.5,OR_IN_POOL,80,4,False,0.0,True,True
2025-12-16,25209.75,25351.0,16673.5,26292.5,OR_IN_POOL,81,6,False,0.0,True,True
2025-12-17,25296.75,25449.25,16673.5,26292.5,OR_IN_POOL,82,2,False,0.0,True,True
2025-12-18,25173.0,25329.5,16673.5,26292.5,OR_IN_POOL,83,6,False,0.0,True,True
2025-12-19,25356.25,25548.75,16673.5,26292.5,OR_IN_POOL,82,3,False,0.0,True,True
2025-12-22,25671.0,25795.0,16673.5,26292.5,OR_IN_POOL,83,1,False,0.0,True,True
2025-12-23,25638.0,25737.5,16673.5,26292.5,OR_IN_POOL,83,2,False,0.0,True,True
2025-12-24,25781.75,25827.5,16673.5,26292.5,OR_IN_POOL,83,1,False,0.0,True,True
2025-12-26,25864.5,25932.5,16673.5,26292.5,OR_IN_POOL,82,0,True,4.25,True,True
2025-12-29,25664.25,25818.75,16673.5,26292.5,OR_IN_POOL,81,3,False,0.0,True,True
2025-12-30,25675.5,25733.0,16673.5,26292.5,OR_IN_POOL,81,0,True,10.16666666666788,True,True
2025-12-31,25608.75,25692.25,16673.5,26292.5,OR_IN_POOL,82,2,False,0.0,True,True
2026-01-02,25638.0,25733.5,16673.5,26292.5,OR_IN_POOL,83,2,False,0.0,True,True
2026-01-05,25538.5,25673.25,16673.5,26292.5,OR_IN_POOL,83,6,False,0.0,True,True
2026-01-06,25608.75,25679.0,16673.5,26292.5,OR_IN_POOL,83,3,False,0.0,True,True
2026-01-07,25770.75,25864.25,16673.5,26292.5,OR_IN_POOL,83,3,False,0.0,True,True
2026-01-08,25613.25,25802.75,16673.5,26292.5,OR_IN_POOL,82,5,False,0.0,True,True
2026-01-09,25648.25,25791.0,16673.5,26292.5,OR_IN_POOL,82,3,False,0.0,True,True
2026-01-12,25743.75,25892.5,16673.5,26292.5,OR_IN_POOL,82,3,False,0.0,True,True
2026-01-13,25930.75,26043.0,16673.5,26292.5,OR_IN_POOL,82,0,True,68.4375,False,True
2026-01-14,25623.5,25791.25,16673.5,26292.5,OR_IN_POOL,83,4,False,0.0,True,True
2026-01-15,25853.0,25946.75,16673.5,26292.5,OR_IN_POOL,84,2,False,0.0,True,True
2026-01-16,25817.5,25891.25,17196.25,26292.5,OR_IN_POOL,85,1,False,0.0,True,True
2026-01-19,25240.0,25298.0,17196.25,26292.5,OR_IN_POOL,86,3,False,0.0,True,True
2026-01-20,25232.5,25357.25,18060.75,26292.5,OR_IN_POOL,87,7,False,0.0,True,True
2026-01-21,25128.5,25223.0,18060.75,26292.5,OR_IN_POOL,86,3,False,0.0,True,True
2026-01-22,25612.25,25732.25,18060.75,26292.5,OR_IN_POOL,85,3,False,0.0,True,True
2026-01-23,25562.5,25652.75,18060.75,26292.5,OR_IN_POOL,84,4,False,0.0,True,True
2026-01-26,25704.25,25827.25,18060.75,26292.5,OR_IN_POOL,83,4,False,0.0,True,True
2026-01-27,25917.25,26012.5,18060.75,26292.5,OR_IN_POOL,84,2,False,0.0,True,True
2026-01-28,26213.5,26298.5,18060.75,26292.5,OR_IN_POOL,84,0,True,171.125,False,False
2026-01-29,25946.0,26177.25,18100.25,26298.5,OR_IN_POOL,85,1,False,0.0,True,True
2026-01-30,25813.0,25939.25,18846.5,26298.5,OR_IN_POOL,85,5,False,0.0,True,True
2026-02-02,25540.25,25734.0,18846.5,26298.5,OR_IN_POOL,84,6,False,0.0,True,True
2026-02-03,25721.75,25952.5,19135.25,26298.5,OR_IN_POOL,84,8,False,0.0,True,True
2026-02-04,25230.0,25386.5,19135.25,26298.5,OR_IN_POOL,84,7,False,0.0,True,True
2026-02-05,24651.75,24936.25,19135.25,26298.5,OR_IN_POOL,82,6,False,0.0,True,True
2026-02-06,24700.5,24927.5,19135.25,26298.5,OR_IN_POOL,83,6,False,0.0,True,True
2026-02-09,24955.5,25152.5,19779.25,26298.5,OR_IN_POOL,83,3,False,0.0,True,True
2026-02-10,25265.25,25410.25,19779.25,26298.5,OR_IN_POOL,84,5,False,0.0,True,True
2026-02-11,25339.0,25465.5,19779.25,26298.5,OR_IN_POOL,83,2,False,0.0,True,True
2026-02-12,25303.75,25393.75,19779.25,26298.5,OR_IN_POOL,84,3,False,0.0,True,True
2026-02-13,24578.75,24800.0,19866.0,26298.5,OR_IN_POOL,83,5,False,0.0,True,True
2026-02-16,24710.25,24777.0,20097.75,26298.5,OR_IN_POOL,83,2,False,0.0,True,True
2026-02-17,24605.75,24815.5,20220.0,26298.5,OR_IN_POOL,84,5,False,0.0,True,True
2026-02-18,24752.0,24868.75,20746.5,26298.5,OR_IN_POOL,84,4,False,0.0,True,True
2026-02-19,24762.5,24883.25,20821.5,26298.5,OR_IN_POOL,85,4,False,0.0,True,True
2026-02-20,24677.0,24948.75,20821.5,26298.5,OR_IN_POOL,86,10,False,0.0,True,True
2026-02-23,24880.25,25040.0,20821.5,26298.5,OR_IN_POOL,85,5,False,0.0,True,True
2026-02-24,24694.0,24912.25,20821.5,26298.5,OR_IN_POOL,83,8,False,0.0,True,True
2026-02-25,25156.75,25279.75,20821.5,26298.5,OR_IN_POOL,84,4,False,0.0,True,True
2026-02-26,25224.75,25342.0,20821.5,26298.5,OR_IN_POOL,84,5,False,0.0,True,True
2026-02-27,24780.0,24910.0,20821.5,26298.5,OR_IN_POOL,83,5,False,0.0,True,True
2026-03-02,24605.25,24885.25,20821.5,26298.5,OR_IN_POOL,83,12,False,0.0,True,True
2026-03-03,24502.25,24661.0,20821.5,26298.5,OR_IN_POOL,83,4,False,0.0,True,True
2026-03-04,24837.25,24970.5,21193.25,26298.5,OR_IN_POOL,83,4,False,0.0,True,True
2026-03-05,24985.25,25125.25,21193.25,26298.5,OR_IN_POOL,82,3,False,0.0,True,True
2026-03-06,24611.75,24732.25,21286.75,26298.5,OR_IN_POOL,82,5,False,0.0,True,True
2026-03-09,24354.75,24526.0,21286.75,26298.5,OR_IN_POOL,82,0,True,50.75,False,True
2026-03-10,24959.5,25081.0,21286.75,26298.5,OR_IN_POOL,82,2,False,0.0,True,True
2026-03-11,25035.0,25115.5,21286.75,26298.5,OR_IN_POOL,82,2,False,0.0,True,True
2026-03-12,24742.0,24834.75,21510.0,26298.5,OR_IN_POOL,82,3,False,0.0,True,True
2026-03-13,24611.0,24772.75,21663.5,26298.5,OR_IN_POOL,82,7,False,0.0,True,True
2026-03-16,24836.25,24931.75,21663.5,26298.5,OR_IN_POOL,81,3,False,0.0,True,True
2026-03-17,24964.25,25076.0,21663.5,26298.5,OR_IN_POOL,80,2,False,0.0,True,True
2026-03-18,24903.75,24990.5,21663.5,26298.5,OR_IN_POOL,81,1,False,0.0,True,True
2026-03-19,24324.25,24453.0,21663.5,26298.5,OR_IN_POOL,82,0,True,123.75,False,False
2026-03-20,24379.25,24491.0,21663.5,26298.5,OR_IN_POOL,81,0,True,85.75,False,True
2026-03-23,24432.5,24568.5,21663.5,26298.5,OR_IN_POOL,80,0,True,8.25,True,True
2026-03-24,24140.25,24317.0,21663.5,26298.5,OR_IN_POOL,80,0,True,74.0,False,True
2026-03-25,24426.0,24526.0,21716.0,26298.5,OR_IN_POOL,79,1,False,0.0,True,True
2026-03-26,24066.0,24158.5,21716.0,26298.5,OR_IN_POOL,80,1,False,0.0,True,True
2026-03-27,23531.5,23664.25,21716.0,26298.5,OR_IN_POOL,81,3,False,0.0,True,True
2026-03-30,23374.25,23538.0,21716.0,26298.5,OR_IN_POOL,83,3,False,0.0,True,True
2026-03-31,23378.75,23470.0,21758.5,26298.5,OR_IN_POOL,83,1,False,0.0,True,True
2026-04-01,24043.5,24194.5,21758.5,26298.5,OR_IN_POOL,83,2,False,0.0,True,True
2026-04-02,23678.0,23819.0,22260.0,26298.5,OR_IN_POOL,83,3,False,0.0,True,True
2026-04-06,24245.25,24373.75,22490.25,26298.5,OR_IN_POOL,84,0,True,53.9375,False,True
2026-04-07,24187.75,24303.25,22495.0,26298.5,OR_IN_POOL,84,0,True,32.125,False,True
2026-04-08,25089.5,25251.75,22650.75,26298.5,OR_IN_POOL,85,6,False,0.0,True,True
2026-04-09,25019.0,25112.75,22650.75,26298.5,OR_IN_POOL,86,3,False,0.0,True,True
2026-04-10,25290.0,25372.0,22650.75,26298.5,OR_IN_POOL,85,4,False,0.0,True,True
2026-04-13,25174.5,25239.25,22650.75,26298.5,OR_IN_POOL,86,2,False,0.0,True,True
2026-04-14,25655.75,25756.25,22852.0,26298.5,OR_IN_POOL,86,2,False,0.0,True,True
2026-04-15,25982.75,26059.5,22852.0,26298.5,OR_IN_POOL,84,1,False,0.0,True,True
2026-04-16,26345.5,26453.5,22852.0,26298.5,OR_ABOVE_POOL,83,0,True,50.0,False,True
2026-04-17,26629.5,26720.75,22852.0,26453.5,OR_ABOVE_POOL,83,0,True,334.0,False,False
2026-04-20,26732.75,26826.0,22852.0,26720.75,OR_ABOVE_POOL,83,0,True,437.25,False,False
2026-04-21,26726.25,26838.0,22852.0,26826.0,OR_IN_POOL,81,0,True,430.75,False,False
2026-04-22,26813.0,26892.5,22852.0,26838.0,OR_IN_POOL,81,0,True,86.41666666666788,False,True
2026-04-23,26964.0,27067.75,22852.0,26892.5,OR_ABOVE_POOL,81,0,True,237.41666666666788,False,False
2026-04-24,27177.0,27260.25,22917.75,27067.75,OR_ABOVE_POOL,81,0,True,450.4166666666679,False,False
2026-04-27,27354.25,27429.75,22917.75,27260.25,OR_ABOVE_POOL,79,0,True,627.6666666666679,False,False
2026-04-28,27069.25,27240.0,22917.75,27429.75,OR_IN_POOL,79,0,True,342.6666666666679,False,False
2026-04-29,27124.25,27218.5,22917.75,27429.75,OR_IN_POOL,80,0,True,55.75,False,True
2026-04-30,27271.25,27490.75,22917.75,27429.75,OR_IN_POOL,79,0,True,202.75,False,False
2026-05-01,27615.0,27795.0,22917.75,27490.75,OR_ABOVE_POOL,78,0,True,546.5,False,False
2026-05-04,27808.25,27887.5,22917.75,27795.0,OR_ABOVE_POOL,77,0,True,739.75,False,False
2026-05-05,27970.5,28083.75,22917.75,27887.5,OR_ABOVE_POOL,76,0,True,902.0,False,False
2026-05-06,28336.5,28482.75,22917.75,28083.75,OR_ABOVE_POOL,76,0,True,1268.0,False,False
2026-05-07,28722.0,28782.5,22917.75,28482.75,OR_ABOVE_POOL,76,0,True,1653.5,False,False
2026-05-08,28863.5,28998.25,22917.75,28782.5,OR_ABOVE_POOL,76,0,True,1795.0,False,False
