session_date,side,entry_ts,entry_price,exit_ts,exit_price,pnl_dollars,cum_pnl,peak,drawdown,adx_value,plus_di,minus_di,di_spread,filter_decision,would_have_been_pnl,year
2020-02-18,Long,2020-02-18 09:45:00-05:00,9602.75,2020-02-18 11:30:00-05:00,9596.0,-15.5,-15.5,-15.5,0.0,26.945414199393365,25.56151835507136,18.624383235940094,6.937135119131266,SKIP_LOW_ADX,-15.5,2020
2020-02-21,Short,2020-02-21 09:45:00-05:00,9539.75,2020-02-21 09:49:00-05:00,9499.75,78.0,62.5,62.5,0.0,43.600744749134186,11.472373964645886,36.47603400091368,25.003660036267792,TAKE,,2020
2020-02-24,Long,2020-02-24 09:45:00-05:00,9177.5,2020-02-24 10:31:00-05:00,9137.5,-82.0,-19.5,62.5,-82.0,32.17653349849292,28.08216730456592,26.4440222188793,1.6381450856866202,SKIP_LOW_DI,-82.0,2020
2020-02-25,Short,2020-02-25 09:45:00-05:00,9122.25,2020-02-25 10:23:00-05:00,9082.25,78.0,58.5,62.5,-4.0,13.008675806225183,17.96554854431484,24.578159244780363,6.612610700465524,SKIP_LOW_ADX,78.0,2020
2020-02-26,Short,2020-02-26 09:45:00-05:00,8997.5,2020-02-26 09:51:00-05:00,8957.5,78.0,136.5,136.5,0.0,27.511330200883123,33.93421770865485,9.51657697238041,24.41764073627444,SKIP_LOW_ADX,78.0,2020
2020-02-27,Short,2020-02-27 09:45:00-05:00,8666.25,2020-02-27 09:46:00-05:00,8626.25,78.0,214.5,214.5,0.0,25.071253096738033,23.54775677599631,18.646882105757193,4.900874670239116,SKIP_LOW_ADX,78.0,2020
2020-02-28,Short,2020-02-28 09:45:00-05:00,8234.75,2020-02-28 09:48:00-05:00,8274.75,-82.0,132.5,214.5,-82.0,32.1358729959478,24.73954559442401,20.84663423156711,3.8929113628569,SKIP_LOW_DI,-82.0,2020
2020-03-03,Short,2020-03-03 09:45:00-05:00,8824.75,2020-03-03 09:52:00-05:00,8784.75,78.0,210.5,214.5,-4.0,21.87274539493607,17.159913438171802,22.945148791193876,5.785235353022074,SKIP_LOW_ADX,78.0,2020
2020-03-04,Short,2020-03-04 09:45:00-05:00,8721.0,2020-03-04 09:54:00-05:00,8681.0,78.0,288.5,288.5,0.0,22.81881800653485,13.276124628118867,23.046510045370372,9.770385417251505,SKIP_LOW_ADX,78.0,2020
2020-03-05,Short,2020-03-05 09:45:00-05:00,8768.0,2020-03-05 09:52:00-05:00,8728.0,78.0,366.5,366.5,0.0,27.560619236151812,25.917884744103084,14.2011221987687,11.716762545334383,SKIP_LOW_ADX,78.0,2020
2020-03-06,Short,2020-03-06 09:45:00-05:00,8426.214285714286,2020-03-06 09:50:00-05:00,8386.214285714286,78.0,444.5,444.5,0.0,32.58021050161315,26.451786796781505,13.202646119325742,13.249140677455763,SKIP_DIR_SHORT,78.0,2020
2020-03-09,Long,2020-03-09 09:49:00-04:00,7857.009615384615,2020-03-09 09:50:00-04:00,7817.009615384615,-82.0,362.5,444.5,-82.0,50.0181955301575,0.09569508532807024,90.4303948641825,90.33469977885443,SKIP_DIR_LONG,-82.0,2020
2020-03-10,Short,2020-03-10 09:45:00-04:00,8164.25,2020-03-10 09:58:00-04:00,8204.25,-82.0,280.5,444.5,-164.0,28.270599818187502,16.161692654719428,30.03992975892516,13.878237104205734,SKIP_LOW_ADX,-82.0,2020
2020-03-11,Long,2020-03-11 09:45:00-04:00,8158.25,2020-03-11 10:05:00-04:00,8198.25,78.0,358.5,444.5,-86.0,33.43718788823396,21.44279015934385,21.53778811860493,0.09499795926107879,SKIP_LOW_DI,78.0,2020
2020-03-12,Short,2020-03-12 09:50:00-04:00,7433.5,2020-03-12 09:51:00-04:00,7393.5,78.0,436.5,444.5,-8.0,71.21888133803911,0.309598035962675,64.05278640306462,63.74318836710194,TAKE,,2020
2020-03-13,Long,2020-03-13 09:45:00-04:00,7554.25,2020-03-13 09:46:00-04:00,7514.25,-82.0,354.5,444.5,-90.0,38.67530224263283,22.677820977761122,34.73270105614085,12.054880078379725,SKIP_DIR_LONG,-82.0,2020
2020-03-20,Short,2020-03-20 09:45:00-04:00,7320.0,2020-03-20 09:53:00-04:00,7360.0,-82.0,272.5,444.5,-172.0,31.494393475406497,9.532158033416925,33.314760738781104,23.782602705364177,TAKE,,2020
2020-03-24,Short,2020-03-24 09:45:00-04:00,7341.75,2020-03-24 09:52:00-04:00,7381.75,-82.0,190.5,444.5,-254.0,24.72859706943389,20.928604077593175,23.313710384912575,2.3851063073194005,SKIP_LOW_ADX,-82.0,2020
2020-03-25,Short,2020-03-25 09:45:00-04:00,7609.0,2020-03-25 09:47:00-04:00,7569.0,78.0,268.5,444.5,-176.0,24.320360751123676,20.789998257386163,19.568068260895064,1.2219299964910988,SKIP_LOW_ADX,78.0,2020
2020-03-26,Short,2020-03-26 09:45:00-04:00,7593.0,2020-03-26 09:50:00-04:00,7553.0,78.0,346.5,444.5,-98.0,40.53130606560809,25.82122468931482,12.884684057879642,12.936540631435179,SKIP_DIR_SHORT,78.0,2020
2020-03-27,Short,2020-03-27 09:45:00-04:00,7599.75,2020-03-27 09:58:00-04:00,7639.75,-82.0,264.5,444.5,-180.0,21.225384276287528,13.50106021079568,27.299724743689065,13.798664532893385,SKIP_LOW_ADX,-82.0,2020
2020-03-30,Short,2020-03-30 09:45:00-04:00,7660.5,2020-03-30 09:52:00-04:00,7700.5,-82.0,182.5,444.5,-262.0,15.909285817956816,17.61527255871918,22.167113201625696,4.551840642906516,SKIP_LOW_ADX,-82.0,2020
2020-03-31,Short,2020-03-31 09:45:00-04:00,7848.75,2020-03-31 09:52:00-04:00,7808.75,78.0,260.5,444.5,-184.0,20.172298175962023,25.44665550347686,19.424082116518484,6.022573386958374,SKIP_LOW_ADX,78.0,2020
2020-04-01,Short,2020-04-01 09:45:00-04:00,7598.25,2020-04-01 10:33:00-04:00,7638.25,-82.0,178.5,444.5,-266.0,28.997169741448886,24.49337951900509,15.047345077909867,9.446034441095222,SKIP_LOW_ADX,-82.0,2020
2020-04-02,Short,2020-04-02 09:45:00-04:00,7440.75,2020-04-02 10:00:00-04:00,7480.75,-82.0,96.5,444.5,-348.0,33.53955445534066,21.157006852704612,25.762175315616293,4.605168462911681,SKIP_LOW_DI,-82.0,2020
2020-04-03,Short,2020-04-03 09:45:00-04:00,7643.25,2020-04-03 09:53:00-04:00,7603.25,78.0,174.5,444.5,-270.0,14.58301314329966,24.77042443372122,16.732366392383934,8.038058041337287,SKIP_LOW_ADX,78.0,2020
2020-04-06,Long,2020-04-06 09:45:00-04:00,7781.0,2020-04-06 09:50:00-04:00,7821.0,78.0,252.5,444.5,-192.0,36.15227845572151,13.081323557672974,22.61442564110317,9.533102083430197,SKIP_DIR_LONG,78.0,2020
2020-04-07,Long,2020-04-07 09:45:00-04:00,8234.75,2020-04-07 09:55:00-04:00,8274.75,78.0,330.5,444.5,-114.0,27.080600669056373,15.820074650071474,23.560912987134667,7.7408383370631935,SKIP_LOW_ADX,78.0,2020
2020-04-08,Short,2020-04-08 09:45:00-04:00,8128.25,2020-04-08 09:50:00-04:00,8088.25,78.0,408.5,444.5,-36.0,12.711564550972797,21.93629990188,19.894397917081474,2.0419019847985247,SKIP_LOW_ADX,78.0,2020
2020-04-09,Short,2020-04-09 09:45:00-04:00,8318.75,2020-04-09 09:51:00-04:00,8278.75,78.0,486.5,486.5,0.0,29.303203660590064,27.901180260753023,12.6736926723021,15.227487588450924,SKIP_LOW_ADX,78.0,2020
2020-04-13,Short,2020-04-13 09:45:00-04:00,8196.75,2020-04-13 10:25:00-04:00,8156.75,78.0,564.5,564.5,0.0,21.984942108159697,18.50842680311454,23.628192817124813,5.119766014010274,SKIP_LOW_ADX,78.0,2020
2020-04-14,Long,2020-04-14 09:45:00-04:00,8538.0,2020-04-14 09:55:00-04:00,8578.0,78.0,642.5,642.5,0.0,22.870904676006784,30.104084809399932,12.659444981243867,17.444639828156063,SKIP_LOW_ADX,78.0,2020
2020-04-16,Short,2020-04-16 09:45:00-04:00,8670.0,2020-04-16 10:02:00-04:00,8630.0,78.0,720.5,720.5,0.0,19.067201089247764,18.31612955192381,19.583977484353102,1.2678479324292908,SKIP_LOW_ADX,78.0,2020
2020-04-17,Long,2020-04-17 09:45:00-04:00,8795.25,2020-04-17 10:06:00-04:00,8835.25,78.0,798.5,798.5,0.0,31.60600394017355,21.106895514744533,32.59509665163978,11.488201136895245,SKIP_DIR_LONG,78.0,2020
2020-04-20,Long,2020-04-20 09:45:00-04:00,8745.0,2020-04-20 10:24:00-04:00,8785.0,78.0,876.5,876.5,0.0,21.970166903058928,22.044616242260364,25.036572550984655,2.9919563087242906,SKIP_LOW_ADX,78.0,2020
2020-04-21,Short,2020-04-21 09:45:00-04:00,8540.75,2020-04-21 09:46:00-04:00,8580.75,-82.0,794.5,876.5,-82.0,37.61898880008592,10.091337359135178,36.826587908961315,26.735250549826137,TAKE,,2020
2020-04-22,Long,2020-04-22 09:45:00-04:00,8569.875,2020-04-22 11:30:00-04:00,8586.25,30.75,825.25,876.5,-51.25,27.99936402114723,22.550768106604984,16.27114542613938,6.279622680465604,SKIP_LOW_ADX,30.75,2020
2020-04-23,Short,2020-04-23 09:45:00-04:00,8730.5,2020-04-23 10:33:00-04:00,8770.5,-82.0,743.25,876.5,-133.25,36.44344722600336,28.38483328626652,18.059031713378676,10.325801572887844,SKIP_DIR_SHORT,-82.0,2020
2020-04-24,Long,2020-04-24 09:45:00-04:00,8626.75,2020-04-24 09:49:00-04:00,8586.75,-82.0,661.25,876.5,-215.25,22.418482541039616,13.03639129593353,26.32770235687678,13.29131106094325,SKIP_LOW_ADX,-82.0,2020
2020-04-27,Short,2020-04-27 09:45:00-04:00,8831.75,2020-04-27 10:03:00-04:00,8871.75,-82.0,579.25,876.5,-297.25,37.22850113331495,19.153732867479626,32.02559821611,12.871865348630372,TAKE,,2020
2020-04-28,Long,2020-04-28 09:45:00-04:00,8859.0,2020-04-28 10:00:00-04:00,8819.0,-82.0,497.25,876.5,-379.25,40.39160247992777,9.391162711773294,31.72720693786528,22.336044226091985,SKIP_DIR_LONG,-82.0,2020
2020-04-29,Long,2020-04-29 09:45:00-04:00,8863.75,2020-04-29 10:16:00-04:00,8903.75,78.0,575.25,876.5,-301.25,20.15110889195547,26.94603707800439,20.4505452456022,6.495491832402191,SKIP_LOW_ADX,78.0,2020
2020-04-30,Short,2020-04-30 09:45:00-04:00,8967.0,2020-04-30 09:57:00-04:00,9007.0,-82.0,493.25,876.5,-383.25,32.902236735006106,13.917599006146371,24.570733914816948,10.653134908670577,TAKE,,2020
2020-05-01,Long,2020-05-01 09:45:00-04:00,8817.125,2020-05-01 10:01:00-04:00,8857.125,78.0,571.25,876.5,-305.25,24.50362755051696,21.76523115680909,23.077916845680406,1.3126856888713156,SKIP_LOW_ADX,78.0,2020
2020-05-04,Long,2020-05-04 09:45:00-04:00,8672.5,2020-05-04 09:52:00-04:00,8712.5,78.0,649.25,876.5,-227.25,29.593373165840713,19.248801917550207,12.758553398492456,6.490248519057751,SKIP_LOW_ADX,78.0,2020
2020-05-05,Long,2020-05-05 09:45:00-04:00,8932.5,2020-05-05 11:21:00-04:00,8972.5,78.0,727.25,876.5,-149.25,26.400503163979923,26.307162329635503,13.527232534605687,12.779929795029815,SKIP_LOW_ADX,78.0,2020
2020-05-06,Long,2020-05-06 09:45:00-04:00,9009.0,2020-05-06 09:57:00-04:00,8969.0,-82.0,645.25,876.5,-231.25,23.051352767510686,26.85722335547479,21.337848494862524,5.519374860612267,SKIP_LOW_ADX,-82.0,2020
2020-05-07,Short,2020-05-07 09:45:00-04:00,9086.0,2020-05-07 10:12:00-04:00,9046.0,78.0,723.25,876.5,-153.25,16.813575415744914,17.744992426517893,23.88943601701687,6.144443590498977,SKIP_LOW_ADX,78.0,2020
2020-05-08,Long,2020-05-08 09:45:00-04:00,9138.25,2020-05-08 10:19:00-04:00,9178.25,78.0,801.25,876.5,-75.25,43.64455897223758,13.087102028764317,26.428611870212396,13.34150984144808,SKIP_DIR_LONG,78.0,2020
2020-05-11,Long,2020-05-11 09:45:00-04:00,9202.5,2020-05-11 10:06:00-04:00,9242.5,78.0,879.25,879.25,0.0,39.07661324459684,35.238924932365606,11.601811912641606,23.637113019723998,TAKE,,2020
2020-05-13,Long,2020-05-13 09:45:00-04:00,9088.0,2020-05-13 10:01:00-04:00,9128.0,78.0,957.25,957.25,0.0,25.588010343741402,17.86764548743872,24.262320725407065,6.394675237968347,SKIP_LOW_ADX,78.0,2020
2020-05-14,Short,2020-05-14 09:45:00-04:00,8922.0,2020-05-14 09:52:00-04:00,8882.0,78.0,1035.25,1035.25,0.0,18.536344448261445,22.102282280299974,31.432706325209153,9.33042404490918,SKIP_LOW_ADX,78.0,2020
2020-05-15,Short,2020-05-15 09:45:00-04:00,9001.0,2020-05-15 10:10:00-04:00,9041.0,-82.0,953.25,1035.25,-82.0,18.03731802792873,31.239949912097853,17.866139149588406,13.373810762509446,SKIP_LOW_ADX,-82.0,2020
2020-05-18,Long,2020-05-18 09:45:00-04:00,9280.25,2020-05-18 09:55:00-04:00,9240.25,-82.0,871.25,1035.25,-164.0,16.672989067143188,19.10391283589939,19.399326883455295,0.29541404755590506,SKIP_LOW_ADX,-82.0,2020
2020-05-26,Long,2020-05-26 09:45:00-04:00,9539.25,2020-05-26 09:56:00-04:00,9499.25,-82.0,789.25,1035.25,-246.0,19.92814491975137,20.20375526362784,23.152737567379088,2.9489823037512473,SKIP_LOW_ADX,-82.0,2020
2020-05-27,Short,2020-05-27 09:45:00-04:00,9340.75,2020-05-27 09:48:00-04:00,9300.75,78.0,867.25,1035.25,-168.0,33.663971341912266,15.824314423695819,28.207020866184152,12.382706442488333,TAKE,,2020
2020-05-28,Long,2020-05-28 09:45:00-04:00,9455.0,2020-05-28 10:00:00-04:00,9415.0,-82.0,785.25,1035.25,-250.0,52.105323447668404,36.187073980696624,4.879964975274188,31.307109005422436,TAKE,,2020
2020-05-29,Long,2020-05-29 09:45:00-04:00,9454.75,2020-05-29 10:08:00-04:00,9414.75,-82.0,703.25,1035.25,-332.0,17.09321407287375,21.05859240887208,22.58713257287856,1.528540164006479,SKIP_LOW_ADX,-82.0,2020
2020-06-01,Long,2020-06-01 09:45:00-04:00,9556.0,2020-06-01 11:30:00-04:00,9550.5,-13.0,690.25,1035.25,-345.0,14.138687421103766,31.58309592038388,22.566519672305855,9.016576248078024,SKIP_LOW_ADX,-13.0,2020
2020-06-02,Long,2020-06-02 09:45:00-04:00,9586.0,2020-06-02 10:49:00-04:00,9546.0,-82.0,608.25,1035.25,-427.0,41.68710328418971,13.766991390682733,24.524619935225918,10.757628544543184,SKIP_DIR_LONG,-82.0,2020
2020-06-03,Long,2020-06-03 09:45:00-04:00,9684.875,2020-06-03 11:30:00-04:00,9682.25,-7.25,601.0,1035.25,-434.25,22.018437686853193,28.723348015794357,19.590374980510834,9.132973035283523,SKIP_LOW_ADX,-7.25,2020
2020-06-04,Long,2020-06-04 09:45:00-04:00,9706.25,2020-06-04 11:13:00-04:00,9666.25,-82.0,519.0,1035.25,-516.25,22.57407569173576,22.908639185323374,13.439157636769401,9.469481548553972,SKIP_LOW_ADX,-82.0,2020
2020-06-05,Long,2020-06-05 09:45:00-04:00,9761.0,2020-06-05 11:24:00-04:00,9801.0,78.0,597.0,1035.25,-438.25,36.199706002560575,38.33858126902893,10.318795361189391,28.019785907839537,TAKE,,2020
2020-06-15,Short,2020-06-15 09:45:00-04:00,9521.5,2020-06-15 09:55:00-04:00,9561.5,-82.0,515.0,1035.25,-520.25,17.35065271650201,24.09220051932925,21.02250970260833,3.0696908167209216,SKIP_LOW_ADX,-82.0,2020
2020-06-22,Long,2020-06-22 09:45:00-04:00,9989.5,2020-06-22 10:00:00-04:00,10029.5,78.0,593.0,1035.25,-442.25,19.771184556572702,13.411210343674187,26.9474147604904,13.536204416816213,SKIP_LOW_ADX,78.0,2020
2020-06-25,Short,2020-06-25 09:45:00-04:00,9926.5,2020-06-25 09:50:00-04:00,9886.5,78.0,671.0,1035.25,-364.25,32.16662896849501,7.538186789953499,39.06764398828549,31.52945719833199,TAKE,,2020
2020-06-26,Short,2020-06-26 09:45:00-04:00,10005.5,2020-06-26 10:11:00-04:00,9965.5,78.0,749.0,1035.25,-286.25,52.86891136366019,5.026924054513335,36.62267851663208,31.59575446211874,TAKE,,2020
2020-06-29,Short,2020-06-29 09:45:00-04:00,9757.75,2020-06-29 10:00:00-04:00,9797.75,-82.0,667.0,1035.25,-368.25,43.12229627683492,8.145691899197956,38.8717222606085,30.726030361410544,TAKE,,2020
2020-06-30,Long,2020-06-30 09:45:00-04:00,10006.5,2020-06-30 20:00:00-04:00,10046.5,78.0,745.0,1035.25,-290.25,35.27521943859591,31.74797423651723,12.944414921859439,18.80355931465779,TAKE,,2020
2020-07-01,Long,2020-07-01 09:45:00-04:00,10171.0,2020-07-01 09:54:00-04:00,10131.0,-82.0,663.0,1035.25,-372.25,25.939459374345674,24.98266776301151,18.88621902801943,6.09644873499208,SKIP_LOW_ADX,-82.0,2020
2020-07-14,Short,2020-07-14 09:45:00-04:00,10608.0,2020-07-14 09:47:00-04:00,10568.0,78.0,741.0,1035.25,-294.25,40.11777465350109,30.97437325299116,13.047939765920347,17.926433487070813,SKIP_DIR_SHORT,78.0,2020
2020-07-15,Short,2020-07-15 09:45:00-04:00,10747.375,2020-07-15 09:54:00-04:00,10707.375,78.0,819.0,1035.25,-216.25,20.901238545841956,29.91420872818406,16.30506645424097,13.609142273943093,SKIP_LOW_ADX,78.0,2020
2020-07-17,Short,2020-07-17 09:45:00-04:00,10585.0,2020-07-17 10:26:00-04:00,10545.0,78.0,897.0,1035.25,-138.25,27.91092745079065,11.688901048126164,36.040326040485645,24.351424992359483,SKIP_LOW_ADX,78.0,2020
2020-07-20,Long,2020-07-20 09:45:00-04:00,10628.25,2020-07-20 09:51:00-04:00,10668.25,78.0,975.0,1035.25,-60.25,26.97754800655421,16.811218115538367,27.38537364870445,10.574155533166085,SKIP_LOW_ADX,78.0,2020
2020-07-27,Short,2020-07-27 09:45:00-04:00,10601.875,2020-07-27 11:16:00-04:00,10561.875,78.0,1053.0,1053.0,0.0,23.245142474480527,27.58269856175588,18.873589274538645,8.709109287217235,SKIP_LOW_ADX,78.0,2020
2020-07-28,Long,2020-07-28 09:45:00-04:00,10613.0,2020-07-28 09:52:00-04:00,10573.0,-82.0,971.0,1053.0,-82.0,16.489719859072267,18.984614451886053,22.36782703950279,3.383212587616736,SKIP_LOW_ADX,-82.0,2020
2020-07-29,Long,2020-07-29 09:45:00-04:00,10584.25,2020-07-29 10:03:00-04:00,10624.25,78.0,1049.0,1053.0,-4.0,14.903204490873689,16.5131020349557,24.942414917391645,8.429312882435944,SKIP_LOW_ADX,78.0,2020
2020-07-30,Long,2020-07-30 09:45:00-04:00,10586.25,2020-07-30 09:55:00-04:00,10546.25,-82.0,967.0,1053.0,-86.0,15.439447862017266,23.660001732151272,22.435722693861898,1.2242790382893745,SKIP_LOW_ADX,-82.0,2020
2020-08-03,Long,2020-08-03 09:45:00-04:00,11042.5,2020-08-03 10:46:00-04:00,11002.5,-82.0,885.0,1053.0,-168.0,43.586204299242034,29.34553278599935,6.669132878654996,22.676399907344354,TAKE,,2020
2020-08-11,Long,2020-08-11 09:45:00-04:00,11013.25,2020-08-11 10:03:00-04:00,10973.25,-82.0,803.0,1053.0,-250.0,25.58654067059457,17.41717986236781,21.745056255437483,4.327876393069673,SKIP_LOW_ADX,-82.0,2020
2020-08-12,Short,2020-08-12 09:45:00-04:00,10989.0,2020-08-12 09:49:00-04:00,11029.0,-82.0,721.0,1053.0,-332.0,39.27895766030919,24.108994958203308,15.23737900753604,8.871615950667268,SKIP_DIR_SHORT,-82.0,2020
2020-09-08,Long,2020-09-08 09:45:00-04:00,11158.25,2020-09-08 09:46:00-04:00,11198.25,78.0,799.0,1053.0,-254.0,19.368540319987325,15.44898757868525,24.70922890522645,9.2602413265412,SKIP_LOW_ADX,78.0,2020
2020-09-09,Short,2020-09-09 09:45:00-04:00,11261.5,2020-09-09 09:49:00-04:00,11221.5,78.0,877.0,1053.0,-176.0,27.895627734013186,18.447097595297663,21.791381643245256,3.3442840479475926,SKIP_LOW_ADX,78.0,2020
2020-09-11,Long,2020-09-11 09:45:00-04:00,11207.916666666666,2020-09-11 09:48:00-04:00,11247.916666666666,78.0,955.0,1053.0,-98.0,20.129412369048353,16.216731948972548,20.97957498158806,4.7628430326155105,SKIP_LOW_ADX,78.0,2020
2020-09-14,Long,2020-09-14 09:45:00-04:00,11267.25,2020-09-14 10:02:00-04:00,11307.25,78.0,1033.0,1053.0,-20.0,26.453289598712658,27.05430648823414,11.941707968432263,15.112598519801876,SKIP_LOW_ADX,78.0,2020
2020-09-16,Short,2020-09-16 09:45:00-04:00,11423.75,2020-09-16 10:34:00-04:00,11383.75,78.0,1111.0,1111.0,0.0,17.1890654151299,19.36688331727559,29.198962700036258,9.832079382760668,SKIP_LOW_ADX,78.0,2020
2020-09-17,Long,2020-09-17 09:45:00-04:00,10990.0,2020-09-17 09:47:00-04:00,11030.0,78.0,1189.0,1189.0,0.0,21.445290038296907,17.62221951784386,19.358411884814593,1.7361923669707338,SKIP_LOW_ADX,78.0,2020
2020-09-18,Short,2020-09-18 09:45:00-04:00,11092.0,2020-09-18 09:47:00-04:00,11052.0,78.0,1267.0,1267.0,0.0,27.284188623519835,13.562622955777737,21.749052159726944,8.186429203949206,SKIP_LOW_ADX,78.0,2020
2020-09-21,Long,2020-09-21 09:45:00-04:00,10776.75,2020-09-21 09:49:00-04:00,10816.75,78.0,1345.0,1345.0,0.0,21.320769384575748,21.006891157243473,23.632229060953144,2.6253379037096707,SKIP_LOW_ADX,78.0,2020
2020-09-22,Short,2020-09-22 09:45:00-04:00,10993.25,2020-09-22 09:51:00-04:00,10953.25,78.0,1423.0,1423.0,0.0,43.58289098690659,6.091656171378215,27.75260264404877,21.660946472670556,TAKE,,2020
2020-09-23,Long,2020-09-23 09:45:00-04:00,11137.75,2020-09-23 09:52:00-04:00,11097.75,-82.0,1341.0,1423.0,-82.0,18.113263258403368,20.60583348671999,13.620236368375252,6.985597118344739,SKIP_LOW_ADX,-82.0,2020
2020-09-24,Long,2020-09-24 09:45:00-04:00,10761.5,2020-09-24 09:46:00-04:00,10801.5,78.0,1419.0,1423.0,-4.0,29.29194406153114,30.1735602296678,16.186174359457585,13.987385870210215,SKIP_LOW_ADX,78.0,2020
2020-09-25,Short,2020-09-25 09:45:00-04:00,10872.75,2020-09-25 09:48:00-04:00,10832.75,78.0,1497.0,1497.0,0.0,26.07464890988891,16.09367568073748,17.2162043428852,1.1225286621477188,SKIP_LOW_ADX,78.0,2020
2020-09-29,Long,2020-09-29 09:45:00-04:00,11342.875,2020-09-29 10:11:00-04:00,11382.875,78.0,1575.0,1575.0,0.0,22.68677410301288,16.81186877975647,28.015376226096375,11.203507446339906,SKIP_LOW_ADX,78.0,2020
2020-09-30,Short,2020-09-30 09:45:00-04:00,11332.75,2020-09-30 09:51:00-04:00,11372.75,-82.0,1493.0,1575.0,-82.0,27.380311276848545,21.23844888133749,15.611325468986648,5.6271234123508425,SKIP_LOW_ADX,-82.0,2020
2020-10-02,Long,2020-10-02 09:45:00-04:00,11401.25,2020-10-02 10:05:00-04:00,11441.25,78.0,1571.0,1575.0,-4.0,50.61033560462534,34.106462362048894,8.188091288300711,25.918371073748183,TAKE,,2020
2020-10-05,Long,2020-10-05 09:45:00-04:00,11355.25,2020-10-05 10:08:00-04:00,11395.25,78.0,1649.0,1649.0,0.0,33.13386010430066,29.679356149165002,10.929591507489082,18.74976464167592,TAKE,,2020
2020-10-06,Short,2020-10-06 09:45:00-04:00,11451.75,2020-10-06 10:12:00-04:00,11491.75,-82.0,1567.0,1649.0,-82.0,21.32756641599555,18.057617746854852,22.70482006257587,4.647202315721017,SKIP_LOW_ADX,-82.0,2020
2020-10-07,Short,2020-10-07 09:45:00-04:00,11418.5,2020-10-07 10:13:00-04:00,11378.5,78.0,1645.0,1649.0,-4.0,41.144899051939426,30.902489007601396,10.268379928942386,20.63410907865901,SKIP_DIR_SHORT,78.0,2020
2020-10-08,Short,2020-10-08 09:45:00-04:00,11532.75,2020-10-08 10:25:00-04:00,11492.75,78.0,1723.0,1723.0,0.0,31.74100499604416,8.992841266406387,30.082596342317533,21.089755075911146,TAKE,,2020
2020-10-20,Long,2020-10-20 09:45:00-04:00,11682.25,2020-10-20 09:52:00-04:00,11642.25,-82.0,1641.0,1723.0,-82.0,22.104433836448322,17.54016392339799,22.981413332026534,5.4412494086285434,SKIP_LOW_ADX,-82.0,2020
2020-10-21,Long,2020-10-21 09:45:00-04:00,11733.75,2020-10-21 09:58:00-04:00,11773.75,78.0,1719.0,1723.0,-4.0,33.262310464524475,30.34305923066894,8.365609350469045,21.97744988019989,TAKE,,2020
2020-10-22,Long,2020-10-22 09:45:00-04:00,11704.5,2020-10-22 09:59:00-04:00,11664.5,-82.0,1637.0,1723.0,-86.0,24.30070244213938,25.952105348757552,18.303299721977083,7.648805626780469,SKIP_LOW_ADX,-82.0,2020
2020-10-23,Short,2020-10-23 09:45:00-04:00,11614.0,2020-10-23 10:02:00-04:00,11574.0,78.0,1715.0,1723.0,-8.0,54.05184340879223,7.730330457606147,35.165355874728775,27.435025417122628,TAKE,,2020
2020-10-26,Long,2020-10-26 09:45:00-04:00,11638.75,2020-10-26 09:57:00-04:00,11678.75,78.0,1793.0,1793.0,0.0,59.5925669964469,38.61015384088574,11.885022006151699,26.725131834734036,TAKE,,2020
2020-10-27,Long,2020-10-27 09:45:00-04:00,11558.75,2020-10-27 09:49:00-04:00,11518.75,-82.0,1711.0,1793.0,-82.0,17.87553415532251,26.25686900491503,16.717743363177828,9.5391256417372,SKIP_LOW_ADX,-82.0,2020
2020-10-28,Long,2020-10-28 09:45:00-04:00,11342.875,2020-10-28 09:50:00-04:00,11302.875,-82.0,1629.0,1793.0,-164.0,29.55901721986986,9.848805669949519,25.15703903174678,15.308233361797262,SKIP_LOW_ADX,-82.0,2020
2020-10-29,Short,2020-10-29 09:45:00-04:00,11191.0,2020-10-29 09:52:00-04:00,11231.0,-82.0,1547.0,1793.0,-246.0,19.6877950557034,14.665244415124853,22.454830256318463,7.78958584119361,SKIP_LOW_ADX,-82.0,2020
2020-10-30,Short,2020-10-30 09:45:00-04:00,11177.75,2020-10-30 09:50:00-04:00,11137.75,78.0,1625.0,1793.0,-168.0,21.86094872590033,10.93807679838585,35.96905622707704,25.03097942869119,SKIP_LOW_ADX,78.0,2020
2020-11-02,Long,2020-11-02 09:45:00-05:00,11165.75,2020-11-02 09:54:00-05:00,11205.75,78.0,1703.0,1793.0,-90.0,17.539780361730685,14.838853553471303,11.065435093368762,3.7734184601025405,SKIP_LOW_ADX,78.0,2020
2020-11-03,Long,2020-11-03 09:45:00-05:00,11138.75,2020-11-03 09:50:00-05:00,11178.75,78.0,1781.0,1793.0,-12.0,13.153083185380215,23.009471205684584,16.13259443070954,6.876876774975045,SKIP_LOW_ADX,78.0,2020
2020-11-04,Short,2020-11-04 09:45:00-05:00,11612.75,2020-11-04 09:51:00-05:00,11572.75,78.0,1859.0,1859.0,0.0,28.266928218602278,18.40742868977809,25.9103250353832,7.502896345605109,SKIP_LOW_ADX,78.0,2020
2020-11-05,Long,2020-11-05 09:45:00-05:00,12042.125,2020-11-05 09:51:00-05:00,12082.125,78.0,1937.0,1937.0,0.0,28.950570108417676,20.01117268894522,21.36177786971416,1.350605180768941,SKIP_LOW_ADX,78.0,2020
2020-11-06,Short,2020-11-06 09:45:00-05:00,11919.5,2020-11-06 10:11:00-05:00,11959.5,-82.0,1855.0,1937.0,-82.0,45.675436569084304,10.491115126445452,33.67177285458311,23.18065772813766,TAKE,,2020
2020-11-09,Long,2020-11-09 09:45:00-05:00,12109.0,2020-11-09 09:46:00-05:00,12149.0,78.0,1933.0,1937.0,-4.0,21.912376048978736,18.410148800927598,25.151245106934002,6.741096306006405,SKIP_LOW_ADX,78.0,2020
2020-11-10,Short,2020-11-10 09:45:00-05:00,11652.5,2020-11-10 09:48:00-05:00,11612.5,78.0,2011.0,2011.0,0.0,24.337653609231396,21.409741420384364,29.91853562494807,8.508794204563706,SKIP_LOW_ADX,78.0,2020
2020-11-11,Long,2020-11-11 09:45:00-05:00,11820.75,2020-11-11 09:56:00-05:00,11780.75,-82.0,1929.0,2011.0,-82.0,32.97590021919944,36.55876892162694,8.738298804681975,27.820470116944968,TAKE,,2020
2020-11-12,Short,2020-11-12 09:45:00-05:00,11940.0,2020-11-12 09:47:00-05:00,11900.0,78.0,2007.0,2011.0,-4.0,21.515675575161946,24.641837517552418,18.77049968152615,5.871337836026267,SKIP_LOW_ADX,78.0,2020
2020-11-13,Long,2020-11-13 09:45:00-05:00,11909.0,2020-11-13 10:00:00-05:00,11869.0,-82.0,1925.0,2011.0,-86.0,28.429052362820258,25.81049371814584,11.724449688476787,14.086044029669052,SKIP_LOW_ADX,-82.0,2020
2020-11-16,Long,2020-11-16 09:45:00-05:00,11979.75,2020-11-16 09:54:00-05:00,11939.75,-82.0,1843.0,2011.0,-168.0,35.479201902296936,28.653353724670335,8.83412156870003,19.819232155970305,TAKE,,2020
2020-11-18,Short,2020-11-18 09:45:00-05:00,11976.25,2020-11-18 09:52:00-05:00,11936.25,78.0,1921.0,2011.0,-90.0,28.350979682993188,21.348338515937314,15.894258237305495,5.454080278631819,SKIP_LOW_ADX,78.0,2020
2020-11-19,Long,2020-11-19 09:45:00-05:00,11893.75,2020-11-19 10:38:00-05:00,11933.75,78.0,1999.0,2011.0,-12.0,18.218146205067875,24.806976508512257,18.884510958459046,5.922465550053211,SKIP_LOW_ADX,78.0,2020
2020-11-20,Short,2020-11-20 09:45:00-05:00,11968.75,2020-11-20 11:08:00-05:00,12008.75,-82.0,1917.0,2011.0,-94.0,23.584581674376164,16.23902393274979,22.52830097328755,6.289277040537758,SKIP_LOW_ADX,-82.0,2020
2020-11-23,Long,2020-11-23 09:45:00-05:00,11974.5,2020-11-23 10:09:00-05:00,11934.5,-82.0,1835.0,2011.0,-176.0,26.009095045175144,21.678188372470853,12.202951157550283,9.47523721492057,SKIP_LOW_ADX,-82.0,2020
2020-11-24,Long,2020-11-24 09:45:00-05:00,11891.0,2020-11-24 10:06:00-05:00,11931.0,78.0,1913.0,2011.0,-98.0,43.76728968067795,10.12364437151912,39.886318436173596,29.762674064654476,SKIP_DIR_LONG,78.0,2020
2020-12-10,Long,2020-12-10 09:45:00-05:00,12311.5,2020-12-10 09:50:00-05:00,12351.5,78.0,1991.0,2011.0,-20.0,27.956109865767704,32.12479089401165,19.228202298908354,12.8965885951033,SKIP_LOW_ADX,78.0,2020
2020-12-11,Short,2020-12-11 09:45:00-05:00,12277.5,2020-12-11 09:52:00-05:00,12317.5,-82.0,1909.0,2011.0,-102.0,21.418570325304863,13.150101799181913,32.145403140939464,18.995301341757553,SKIP_LOW_ADX,-82.0,2020
2020-12-16,Long,2020-12-16 09:45:00-05:00,12586.75,2020-12-16 10:34:00-05:00,12626.75,78.0,1987.0,2011.0,-24.0,37.5180226890618,9.405137735323807,28.479834671174963,19.074696935851158,SKIP_DIR_LONG,78.0,2020
2020-12-21,Long,2020-12-21 09:45:00-05:00,12607.75,2020-12-21 09:49:00-05:00,12567.75,-82.0,1905.0,2011.0,-106.0,26.172330241722484,19.45515242950359,25.413399833422044,5.958247403918456,SKIP_LOW_ADX,-82.0,2020
2021-01-04,Long,2021-01-04 09:45:00-05:00,12890.5,2021-01-04 10:11:00-05:00,12850.5,-82.0,1823.0,2011.0,-188.0,61.8378518077383,13.653016237713206,32.49440877306973,18.841392535356523,SKIP_DIR_LONG,-82.0,2021
2021-01-05,Long,2021-01-05 09:45:00-05:00,12747.75,2021-01-05 11:12:00-05:00,12707.75,-82.0,1741.0,2011.0,-270.0,62.08825196030299,41.99756692246678,5.271047341294157,36.726519581172624,TAKE,,2021
2021-01-06,Long,2021-01-06 09:45:00-05:00,12612.25,2021-01-06 09:48:00-05:00,12652.25,78.0,1819.0,2011.0,-192.0,19.266510439009036,20.208944554609644,13.947855020722,6.2610895338876436,SKIP_LOW_ADX,78.0,2021
2021-01-07,Long,2021-01-07 09:45:00-05:00,12804.75,2021-01-07 10:01:00-05:00,12844.75,78.0,1897.0,2011.0,-114.0,40.85851282529491,33.96824285330941,12.952457349016957,21.015785504292456,TAKE,,2021
2021-01-13,Short,2021-01-13 09:45:00-05:00,12868.25,2021-01-13 09:48:00-05:00,12908.25,-82.0,1815.0,2011.0,-196.0,30.190572033893076,13.866172198984358,25.477669489930516,11.611497290946158,TAKE,,2021
2021-01-15,Long,2021-01-15 09:45:00-05:00,12903.75,2021-01-15 10:04:00-05:00,12863.75,-82.0,1733.0,2011.0,-278.0,18.080057376800305,23.35822491580078,18.32187376474864,5.036351151052138,SKIP_LOW_ADX,-82.0,2021
2021-01-18,Long,2021-01-18 09:45:00-05:00,12793.25,2021-01-18 11:30:00-05:00,12807.25,26.0,1759.0,2011.0,-252.0,22.964583123765024,15.129733861900775,20.976559603469465,5.84682574156869,SKIP_LOW_ADX,26.0,2021
2021-01-19,Long,2021-01-19 09:45:00-05:00,12896.0,2021-01-19 11:18:00-05:00,12856.0,-82.0,1677.0,2011.0,-334.0,17.367693805321334,17.52685287528089,19.391683151314286,1.8648302760333948,SKIP_LOW_ADX,-82.0,2021
2021-02-05,Long,2021-02-05 09:45:00-05:00,13565.75,2021-02-05 10:18:00-05:00,13525.75,-82.0,1595.0,2011.0,-416.0,18.686282252293285,20.908105307890242,19.468576409427122,1.43952889846312,SKIP_LOW_ADX,-82.0,2021
2021-02-17,Short,2021-02-17 09:45:00-05:00,13644.5,2021-02-17 09:51:00-05:00,13684.5,-82.0,1513.0,2011.0,-498.0,20.95555905249355,22.39718119019003,16.678715227624114,5.718465962565915,SKIP_LOW_ADX,-82.0,2021
2021-02-18,Long,2021-02-18 09:45:00-05:00,13563.0,2021-02-18 10:05:00-05:00,13523.0,-82.0,1431.0,2011.0,-580.0,22.37688021535278,24.454682406647468,16.47234378362771,7.982338623019757,SKIP_LOW_ADX,-82.0,2021
2021-02-19,Short,2021-02-19 09:45:00-05:00,13669.75,2021-02-19 10:20:00-05:00,13629.75,78.0,1509.0,2011.0,-502.0,43.11099137206883,8.450869250253941,25.93287624712912,17.482006996875178,TAKE,,2021
2021-02-23,Short,2021-02-23 09:45:00-05:00,12827.5,2021-02-23 09:47:00-05:00,12787.5,78.0,1587.0,2011.0,-424.0,39.54786673312666,9.309846793948315,35.924838423295135,26.614991629346818,TAKE,,2021
2021-02-24,Long,2021-02-24 09:45:00-05:00,13029.25,2021-02-24 09:46:00-05:00,13069.25,78.0,1665.0,2011.0,-346.0,26.600053042259763,15.526982371622505,26.45297627780066,10.925993906178153,SKIP_LOW_ADX,78.0,2021
2021-02-26,Short,2021-02-26 09:45:00-05:00,12986.25,2021-02-26 09:48:00-05:00,12946.25,78.0,1743.0,2011.0,-268.0,22.01318910546125,25.706509853315943,19.991513540985743,5.7149963123302,SKIP_LOW_ADX,78.0,2021
2021-03-01,Long,2021-03-01 09:45:00-05:00,13079.75,2021-03-01 10:02:00-05:00,13119.75,78.0,1821.0,2011.0,-190.0,27.755559724091007,19.34478413795193,12.546583942929402,6.7982001950225275,SKIP_LOW_ADX,78.0,2021
2021-03-02,Short,2021-03-02 09:45:00-05:00,13227.75,2021-03-02 09:49:00-05:00,13187.75,78.0,1899.0,2011.0,-112.0,37.20889274860847,12.856441146786858,28.852384979243453,15.995943832456595,TAKE,,2021
2021-03-03,Short,2021-03-03 09:45:00-05:00,12950.0,2021-03-03 09:58:00-05:00,12910.0,78.0,1977.0,2011.0,-34.0,29.54726902123527,10.89600578046733,32.51243206628042,21.616426285813088,SKIP_LOW_ADX,78.0,2021
2021-03-04,Short,2021-03-04 09:45:00-05:00,12717.5,2021-03-04 09:47:00-05:00,12677.5,78.0,2055.0,2055.0,0.0,24.715662941556115,23.946817329420266,21.210926360213602,2.7358909692066646,SKIP_LOW_ADX,78.0,2021
2021-03-05,Short,2021-03-05 09:45:00-05:00,12493.5,2021-03-05 09:49:00-05:00,12453.5,78.0,2133.0,2133.0,0.0,36.58047177932357,12.580755888169705,24.5954854244672,12.014729536297494,TAKE,,2021
2021-03-08,Long,2021-03-08 09:45:00-05:00,12676.5,2021-03-08 09:49:00-05:00,12636.5,-82.0,2051.0,2133.0,-82.0,29.573672777758127,34.90638414197574,16.10410186211175,18.80228227986399,SKIP_LOW_ADX,-82.0,2021
2021-03-09,Short,2021-03-09 09:45:00-05:00,12602.75,2021-03-09 09:47:00-05:00,12642.75,-82.0,1969.0,2133.0,-164.0,20.19851591077955,22.227165571769852,21.66795926470166,0.559206307068191,SKIP_LOW_ADX,-82.0,2021
2021-03-10,Long,2021-03-10 09:45:00-05:00,12913.0,2021-03-10 09:50:00-05:00,12953.0,78.0,2047.0,2133.0,-86.0,30.85918914153692,17.894992847225975,19.61606967858743,1.7210768313614544,SKIP_LOW_DI,78.0,2021
2021-03-11,Long,2021-03-11 09:45:00-05:00,12945.375,2021-03-11 10:01:00-05:00,12985.375,78.0,2125.0,2133.0,-8.0,15.699765702892892,18.9099159982955,29.034956552993922,10.125040554698423,SKIP_LOW_ADX,78.0,2021
2021-03-12,Long,2021-03-12 09:45:00-05:00,12843.25,2021-03-12 09:56:00-05:00,12883.25,78.0,2203.0,2203.0,0.0,19.009103162041843,25.877419704658905,18.26502835727382,7.612391347385085,SKIP_LOW_ADX,78.0,2021
2021-03-15,Long,2021-03-15 09:45:00-04:00,12914.0,2021-03-15 09:52:00-04:00,12954.0,78.0,2281.0,2281.0,0.0,34.004943897627975,17.47516427764675,26.81681969693164,9.341655419284887,SKIP_DIR_LONG,78.0,2021
2021-03-17,Short,2021-03-17 09:45:00-04:00,12994.75,2021-03-17 09:59:00-04:00,13034.75,-82.0,2199.0,2281.0,-82.0,26.95161818492302,24.539485250011264,21.172268416785705,3.3672168332255588,SKIP_LOW_ADX,-82.0,2021
2021-03-18,Short,2021-03-18 09:45:00-04:00,12967.25,2021-03-18 10:09:00-04:00,12927.25,78.0,2277.0,2281.0,-4.0,21.94936107144594,17.137667331166707,16.977888911254,0.15977841991270836,SKIP_LOW_ADX,78.0,2021
2021-03-19,Short,2021-03-19 09:45:00-04:00,12745.75,2021-03-19 09:53:00-04:00,12785.75,-82.0,2195.0,2281.0,-86.0,22.835466100032242,12.470655785503757,25.991359171081154,13.520703385577397,SKIP_LOW_ADX,-82.0,2021
2021-03-22,Short,2021-03-22 09:45:00-04:00,12962.0,2021-03-22 09:53:00-04:00,13002.0,-82.0,2113.0,2281.0,-168.0,26.40219863753811,20.7229971463487,16.284460339166202,4.438536807182498,SKIP_LOW_ADX,-82.0,2021
2021-03-23,Short,2021-03-23 09:45:00-04:00,13079.25,2021-03-23 10:09:00-04:00,13119.25,-82.0,2031.0,2281.0,-250.0,29.89889459300442,9.597531135748318,24.189118424841205,14.591587289092887,SKIP_LOW_ADX,-82.0,2021
2021-03-24,Long,2021-03-24 09:45:00-04:00,13009.75,2021-03-24 09:50:00-04:00,12969.75,-82.0,1949.0,2281.0,-332.0,54.876187026816574,9.224029359012542,34.83070193339039,25.606672574377846,SKIP_DIR_LONG,-82.0,2021
2021-03-25,Short,2021-03-25 09:45:00-04:00,12772.5,2021-03-25 09:50:00-04:00,12732.5,78.0,2027.0,2281.0,-254.0,24.578901459746035,21.296919747565084,12.777647702990224,8.51927204457486,SKIP_LOW_ADX,78.0,2021
2021-03-26,Long,2021-03-26 09:45:00-04:00,12792.75,2021-03-26 10:02:00-04:00,12832.75,78.0,2105.0,2281.0,-176.0,24.418424991630385,26.30593450255214,19.039324423998163,7.266610078553978,SKIP_LOW_ADX,78.0,2021
2021-03-29,Short,2021-03-29 09:45:00-04:00,12924.5,2021-03-29 09:55:00-04:00,12884.5,78.0,2183.0,2281.0,-98.0,29.05022289080535,17.36562280338122,25.826423642861087,8.460800839479866,SKIP_LOW_ADX,78.0,2021
2021-03-30,Short,2021-03-30 09:45:00-04:00,12822.25,2021-03-30 10:20:00-04:00,12782.25,78.0,2261.0,2281.0,-20.0,31.084917560730602,12.194317369900201,29.053061784640388,16.858744414740187,TAKE,,2021
2021-03-31,Long,2021-03-31 09:45:00-04:00,13001.0,2021-03-31 09:50:00-04:00,13041.0,78.0,2339.0,2339.0,0.0,32.72190424299926,30.089758424009844,9.756237079817224,20.33352134419262,TAKE,,2021
2021-04-01,Long,2021-04-01 09:45:00-04:00,13287.5,2021-04-01 11:30:00-04:00,13295.5,14.0,2353.0,2353.0,0.0,34.259678055490696,24.727831988316716,11.779015604280918,12.948816384035798,TAKE,,2021
2021-04-06,Long,2021-04-06 09:45:00-04:00,13582.75,2021-04-06 11:10:00-04:00,13622.75,78.0,2431.0,2431.0,0.0,16.904891178243055,19.462081004128944,13.710920204557834,5.75116079957111,SKIP_LOW_ADX,78.0,2021
2021-04-07,Long,2021-04-07 09:45:00-04:00,13556.25,2021-04-07 10:06:00-04:00,13596.25,78.0,2509.0,2509.0,0.0,25.063136005440718,29.195092392646497,17.266349168281597,11.9287432243649,SKIP_LOW_ADX,78.0,2021
2021-04-09,Short,2021-04-09 09:45:00-04:00,13698.75,2021-04-09 10:04:00-04:00,13738.75,-82.0,2427.0,2509.0,-82.0,21.96305399554051,28.20105244936835,13.093466648738845,15.107585800629506,SKIP_LOW_ADX,-82.0,2021
2021-04-15,Long,2021-04-15 09:45:00-04:00,13961.5,2021-04-15 10:40:00-04:00,14001.5,78.0,2505.0,2509.0,-4.0,35.798910872908415,24.90131437519074,13.873361837235993,11.027952537954747,TAKE,,2021
2021-04-19,Long,2021-04-19 09:45:00-04:00,14005.0,2021-04-19 10:04:00-04:00,13965.0,-82.0,2423.0,2509.0,-86.0,28.51183332995639,21.22762872416516,13.5643339732912,7.663294750873961,SKIP_LOW_ADX,-82.0,2021
2021-04-20,Long,2021-04-20 09:45:00-04:00,13895.0,2021-04-20 10:40:00-04:00,13855.0,-82.0,2341.0,2509.0,-168.0,24.723553710758775,31.62850922413597,21.4696389881632,10.15887023597277,SKIP_LOW_ADX,-82.0,2021
2021-04-21,Long,2021-04-21 09:45:00-04:00,13728.0,2021-04-21 09:48:00-04:00,13768.0,78.0,2419.0,2509.0,-90.0,17.89185449202515,18.46261679375687,21.380034951596887,2.917418157840018,SKIP_LOW_ADX,78.0,2021
2021-04-23,Short,2021-04-23 09:45:00-04:00,13803.5,2021-04-23 10:09:00-04:00,13843.5,-82.0,2337.0,2509.0,-172.0,37.54730539911728,22.696296907569824,13.498988360433925,9.197308547135899,SKIP_DIR_SHORT,-82.0,2021
2021-04-26,Short,2021-04-26 09:45:00-04:00,13937.0,2021-04-26 10:51:00-04:00,13977.0,-82.0,2255.0,2509.0,-254.0,26.86947959372789,21.864360382398864,12.020616157192014,9.84374422520685,SKIP_LOW_ADX,-82.0,2021
2021-04-28,Long,2021-04-28 09:45:00-04:00,13916.0625,2021-04-28 09:55:00-04:00,13956.0625,78.0,2333.0,2509.0,-176.0,31.711262590925013,18.084522961074452,29.844047468289858,11.759524507215406,SKIP_DIR_LONG,78.0,2021
2021-04-29,Short,2021-04-29 09:45:00-04:00,14022.5,2021-04-29 09:53:00-04:00,13982.5,78.0,2411.0,2509.0,-98.0,24.43396242760574,14.79520182568206,21.187800823540275,6.392598997858215,SKIP_LOW_ADX,78.0,2021
2021-04-30,Long,2021-04-30 09:45:00-04:00,13873.25,2021-04-30 10:11:00-04:00,13913.25,78.0,2489.0,2509.0,-20.0,20.536718225034615,21.653522894705056,17.774465888794865,3.879057005910191,SKIP_LOW_ADX,78.0,2021
2021-05-03,Short,2021-05-03 09:45:00-04:00,13867.25,2021-05-03 10:07:00-04:00,13907.25,-82.0,2407.0,2509.0,-102.0,41.60401645504334,9.593891796521874,29.723324917165264,20.12943312064339,TAKE,,2021
2021-05-04,Short,2021-05-04 09:45:00-04:00,13594.75,2021-05-04 09:55:00-04:00,13554.75,78.0,2485.0,2509.0,-24.0,34.28590557838947,10.544449483647734,37.6413659039084,27.09691642026067,TAKE,,2021
2021-05-05,Long,2021-05-05 09:45:00-04:00,13647.333333333334,2021-05-05 09:57:00-04:00,13607.333333333334,-82.0,2403.0,2509.0,-106.0,19.732739259689357,24.870647561369232,17.57347195425954,7.297175607109693,SKIP_LOW_ADX,-82.0,2021
2021-05-07,Short,2021-05-07 09:45:00-04:00,13703.5,2021-05-07 09:49:00-04:00,13743.5,-82.0,2321.0,2509.0,-188.0,29.715297156824256,13.65846746532321,24.395735612449933,10.737268147126724,SKIP_LOW_ADX,-82.0,2021
2021-05-10,Long,2021-05-10 09:45:00-04:00,13553.25,2021-05-10 09:55:00-04:00,13513.25,-82.0,2239.0,2509.0,-270.0,61.16794548125192,7.4184180996513,38.09298530511582,30.67456720546452,SKIP_DIR_LONG,-82.0,2021
2021-05-11,Long,2021-05-11 09:45:00-04:00,13216.75,2021-05-11 09:58:00-04:00,13256.75,78.0,2317.0,2509.0,-192.0,23.825345525637186,36.500006894251904,12.766324320368925,23.73368257388298,SKIP_LOW_ADX,78.0,2021
2021-05-12,Long,2021-05-12 09:45:00-04:00,13178.75,2021-05-12 09:46:00-04:00,13218.75,78.0,2395.0,2509.0,-114.0,17.0506861671141,24.016222893032065,21.953302890634273,2.0629200023977923,SKIP_LOW_ADX,78.0,2021
2021-05-13,Long,2021-05-13 09:45:00-04:00,13120.4,2021-05-13 09:55:00-04:00,13160.4,78.0,2473.0,2509.0,-36.0,19.392209595674537,19.98393246731332,19.263469170268877,0.7204632970444429,SKIP_LOW_ADX,78.0,2021
2021-05-14,Long,2021-05-14 09:45:00-04:00,13223.0,2021-05-14 09:58:00-04:00,13263.0,78.0,2551.0,2551.0,0.0,14.84782892292615,14.1073859642156,22.439973961302734,8.332587997087133,SKIP_LOW_ADX,78.0,2021
2021-05-17,Long,2021-05-17 09:45:00-04:00,13309.25,2021-05-17 10:01:00-04:00,13269.25,-82.0,2469.0,2551.0,-82.0,16.03986993880481,22.5469541676924,21.433295537750155,1.1136586299422468,SKIP_LOW_ADX,-82.0,2021
2021-05-18,Short,2021-05-18 09:45:00-04:00,13329.5,2021-05-18 10:27:00-04:00,13369.5,-82.0,2387.0,2551.0,-164.0,40.062082342691546,14.187092555006206,23.910253191312453,9.723160636306247,TAKE,,2021
2021-05-19,Long,2021-05-19 09:45:00-04:00,13059.25,2021-05-19 10:02:00-04:00,13019.25,-82.0,2305.0,2551.0,-246.0,28.52135169654589,33.58842191508101,16.449164593240553,17.139257321840454,SKIP_LOW_ADX,-82.0,2021
2021-05-20,Long,2021-05-20 09:45:00-04:00,13376.5,2021-05-20 10:17:00-04:00,13416.5,78.0,2383.0,2551.0,-168.0,72.57430465178534,41.12171115116126,7.718491127458072,33.403220023703184,TAKE,,2021
2021-05-21,Short,2021-05-21 09:45:00-04:00,13500.5,2021-05-21 09:58:00-04:00,13540.5,-82.0,2301.0,2551.0,-250.0,27.9594029511974,11.237925754263742,25.09159243664215,13.853666682378407,SKIP_LOW_ADX,-82.0,2021
2021-05-24,Long,2021-05-24 09:45:00-04:00,13573.0,2021-05-24 10:13:00-04:00,13613.0,78.0,2379.0,2551.0,-172.0,33.723488237168134,32.099695008959415,11.789488834880627,20.310206174078786,TAKE,,2021
2021-05-25,Short,2021-05-25 09:45:00-04:00,13688.0,2021-05-25 10:02:00-04:00,13648.0,78.0,2457.0,2551.0,-94.0,21.019336671499453,17.314332091662596,26.917760809016396,9.6034287173538,SKIP_LOW_ADX,78.0,2021
2021-05-26,Short,2021-05-26 09:45:00-04:00,13680.5,2021-05-26 11:30:00-04:00,13697.0,-35.0,2422.0,2551.0,-129.0,24.774267585508277,13.615534780730993,21.824235269022733,8.20870048829174,SKIP_LOW_ADX,-35.0,2021
2021-05-27,Long,2021-05-27 09:45:00-04:00,13667.28125,2021-05-27 10:30:00-04:00,13707.28125,78.0,2500.0,2551.0,-51.0,25.24772305678023,16.852373415705355,22.772206418628357,5.919833002923003,SKIP_LOW_ADX,78.0,2021
2021-05-28,Short,2021-05-28 09:45:00-04:00,13727.5,2021-05-28 11:30:00-04:00,13725.75,1.5,2501.5,2551.0,-49.5,45.280421058562915,27.215583109824337,9.250770214630101,17.964812895194235,SKIP_DIR_SHORT,1.5,2021
2021-06-01,Long,2021-06-01 09:45:00-04:00,13753.5,2021-06-01 09:54:00-04:00,13713.5,-82.0,2419.5,2551.0,-131.5,30.05137965972159,24.69563218991247,16.587141902033135,8.108490287879334,TAKE,,2021
2021-06-02,Long,2021-06-02 09:45:00-04:00,13682.75,2021-06-02 11:30:00-04:00,13697.0,26.5,2446.0,2551.0,-105.0,16.57755455707166,24.893527966495903,17.77262418115025,7.120903785345654,SKIP_LOW_ADX,26.5,2021
2021-06-03,Long,2021-06-03 09:45:00-04:00,13497.0,2021-06-03 10:09:00-04:00,13537.0,78.0,2524.0,2551.0,-27.0,29.628790934131413,8.733014002599374,32.08869949652544,23.355685493926067,SKIP_LOW_ADX,78.0,2021
2021-06-04,Long,2021-06-04 09:45:00-04:00,13676.5,2021-06-04 10:01:00-04:00,13716.5,78.0,2602.0,2602.0,0.0,58.05499715367273,37.79728899184645,5.384276104605652,32.4130128872408,TAKE,,2021
2021-06-07,Long,2021-06-07 09:45:00-04:00,13740.5,2021-06-07 11:30:00-04:00,13721.5,-40.0,2562.0,2602.0,-40.0,24.533735947080643,16.726999117179567,23.881215745338586,7.15421662815902,SKIP_LOW_ADX,-40.0,2021
2021-06-08,Long,2021-06-08 09:45:00-04:00,13910.25,2021-06-08 09:52:00-04:00,13870.25,-82.0,2480.0,2602.0,-122.0,21.66839867959262,27.86862544111661,12.735907913457908,15.132717527658702,SKIP_LOW_ADX,-82.0,2021
2021-06-09,Long,2021-06-09 09:45:00-04:00,13883.25,2021-06-09 09:53:00-04:00,13843.25,-82.0,2398.0,2602.0,-204.0,21.489298965882057,27.38015496110058,16.64188685885914,10.738268102241438,SKIP_LOW_ADX,-82.0,2021
2021-06-10,Long,2021-06-10 09:45:00-04:00,13917.25,2021-06-10 09:55:00-04:00,13957.25,78.0,2476.0,2602.0,-126.0,43.531321071051806,41.2227815699389,11.618467702798101,29.604313867140803,TAKE,,2021
2021-06-11,Short,2021-06-11 09:45:00-04:00,13949.75,2021-06-11 11:30:00-04:00,13961.75,-26.0,2450.0,2602.0,-152.0,36.88820733400208,16.17210716586903,22.779370540307887,6.607263374438858,SKIP_LOW_DI,-26.0,2021
2021-06-14,Long,2021-06-14 09:45:00-04:00,14001.75,2021-06-14 11:30:00-04:00,14029.0,52.5,2502.5,2602.0,-99.5,33.21228075377861,25.447760027795823,21.25881816482221,4.188941862973614,SKIP_LOW_DI,52.5,2021
2021-06-16,Long,2021-06-16 09:45:00-04:00,14065.5,2021-06-16 11:30:00-04:00,14048.5,-36.0,2466.5,2602.0,-135.5,25.68847827014417,26.529116521284955,13.666972613783061,12.862143907501894,SKIP_LOW_ADX,-36.0,2021
2021-06-17,Long,2021-06-17 09:45:00-04:00,13989.75,2021-06-17 09:58:00-04:00,14029.75,78.0,2544.5,2602.0,-57.5,51.3835200717145,31.204919469704453,18.442315299135963,12.76260417056849,TAKE,,2021
2021-06-18,Long,2021-06-18 09:45:00-04:00,14114.25,2021-06-18 09:51:00-04:00,14074.25,-82.0,2462.5,2602.0,-139.5,13.377494776188595,22.814425813299366,14.56459306614985,8.249832747149515,SKIP_LOW_ADX,-82.0,2021
2021-06-21,Short,2021-06-21 09:45:00-04:00,14011.0,2021-06-21 09:47:00-04:00,13971.0,78.0,2540.5,2602.0,-61.5,33.468412502185906,24.339367948104655,25.07302309285313,0.7336551447484752,SKIP_LOW_DI,78.0,2021
2021-07-01,Long,2021-07-01 09:45:00-04:00,14551.5,2021-07-01 10:20:00-04:00,14511.5,-82.0,2458.5,2602.0,-143.5,22.335757711190627,28.60873717822917,17.453631712573543,11.155105465655627,SKIP_LOW_ADX,-82.0,2021
2021-07-15,Long,2021-07-15 09:45:00-04:00,14821.5,2021-07-15 09:49:00-04:00,14861.5,78.0,2536.5,2602.0,-65.5,49.497603659277885,7.789273527271334,34.9682809580672,27.179007430795863,SKIP_DIR_LONG,78.0,2021
2021-07-19,Short,2021-07-19 09:45:00-04:00,14566.083333333334,2021-07-19 09:50:00-04:00,14526.083333333334,78.0,2614.5,2614.5,0.0,20.758507239454897,31.75173213738535,18.626475101811295,13.125257035574055,SKIP_LOW_ADX,78.0,2021
2021-07-20,Long,2021-07-20 09:45:00-04:00,14535.25,2021-07-20 09:48:00-04:00,14575.25,78.0,2692.5,2692.5,0.0,36.94907255651429,10.90018382946974,27.41176787486591,16.51158404539617,SKIP_DIR_LONG,78.0,2021
2021-07-22,Short,2021-07-22 09:45:00-04:00,14883.583333333334,2021-07-22 11:30:00-04:00,14891.5,-17.83333333333212,2674.666666666668,2692.5,-17.83333333333212,43.990840600262636,32.05172700296975,9.626131332195184,22.425595670774563,SKIP_DIR_SHORT,-17.83333333333212,2021
2021-07-28,Short,2021-07-28 09:45:00-04:00,14908.5,2021-07-28 09:52:00-04:00,14948.5,-82.0,2592.666666666668,2692.5,-99.83333333333212,42.2180895375451,7.867472808833826,39.92344679716985,32.05597398833603,TAKE,,2021
2021-07-29,Long,2021-07-29 09:45:00-04:00,15056.75,2021-07-29 11:30:00-04:00,15070.0,24.5,2617.166666666668,2692.5,-75.33333333333212,43.90803490097749,30.946643236769255,9.16432433786086,21.782318898908393,TAKE,,2021
2021-07-30,Long,2021-07-30 09:45:00-04:00,14913.75,2021-07-30 10:00:00-04:00,14953.75,78.0,2695.166666666668,2695.166666666668,0.0,37.07730816718536,33.320241654548504,10.070965014098082,23.24927664045042,TAKE,,2021
2021-08-02,Short,2021-08-02 09:45:00-04:00,14955.25,2021-08-02 10:12:00-04:00,14995.25,-82.0,2613.166666666668,2695.166666666668,-82.0,36.459648314903276,8.150721653224567,38.531747656675634,30.38102600345107,TAKE,,2021
2021-08-03,Long,2021-08-03 09:45:00-04:00,14993.75,2021-08-03 09:52:00-04:00,14953.75,-82.0,2531.166666666668,2695.166666666668,-164.0,23.313498954891507,23.279420885508777,19.144696151869145,4.134724733639633,SKIP_LOW_ADX,-82.0,2021
2021-08-04,Long,2021-08-04 09:45:00-04:00,15054.25,2021-08-04 10:20:00-04:00,15014.25,-82.0,2449.166666666668,2695.166666666668,-246.0,31.198726098220515,19.3511728820446,13.964968562943323,5.386204319101278,SKIP_LOW_DI,-82.0,2021
2021-08-09,Long,2021-08-09 09:45:00-04:00,15093.5,2021-08-09 10:30:00-04:00,15133.5,78.0,2527.166666666668,2695.166666666668,-168.0,36.12822022732499,15.796984096928707,30.713671677010836,14.91668758008213,SKIP_DIR_LONG,78.0,2021
2021-08-11,Short,2021-08-11 09:45:00-04:00,15071.0,2021-08-11 10:32:00-04:00,15031.0,78.0,2605.166666666668,2695.166666666668,-90.0,24.047621816929528,19.823035361826282,31.21198960004902,11.388954238222738,SKIP_LOW_ADX,78.0,2021
2021-08-12,Short,2021-08-12 09:45:00-04:00,14958.5,2021-08-12 10:19:00-04:00,14998.5,-82.0,2523.166666666668,2695.166666666668,-172.0,37.80201347389661,12.73427473368792,30.26624522604889,17.53197049236097,TAKE,,2021
2021-08-16,Long,2021-08-16 09:45:00-04:00,15093.875,2021-08-16 09:50:00-04:00,15053.875,-82.0,2441.166666666668,2695.166666666668,-254.0,30.54717728654956,19.024521173855714,14.86910086104708,4.1554203128086336,SKIP_LOW_DI,-82.0,2021
2021-08-17,Long,2021-08-17 09:45:00-04:00,15030.25,2021-08-17 09:52:00-04:00,14990.25,-82.0,2359.166666666668,2695.166666666668,-336.0,34.17115402948545,20.195263610899087,26.19648624023153,6.001222629332442,SKIP_LOW_DI,-82.0,2021
2021-08-18,Long,2021-08-18 09:45:00-04:00,14998.3125,2021-08-18 11:30:00-04:00,14981.75,-35.125,2324.041666666668,2695.166666666668,-371.125,21.77127337874303,18.839099675835406,16.889522353737526,1.9495773220978805,SKIP_LOW_ADX,-35.125,2021
2021-08-19,Short,2021-08-19 09:45:00-04:00,14800.75,2021-08-19 10:01:00-04:00,14840.75,-82.0,2242.041666666668,2695.166666666668,-453.125,32.97259037309219,28.80759345006733,11.206943221885487,17.60065022818184,SKIP_DIR_SHORT,-82.0,2021
2021-08-23,Long,2021-08-23 09:45:00-04:00,15184.75,2021-08-23 10:02:00-04:00,15224.75,78.0,2320.041666666668,2695.166666666668,-375.125,44.97338792419364,35.52879839114312,9.46954974924924,26.05924864189388,TAKE,,2021
2021-09-08,Long,2021-09-08 09:45:00-04:00,15624.875,2021-09-08 10:35:00-04:00,15584.875,-82.0,2238.041666666668,2695.166666666668,-457.125,44.558770368675724,9.496990001890294,29.234798935603326,19.737808933713033,SKIP_DIR_LONG,-82.0,2021
2021-09-09,Short,2021-09-09 09:45:00-04:00,15668.583333333334,2021-09-09 11:24:00-04:00,15628.583333333334,78.0,2316.041666666668,2695.166666666668,-379.125,41.59280953465213,28.171541421788596,8.284131273720151,19.887410148068447,SKIP_DIR_SHORT,78.0,2021
2021-09-15,Long,2021-09-15 09:45:00-04:00,15342.5,2021-09-15 11:30:00-04:00,15337.25,-12.5,2303.541666666668,2695.166666666668,-391.625,30.20177397360986,10.816606230467334,31.65870535954449,20.842099129077155,SKIP_DIR_LONG,-12.5,2021
2021-09-16,Short,2021-09-16 09:45:00-04:00,15428.5,2021-09-16 09:54:00-04:00,15388.5,78.0,2381.541666666668,2695.166666666668,-313.625,28.682066903624314,10.629498497006095,28.12141322308657,17.491914726080473,SKIP_LOW_ADX,78.0,2021
2021-09-17,Short,2021-09-17 09:45:00-04:00,15423.0,2021-09-17 10:05:00-04:00,15383.0,78.0,2459.541666666668,2695.166666666668,-235.625,34.727580534855726,12.75332392861004,25.492578344455136,12.739254415845096,TAKE,,2021
2021-09-20,Long,2021-09-20 09:45:00-04:00,15139.75,2021-09-20 09:50:00-04:00,15099.75,-82.0,2377.541666666668,2695.166666666668,-317.625,18.427317139594674,25.12512937165895,17.0995911827667,8.025538188892249,SKIP_LOW_ADX,-82.0,2021
2021-09-21,Long,2021-09-21 09:45:00-04:00,15081.5,2021-09-21 09:47:00-04:00,15121.5,78.0,2455.541666666668,2695.166666666668,-239.625,20.737826769585258,21.722248739784263,19.110187033881424,2.612061705902839,SKIP_LOW_ADX,78.0,2021
2021-09-22,Short,2021-09-22 09:45:00-04:00,15021.5,2021-09-22 09:56:00-04:00,15061.5,-82.0,2373.541666666668,2695.166666666668,-321.625,43.340738021513,9.813709788282623,26.616040190012086,16.802330401729463,TAKE,,2021
2021-09-27,Long,2021-09-27 09:45:00-04:00,15109.275,2021-09-27 10:07:00-04:00,15149.275,78.0,2451.541666666668,2695.166666666668,-243.625,34.339436077000165,10.525268590770759,31.50461889293406,20.979350302163304,SKIP_DIR_LONG,78.0,2021
2021-09-28,Short,2021-09-28 09:45:00-04:00,14928.5,2021-09-28 10:06:00-04:00,14888.5,78.0,2529.541666666668,2695.166666666668,-165.625,23.10644368427273,14.237934014975421,29.62838025939147,15.390446244416049,SKIP_LOW_ADX,78.0,2021
2021-09-29,Short,2021-09-29 09:45:00-04:00,14795.25,2021-09-29 09:48:00-04:00,14835.25,-82.0,2447.541666666668,2695.166666666668,-247.625,22.54596437642204,13.509401989445623,21.046073028891698,7.536671039446075,SKIP_LOW_ADX,-82.0,2021
2021-09-30,Short,2021-09-30 09:45:00-04:00,14838.25,2021-09-30 09:50:00-04:00,14878.25,-82.0,2365.541666666668,2695.166666666668,-329.625,30.03823854559532,20.93128484059293,15.079925086568096,5.851359754024834,SKIP_LOW_DI,-82.0,2021
2021-10-01,Short,2021-10-01 09:45:00-04:00,14631.75,2021-10-01 10:15:00-04:00,14591.75,78.0,2443.541666666668,2695.166666666668,-251.625,24.405984806885176,11.820233816591923,35.96700395864584,24.146770142053917,SKIP_LOW_ADX,78.0,2021
2021-10-04,Short,2021-10-04 09:45:00-04:00,14596.25,2021-10-04 10:02:00-04:00,14556.25,78.0,2521.541666666668,2695.166666666668,-173.625,43.39252777086063,9.252251324152544,43.091061381550354,33.83881005739781,TAKE,,2021
2021-10-05,Long,2021-10-05 09:45:00-04:00,14538.75,2021-10-05 09:50:00-04:00,14578.75,78.0,2599.541666666668,2695.166666666668,-95.625,24.053412560441966,25.95366629543028,19.0055194732621,6.94814682216818,SKIP_LOW_ADX,78.0,2021
2021-10-06,Long,2021-10-06 09:45:00-04:00,14630.25,2021-10-06 09:49:00-04:00,14590.25,-82.0,2517.541666666668,2695.166666666668,-177.625,43.325549418768084,43.6054722920847,7.025344565174684,36.580127726910014,TAKE,,2021
2021-10-07,Short,2021-10-07 09:45:00-04:00,14928.5,2021-10-07 10:01:00-04:00,14968.5,-82.0,2435.541666666668,2695.166666666668,-259.625,26.60222692053248,24.897888160311545,21.2155370979088,3.682351062402745,SKIP_LOW_ADX,-82.0,2021
2021-10-08,Short,2021-10-08 09:45:00-04:00,14889.25,2021-10-08 09:46:00-04:00,14849.25,78.0,2513.541666666668,2695.166666666668,-181.625,25.95484954165361,21.63279307954943,29.20744413050706,7.57465105095763,SKIP_LOW_ADX,78.0,2021
2021-10-11,Long,2021-10-11 09:45:00-04:00,14824.5,2021-10-11 10:00:00-04:00,14864.5,78.0,2591.541666666668,2695.166666666668,-103.625,41.082154995029484,29.96020988393063,10.118099146394766,19.842110737535865,TAKE,,2021
2021-10-12,Short,2021-10-12 09:45:00-04:00,14691.5,2021-10-12 10:17:00-04:00,14651.5,78.0,2669.541666666668,2695.166666666668,-25.625,20.647468854329613,15.56519038123583,35.58855517079196,20.023364789556133,SKIP_LOW_ADX,78.0,2021
2021-10-13,Short,2021-10-13 09:45:00-04:00,14757.0,2021-10-13 09:50:00-04:00,14717.0,78.0,2747.541666666668,2747.541666666668,0.0,28.795847208022245,20.507412879222663,20.58018490268154,0.07277202345887801,SKIP_LOW_ADX,78.0,2021
2021-10-14,Long,2021-10-14 09:45:00-04:00,14925.75,2021-10-14 10:01:00-04:00,14965.75,78.0,2825.541666666668,2825.541666666668,0.0,23.73956594459802,25.762674992910377,11.08774374833672,14.674931244573656,SKIP_LOW_ADX,78.0,2021
2021-10-15,Short,2021-10-15 09:45:00-04:00,15060.5,2021-10-15 10:57:00-04:00,15100.5,-82.0,2743.541666666668,2825.541666666668,-82.0,21.302789920967683,14.123977136796949,23.1172138162332,8.99323667943625,SKIP_LOW_ADX,-82.0,2021
2021-10-18,Long,2021-10-18 09:45:00-04:00,15111.0,2021-10-18 10:06:00-04:00,15151.0,78.0,2821.541666666668,2825.541666666668,-4.0,21.234042854799334,24.773102677440978,12.902330076441771,11.870772600999207,SKIP_LOW_ADX,78.0,2021
2021-10-19,Long,2021-10-19 09:45:00-04:00,15333.833333333334,2021-10-19 10:58:00-04:00,15373.833333333334,78.0,2899.541666666668,2899.541666666668,0.0,24.539153261567222,24.94997668421532,29.003121594063938,4.053144909848619,SKIP_LOW_ADX,78.0,2021
2021-10-20,Long,2021-10-20 09:45:00-04:00,15419.0,2021-10-20 11:30:00-04:00,15402.0,-36.0,2863.541666666668,2899.541666666668,-36.0,25.698668210835045,20.65536579845651,17.140927001873013,3.514438796583498,SKIP_LOW_ADX,-36.0,2021
2021-10-21,Long,2021-10-21 09:45:00-04:00,15374.25,2021-10-21 10:26:00-04:00,15414.25,78.0,2941.541666666668,2941.541666666668,0.0,35.01763173111155,26.43629435442337,7.5824277651514125,18.85386658927196,TAKE,,2021
2021-10-22,Short,2021-10-22 09:45:00-04:00,15448.0,2021-10-22 09:48:00-04:00,15408.0,78.0,3019.541666666668,3019.541666666668,0.0,25.115810310207912,24.868313719690256,17.112347508779333,7.755966210910923,SKIP_LOW_ADX,78.0,2021
2021-10-25,Long,2021-10-25 09:45:00-04:00,15355.75,2021-10-25 10:00:00-04:00,15395.75,78.0,3097.541666666668,3097.541666666668,0.0,39.08987356133567,17.104363969472928,35.25506044397118,18.150696474498254,SKIP_DIR_LONG,78.0,2021
2021-10-26,Long,2021-10-26 09:45:00-04:00,15646.25,2021-10-26 10:17:00-04:00,15686.25,78.0,3175.541666666668,3175.541666666668,0.0,21.631086993501327,24.34414341424255,17.33184608213269,7.01229733210986,SKIP_LOW_ADX,78.0,2021
2021-10-27,Long,2021-10-27 09:45:00-04:00,15625.0,2021-10-27 10:04:00-04:00,15585.0,-82.0,3093.541666666668,3175.541666666668,-82.0,25.115582254816083,31.24788394967291,11.331778518162182,19.91610543151073,SKIP_LOW_ADX,-82.0,2021
2021-10-28,Long,2021-10-28 09:45:00-04:00,15666.25,2021-10-28 10:26:00-04:00,15706.25,78.0,3171.541666666668,3175.541666666668,-4.0,12.980269796823732,18.70227918938404,17.70308548555682,0.9991937038272205,SKIP_LOW_ADX,78.0,2021
2021-10-29,Short,2021-10-29 09:45:00-04:00,15668.8125,2021-10-29 11:08:00-04:00,15708.8125,-82.0,3089.541666666668,3175.541666666668,-86.0,32.54183783662923,23.954143479461926,10.98278906159549,12.971354417866436,SKIP_DIR_SHORT,-82.0,2021
2021-11-16,Long,2021-11-16 09:45:00-05:00,16240.75,2021-11-16 10:29:00-05:00,16200.75,-82.0,3007.541666666668,3175.541666666668,-168.0,45.462761763797936,33.85207728497119,11.871171370081017,21.980905914890172,TAKE,,2021
2021-11-18,Short,2021-11-18 09:45:00-05:00,16382.0,2021-11-18 10:12:00-05:00,16342.0,78.0,3085.541666666668,3175.541666666668,-90.0,29.276221621156605,16.724295800360707,21.65071038842762,4.926414588066912,SKIP_LOW_ADX,78.0,2021
2021-11-23,Long,2021-11-23 09:45:00-05:00,16354.75,2021-11-23 09:47:00-05:00,16394.75,78.0,3163.541666666668,3175.541666666668,-12.0,21.979195573955153,28.68845453023572,21.736524416436918,6.951930113798802,SKIP_LOW_ADX,78.0,2021
2021-11-25,Long,2021-11-25 09:45:00-05:00,16397.75,2021-11-25 11:30:00-05:00,16395.5,-6.5,3157.041666666668,3175.541666666668,-18.5,23.419410222248867,34.55912611983434,13.68013264628721,20.878993473547126,SKIP_LOW_ADX,-6.5,2021
2021-11-26,Short,2021-11-26 09:45:00-05:00,16205.25,2021-11-26 09:57:00-05:00,16245.25,-82.0,3075.041666666668,3175.541666666668,-100.5,31.372429068140136,16.600453397009645,26.88654934172813,10.286095944718486,TAKE,,2021
2021-11-29,Short,2021-11-29 09:45:00-05:00,16251.875,2021-11-29 09:46:00-05:00,16211.875,78.0,3153.041666666668,3175.541666666668,-22.5,21.497884857536157,25.292778008231476,17.980011855794817,7.312766152436659,SKIP_LOW_ADX,78.0,2021
2021-11-30,Long,2021-11-30 09:45:00-05:00,16355.75,2021-11-30 09:55:00-05:00,16395.75,78.0,3231.041666666668,3231.041666666668,0.0,20.12123958456013,23.4094669899195,18.68535136354502,4.724115626374481,SKIP_LOW_ADX,78.0,2021
2021-12-01,Long,2021-12-01 09:45:00-05:00,16302.0,2021-12-01 10:00:00-05:00,16342.0,78.0,3309.041666666668,3309.041666666668,0.0,40.39743504730779,15.069423491081695,27.325405858672628,12.255982367590933,SKIP_DIR_LONG,78.0,2021
2021-12-02,Short,2021-12-02 09:45:00-05:00,15941.75,2021-12-02 09:48:00-05:00,15981.75,-82.0,3227.041666666668,3309.041666666668,-82.0,16.77586002416087,23.1188027897673,19.01662250400672,4.102180285760582,SKIP_LOW_ADX,-82.0,2021
2021-12-03,Long,2021-12-03 09:45:00-05:00,15950.0,2021-12-03 09:50:00-05:00,15910.0,-82.0,3145.041666666668,3309.041666666668,-164.0,32.929356852156495,7.7754694670964035,34.637837079858066,26.862367612761663,SKIP_DIR_LONG,-82.0,2021
2021-12-06,Short,2021-12-06 09:45:00-05:00,15669.0,2021-12-06 09:55:00-05:00,15629.0,78.0,3223.041666666668,3309.041666666668,-86.0,35.597482968350825,25.71369438147988,25.18079933258994,0.5328950488899373,SKIP_LOW_DI,78.0,2021
2021-12-08,Long,2021-12-08 09:45:00-05:00,16318.25,2021-12-08 09:55:00-05:00,16278.25,-82.0,3141.041666666668,3309.041666666668,-168.0,20.71903124560653,24.666293185350916,20.140165085820662,4.526128099530254,SKIP_LOW_ADX,-82.0,2021
2021-12-09,Long,2021-12-09 09:45:00-05:00,16398.0,2021-12-09 09:52:00-05:00,16358.0,-82.0,3059.041666666668,3309.041666666668,-250.0,40.78517427606366,33.03194553367625,12.936233663486016,20.095711870190236,TAKE,,2021
2021-12-10,Short,2021-12-10 09:45:00-05:00,16246.0,2021-12-10 09:47:00-05:00,16206.0,78.0,3137.041666666668,3309.041666666668,-172.0,19.18032930379497,18.838133017004502,26.631246998586203,7.793113981581701,SKIP_LOW_ADX,78.0,2021
2021-12-13,Long,2021-12-13 09:45:00-05:00,16310.25,2021-12-13 09:53:00-05:00,16270.25,-82.0,3055.041666666668,3309.041666666668,-254.0,55.32388999487453,14.370871097530737,24.08105429719257,9.710183199661833,SKIP_DIR_LONG,-82.0,2021
2021-12-14,Long,2021-12-14 09:45:00-05:00,15991.25,2021-12-14 09:47:00-05:00,15951.25,-82.0,2973.041666666668,3309.041666666668,-336.0,24.725811521464657,30.894242000942196,15.818988191493453,15.075253809448743,SKIP_LOW_ADX,-82.0,2021
2021-12-15,Long,2021-12-15 09:45:00-05:00,15878.25,2021-12-15 09:49:00-05:00,15838.25,-82.0,2891.041666666668,3309.041666666668,-418.0,17.909880938968865,12.429203150762536,21.37757081985833,8.948367669095795,SKIP_LOW_ADX,-82.0,2021
2021-12-16,Long,2021-12-16 09:45:00-05:00,16253.416666666666,2021-12-16 09:52:00-05:00,16213.416666666666,-82.0,2809.041666666668,3309.041666666668,-500.0,39.01492516236023,12.529072756049503,35.790046346265235,23.260973590215734,SKIP_DIR_LONG,-82.0,2021
2021-12-17,Long,2021-12-17 09:45:00-05:00,15676.5,2021-12-17 09:46:00-05:00,15716.5,78.0,2887.041666666668,3309.041666666668,-422.0,15.8930511959453,17.357532159839955,20.602187309872583,3.244655150032628,SKIP_LOW_ADX,78.0,2021
2021-12-20,Short,2021-12-20 09:45:00-05:00,15619.975,2021-12-20 09:47:00-05:00,15579.975,78.0,2965.041666666668,3309.041666666668,-344.0,20.082959903225483,24.297744146747227,13.626933882862481,10.670810263884746,SKIP_LOW_ADX,78.0,2021
2021-12-21,Short,2021-12-21 09:45:00-05:00,15723.5,2021-12-21 09:46:00-05:00,15683.5,78.0,3043.041666666668,3309.041666666668,-266.0,32.3226790920568,12.081744929467439,34.709961884746825,22.628216955279385,TAKE,,2021
2021-12-22,Long,2021-12-22 09:45:00-05:00,16009.75,2021-12-22 10:04:00-05:00,15969.75,-82.0,2961.041666666668,3309.041666666668,-348.0,15.323787854029707,33.39597453574771,16.656985500952338,16.738989034795374,SKIP_LOW_ADX,-82.0,2021
2021-12-23,Short,2021-12-23 09:45:00-05:00,16207.25,2021-12-23 10:00:00-05:00,16247.25,-82.0,2879.041666666668,3309.041666666668,-430.0,19.82563598547475,21.931658741927187,16.251935824241404,5.679722917685783,SKIP_LOW_ADX,-82.0,2021
2021-12-27,Long,2021-12-27 09:45:00-05:00,16435.0,2021-12-27 10:08:00-05:00,16475.0,78.0,2957.041666666668,3309.041666666668,-352.0,43.30837335937805,29.508248756379796,12.509923655011873,16.998325101367925,TAKE,,2021
2021-12-29,Short,2021-12-29 09:45:00-05:00,16504.25,2021-12-29 10:11:00-05:00,16464.25,78.0,3035.041666666668,3309.041666666668,-274.0,21.226228856516084,19.402710540353098,19.49063771500715,0.08792717465405175,SKIP_LOW_ADX,78.0,2021
2021-12-31,Short,2021-12-31 09:45:00-05:00,16424.0,2021-12-31 09:49:00-05:00,16384.0,78.0,3113.041666666668,3309.041666666668,-196.0,24.703446621050176,18.22705831438107,25.348690182771637,7.121631868390569,SKIP_LOW_ADX,78.0,2021
2022-01-03,Short,2022-01-03 09:45:00-05:00,16444.5,2022-01-03 09:47:00-05:00,16404.5,78.0,3191.041666666668,3309.041666666668,-118.0,31.69496040913535,24.902613979958584,22.878758979679308,2.0238550002792763,SKIP_LOW_DI,78.0,2022
2022-01-05,Short,2022-01-05 09:45:00-05:00,16178.75,2022-01-05 09:52:00-05:00,16218.75,-82.0,3109.041666666668,3309.041666666668,-200.0,20.814770978174057,22.437256106197392,25.240828875172316,2.8035727689749237,SKIP_LOW_ADX,-82.0,2022
2022-01-06,Long,2022-01-06 09:45:00-05:00,15837.25,2022-01-06 09:48:00-05:00,15797.25,-82.0,3027.041666666668,3309.041666666668,-282.0,36.314484555774314,31.755074763341693,13.637664384011833,18.11741037932986,TAKE,,2022
2022-01-07,Long,2022-01-07 09:45:00-05:00,15800.75,2022-01-07 10:04:00-05:00,15760.75,-82.0,2945.041666666668,3309.041666666668,-364.0,26.417911996984564,29.663569102235616,13.196397004885842,16.467172097349774,SKIP_LOW_ADX,-82.0,2022
2022-01-10,Short,2022-01-10 09:45:00-05:00,15318.75,2022-01-10 09:55:00-05:00,15278.75,78.0,3023.041666666668,3309.041666666668,-286.0,18.660562452729266,12.158441271388794,16.781780434760613,4.623339163371819,SKIP_LOW_ADX,78.0,2022
2022-01-11,Short,2022-01-11 09:45:00-05:00,15498.0,2022-01-11 09:47:00-05:00,15538.0,-82.0,2941.041666666668,3309.041666666668,-368.0,34.437390258087106,9.169590979159516,26.263950483774078,17.094359504614562,TAKE,,2022
2022-01-12,Short,2022-01-12 09:45:00-05:00,15912.5,2022-01-12 09:53:00-05:00,15952.5,-82.0,2859.041666666668,3309.041666666668,-450.0,19.05203214777817,16.04542726356017,29.730235786952207,13.684808523392036,SKIP_LOW_ADX,-82.0,2022
2022-01-13,Short,2022-01-13 09:45:00-05:00,15945.625,2022-01-13 10:04:00-05:00,15905.625,78.0,2937.041666666668,3309.041666666668,-372.0,21.545602691049726,25.317758519152246,17.63798479594649,7.679773723205756,SKIP_LOW_ADX,78.0,2022
2022-01-14,Long,2022-01-14 09:45:00-05:00,15523.75,2022-01-14 09:55:00-05:00,15563.75,78.0,3015.041666666668,3309.041666666668,-294.0,37.532497358055,37.182884106038124,11.091910416615985,26.09097368942214,TAKE,,2022
2022-01-18,Short,2022-01-18 09:45:00-05:00,15353.75,2022-01-18 09:47:00-05:00,15313.75,78.0,3093.041666666668,3309.041666666668,-216.0,20.445703742276518,20.242550051487918,21.598313646013143,1.355763594525225,SKIP_LOW_ADX,78.0,2022
2022-01-19,Long,2022-01-19 09:45:00-05:00,15300.5,2022-01-19 09:46:00-05:00,15340.5,78.0,3171.041666666668,3309.041666666668,-138.0,18.357963224183134,22.07261749285344,25.012382642137542,2.939765149284103,SKIP_LOW_ADX,78.0,2022
2022-01-20,Long,2022-01-20 09:45:00-05:00,15258.0,2022-01-20 10:19:00-05:00,15218.0,-82.0,3089.041666666668,3309.041666666668,-220.0,21.37552467696096,30.697144832435477,10.30937155368311,20.387773278752366,SKIP_LOW_ADX,-82.0,2022
2022-01-21,Long,2022-01-21 09:45:00-05:00,14693.333333333334,2022-01-21 09:46:00-05:00,14733.333333333334,78.0,3167.041666666668,3309.041666666668,-142.0,25.05803152702775,16.713546493506282,29.73198766743272,13.018441173926437,SKIP_LOW_ADX,78.0,2022
2022-01-26,Long,2022-01-26 09:45:00-05:00,14390.333333333334,2022-01-26 09:51:00-05:00,14430.333333333334,78.0,3245.041666666668,3309.041666666668,-64.0,24.287122098059946,8.906432996076685,21.73312393347228,12.826690937395597,SKIP_LOW_ADX,78.0,2022
2022-01-27,Short,2022-01-27 09:45:00-05:00,14344.75,2022-01-27 09:48:00-05:00,14384.75,-82.0,3163.041666666668,3309.041666666668,-146.0,24.582423143960284,25.66490080444604,18.700508248409662,6.96439255603638,SKIP_LOW_ADX,-82.0,2022
2022-01-28,Short,2022-01-28 09:45:00-05:00,13897.5,2022-01-28 09:51:00-05:00,13937.5,-82.0,3081.041666666668,3309.041666666668,-228.0,29.67960767538718,11.678999458152465,26.851681064466856,15.172681606314391,SKIP_LOW_ADX,-82.0,2022
2022-01-31,Long,2022-01-31 09:45:00-05:00,14561.0,2022-01-31 09:50:00-05:00,14521.0,-82.0,2999.041666666668,3309.041666666668,-310.0,30.709620801420623,36.772472331994635,15.028806627556172,21.743665704438463,TAKE,,2022
2022-02-01,Short,2022-02-01 09:45:00-05:00,14804.25,2022-02-01 09:49:00-05:00,14844.25,-82.0,2917.041666666668,3309.041666666668,-392.0,33.999208769716404,10.209382692443276,36.88125526016513,26.671872567721856,TAKE,,2022
2022-02-02,Long,2022-02-02 09:45:00-05:00,15085.25,2022-02-02 09:49:00-05:00,15045.25,-82.0,2835.041666666668,3309.041666666668,-474.0,28.50728744565429,13.184823727404167,30.475458995091806,17.29063526768764,SKIP_LOW_ADX,-82.0,2022
2022-02-03,Short,2022-02-03 09:45:00-05:00,14753.5,2022-02-03 09:47:00-05:00,14713.5,78.0,2913.041666666668,3309.041666666668,-396.0,20.430462604745298,15.222382391254872,19.426967828509213,4.204585437254341,SKIP_LOW_ADX,78.0,2022
2022-02-04,Long,2022-02-04 09:45:00-05:00,14559.0,2022-02-04 09:46:00-05:00,14599.0,78.0,2991.041666666668,3309.041666666668,-318.0,25.84721866191487,28.41251429641975,10.497334432244248,17.915179864175503,SKIP_LOW_ADX,78.0,2022
2022-02-07,Long,2022-02-07 09:45:00-05:00,14763.5,2022-02-07 09:49:00-05:00,14723.5,-82.0,2909.041666666668,3309.041666666668,-400.0,19.19390633834531,21.197662317890497,18.315789071919497,2.8818732459710006,SKIP_LOW_ADX,-82.0,2022
2022-02-08,Short,2022-02-08 09:45:00-05:00,14548.0,2022-02-08 10:00:00-05:00,14508.0,78.0,2987.041666666668,3309.041666666668,-322.0,22.444393290706824,24.415447676760678,17.22476498530638,7.190682691454299,SKIP_LOW_ADX,78.0,2022
2022-02-09,Short,2022-02-09 09:45:00-05:00,14917.0,2022-02-09 09:51:00-05:00,14877.0,78.0,3065.041666666668,3309.041666666668,-244.0,15.12781821792514,18.636571512958962,17.711389177623737,0.9251823353352258,SKIP_LOW_ADX,78.0,2022
2022-02-10,Long,2022-02-10 09:45:00-05:00,14829.5,2022-02-10 09:50:00-05:00,14869.5,78.0,3143.041666666668,3309.041666666668,-166.0,39.1310951263705,28.330680444135393,16.537330191830105,11.793350252305288,TAKE,,2022
2022-02-11,Long,2022-02-11 09:45:00-05:00,14669.8,2022-02-11 09:46:00-05:00,14709.8,78.0,3221.041666666668,3309.041666666668,-88.0,20.345645169246907,20.6539564434787,24.0158629630796,3.361906519600897,SKIP_LOW_ADX,78.0,2022
2022-02-15,Long,2022-02-15 09:45:00-05:00,14497.6875,2022-02-15 09:50:00-05:00,14457.6875,-82.0,3139.041666666668,3309.041666666668,-170.0,15.77346144993866,17.52639015485463,18.220294149305634,0.6939039944510021,SKIP_LOW_ADX,-82.0,2022
2022-02-16,Short,2022-02-16 09:45:00-05:00,14432.0,2022-02-16 09:52:00-05:00,14392.0,78.0,3217.041666666668,3309.041666666668,-92.0,50.31101133691348,5.594566574600857,26.208083117865733,20.613516543264875,TAKE,,2022
2022-02-18,Long,2022-02-18 09:45:00-05:00,14110.9375,2022-02-18 09:50:00-05:00,14150.9375,78.0,3295.041666666668,3309.041666666668,-14.0,24.682526849520105,19.633430668915395,33.34371583255738,13.710285163641984,SKIP_LOW_ADX,78.0,2022
2022-02-21,Short,2022-02-21 09:45:00-05:00,13820.75,2022-02-21 10:11:00-05:00,13860.75,-82.0,3213.041666666668,3309.041666666668,-96.0,28.741262520873338,12.266983555845005,30.693136707988167,18.42615315214316,SKIP_LOW_ADX,-82.0,2022
2022-02-22,Long,2022-02-22 09:45:00-05:00,13979.0,2022-02-22 09:48:00-05:00,14019.0,78.0,3291.041666666668,3309.041666666668,-18.0,23.473597074560352,28.777201616772523,16.685126739059942,12.09207487771258,SKIP_LOW_ADX,78.0,2022
2022-02-23,Long,2022-02-23 09:45:00-05:00,13961.416666666666,2022-02-23 09:50:00-05:00,13921.416666666666,-82.0,3209.041666666668,3309.041666666668,-100.0,17.08227860876019,19.136118331983287,29.14003757832691,10.003919246343624,SKIP_LOW_ADX,-82.0,2022
2022-02-25,Long,2022-02-25 09:45:00-05:00,13890.333333333334,2022-02-25 09:46:00-05:00,13930.333333333334,78.0,3287.041666666668,3309.041666666668,-22.0,29.089298459614927,16.72863093153347,36.05862493781631,19.329994006282842,SKIP_LOW_ADX,78.0,2022
2022-02-28,Long,2022-02-28 09:45:00-05:00,14047.75,2022-02-28 09:46:00-05:00,14087.75,78.0,3365.041666666668,3365.041666666668,0.0,26.029296687831348,17.914064016476797,18.03422899929751,0.12016498282071453,SKIP_LOW_ADX,78.0,2022
2022-03-01,Short,2022-03-01 09:45:00-05:00,14180.0,2022-03-01 09:47:00-05:00,14220.0,-82.0,3283.041666666668,3365.041666666668,-82.0,17.949005274651455,19.194319277100156,22.683934365411925,3.489615088311769,SKIP_LOW_ADX,-82.0,2022
2022-03-02,Short,2022-03-02 09:45:00-05:00,14097.0,2022-03-02 10:06:00-05:00,14057.0,78.0,3361.041666666668,3365.041666666668,-4.0,25.853712807387325,29.27515751308923,10.112624913139113,19.16253259995012,SKIP_LOW_ADX,78.0,2022
2022-03-03,Long,2022-03-03 09:45:00-05:00,14303.25,2022-03-03 09:48:00-05:00,14263.25,-82.0,3279.041666666668,3365.041666666668,-86.0,35.98869422421433,11.516037587475656,26.128626847890967,14.61258926041531,SKIP_DIR_LONG,-82.0,2022
2022-03-04,Short,2022-03-04 09:45:00-05:00,13902.75,2022-03-04 09:46:00-05:00,13862.75,78.0,3357.041666666668,3365.041666666668,-8.0,22.813887663395814,19.717976161718298,25.66860439698126,5.950628235262961,SKIP_LOW_ADX,78.0,2022
2022-03-07,Short,2022-03-07 09:45:00-05:00,13757.75,2022-03-07 09:53:00-05:00,13717.75,78.0,3435.041666666668,3435.041666666668,0.0,24.18618000229626,19.328888602884643,29.036747431835494,9.707858828950851,SKIP_LOW_ADX,78.0,2022
2022-03-17,Long,2022-03-17 09:45:00-04:00,13889.25,2022-03-17 09:46:00-04:00,13929.25,78.0,3513.041666666668,3513.041666666668,0.0,14.21295420914935,15.037828891407269,17.074477628080214,2.0366487366729444,SKIP_LOW_ADX,78.0,2022
2022-03-18,Long,2022-03-18 09:45:00-04:00,14067.75,2022-03-18 09:49:00-04:00,14107.75,78.0,3591.041666666668,3591.041666666668,0.0,34.12277713361433,29.28688831423907,12.293405061736312,16.99348325250276,TAKE,,2022
2022-03-21,Short,2022-03-21 09:45:00-04:00,14441.0,2022-03-21 09:47:00-04:00,14401.0,78.0,3669.041666666668,3669.041666666668,0.0,33.82750567038309,29.776463306973145,14.40769609405225,15.368767212920895,SKIP_DIR_SHORT,78.0,2022
2022-03-22,Short,2022-03-22 09:45:00-04:00,14467.375,2022-03-22 09:46:00-04:00,14427.375,78.0,3747.041666666668,3747.041666666668,0.0,34.21308096407564,31.436203783907022,11.631921305775455,19.80428247813157,SKIP_DIR_SHORT,78.0,2022
2022-03-23,Short,2022-03-23 09:45:00-04:00,14510.25,2022-03-23 09:46:00-04:00,14470.25,78.0,3825.041666666668,3825.041666666668,0.0,21.664668787048004,19.875378751386208,18.11495817596504,1.7604205754211684,SKIP_LOW_ADX,78.0,2022
2022-03-24,Short,2022-03-24 09:45:00-04:00,14517.82142857143,2022-03-24 09:50:00-04:00,14477.82142857143,78.0,3903.041666666668,3903.041666666668,0.0,27.893505108483012,22.44806324017539,18.281875343692604,4.166187896482786,SKIP_LOW_ADX,78.0,2022
2022-03-25,Short,2022-03-25 09:45:00-04:00,14742.5,2022-03-25 10:02:00-04:00,14702.5,78.0,3981.041666666668,3981.041666666668,0.0,46.698342779196935,12.121306050629467,23.97026205643539,11.848956005805924,TAKE,,2022
2022-03-28,Short,2022-03-28 09:45:00-04:00,14853.0,2022-03-28 09:55:00-04:00,14893.0,-82.0,3899.041666666668,3981.041666666668,-82.0,46.50333174828182,30.823314808027675,11.81987516090271,19.003439647124964,SKIP_DIR_SHORT,-82.0,2022
2022-03-29,Long,2022-03-29 09:45:00-04:00,15158.25,2022-03-29 09:50:00-04:00,15118.25,-82.0,3817.041666666668,3981.041666666668,-164.0,23.104686462750635,19.377077081683453,20.728241318033284,1.351164236349831,SKIP_LOW_ADX,-82.0,2022
2022-03-30,Short,2022-03-30 09:45:00-04:00,15181.5,2022-03-30 10:15:00-04:00,15221.5,-82.0,3735.041666666668,3981.041666666668,-246.0,32.25397202252019,25.355216879412065,13.977379794567794,11.377837084844272,SKIP_DIR_SHORT,-82.0,2022
2022-03-31,Short,2022-03-31 09:45:00-04:00,15007.5,2022-03-31 10:03:00-04:00,14967.5,78.0,3813.041666666668,3981.041666666668,-168.0,51.22742439236352,9.026816810994582,33.73182795723072,24.70501114623614,TAKE,,2022
2022-04-01,Short,2022-04-01 09:45:00-04:00,14876.25,2022-04-01 09:51:00-04:00,14836.25,78.0,3891.041666666668,3981.041666666668,-90.0,27.7133081391092,14.241702850022694,25.441212084026503,11.19950923400381,SKIP_LOW_ADX,78.0,2022
2022-04-04,Long,2022-04-04 09:45:00-04:00,14990.75,2022-04-04 09:55:00-04:00,15030.75,78.0,3969.041666666668,3981.041666666668,-12.0,39.66448006288452,36.49728709042403,7.330259418206194,29.167027672217838,TAKE,,2022
2022-04-05,Long,2022-04-05 09:45:00-04:00,15106.32142857143,2022-04-05 09:52:00-04:00,15066.32142857143,-82.0,3887.041666666668,3981.041666666668,-94.0,17.110943062843432,14.641864826179935,22.117184179447396,7.47531935326746,SKIP_LOW_ADX,-82.0,2022
2022-04-06,Short,2022-04-06 09:45:00-04:00,14534.25,2022-04-06 10:00:00-04:00,14494.25,78.0,3965.041666666668,3981.041666666668,-16.0,21.427998290787922,10.519006545867333,30.399819774725582,19.88081322885825,SKIP_LOW_ADX,78.0,2022
2022-04-07,Short,2022-04-07 09:45:00-04:00,14505.75,2022-04-07 09:49:00-04:00,14465.75,78.0,4043.041666666668,4043.041666666668,0.0,38.97428740423581,29.33181966756025,22.49531065034912,6.836509017211132,SKIP_LOW_DI,78.0,2022
2022-04-08,Short,2022-04-08 09:45:00-04:00,14371.25,2022-04-08 09:52:00-04:00,14331.25,78.0,4121.041666666668,4121.041666666668,0.0,58.64990030997665,9.266981075454225,27.907836261379646,18.64085518592542,TAKE,,2022
2022-04-11,Long,2022-04-11 09:45:00-04:00,14161.25,2022-04-11 10:05:00-04:00,14121.25,-82.0,4039.041666666668,4121.041666666668,-82.0,16.298386375418353,22.68061018347527,15.444224762944355,7.236385420530915,SKIP_LOW_ADX,-82.0,2022
2022-04-12,Short,2022-04-12 09:45:00-04:00,14175.75,2022-04-12 09:47:00-04:00,14215.75,-82.0,3957.041666666668,4121.041666666668,-164.0,29.772746439802205,25.794384179302245,25.114589110477795,0.6797950688244505,SKIP_LOW_ADX,-82.0,2022
2022-04-13,Long,2022-04-13 09:45:00-04:00,14019.75,2022-04-13 09:47:00-04:00,14059.75,78.0,4035.041666666668,4121.041666666668,-86.0,29.30250016384667,29.246151237799204,10.965955950496333,18.28019528730287,SKIP_LOW_ADX,78.0,2022
2022-04-14,Short,2022-04-14 09:45:00-04:00,14136.5,2022-04-14 10:05:00-04:00,14096.5,78.0,4113.041666666668,4121.041666666668,-8.0,26.301359999830208,9.568359137568493,28.49113438238228,18.92277524481379,SKIP_LOW_ADX,78.0,2022
2022-04-18,Short,2022-04-18 09:45:00-04:00,13885.5625,2022-04-18 09:53:00-04:00,13845.5625,78.0,4191.041666666668,4191.041666666668,0.0,27.872574650862482,31.380497368100247,21.392995715140035,9.987501652960212,SKIP_LOW_ADX,78.0,2022
2022-04-19,Long,2022-04-19 09:45:00-04:00,13909.25,2022-04-19 09:52:00-04:00,13949.25,78.0,4269.041666666668,4269.041666666668,0.0,21.601957250493243,29.75791469646727,16.378156226576554,13.379758469890717,SKIP_LOW_ADX,78.0,2022
2022-04-20,Short,2022-04-20 09:45:00-04:00,14127.0,2022-04-20 09:56:00-04:00,14087.0,78.0,4347.041666666668,4347.041666666668,0.0,49.25105403566692,6.292214436082555,38.69773815860926,32.40552372252671,TAKE,,2022
2022-04-21,Short,2022-04-21 09:45:00-04:00,14267.5,2022-04-21 09:54:00-04:00,14227.5,78.0,4425.041666666668,4425.041666666668,0.0,34.8345985746752,26.06700019293164,14.11511482455196,11.951885368379681,SKIP_DIR_SHORT,78.0,2022
2022-04-22,Short,2022-04-22 09:45:00-04:00,13639.0,2022-04-22 09:46:00-04:00,13679.0,-82.0,4343.041666666668,4425.041666666668,-82.0,24.573021588867334,12.843278861414186,28.369432951675225,15.52615409026104,SKIP_LOW_ADX,-82.0,2022
2022-04-28,Short,2022-04-28 09:45:00-04:00,13121.0,2022-04-28 09:46:00-04:00,13161.0,-82.0,4261.041666666668,4425.041666666668,-164.0,19.07262630137475,11.556301277273066,31.959512338551328,20.403211061278263,SKIP_LOW_ADX,-82.0,2022
2022-06-01,Long,2022-06-01 09:45:00-04:00,12778.75,2022-06-01 09:55:00-04:00,12818.75,78.0,4339.041666666668,4425.041666666668,-86.0,35.75939876375868,19.228991826331047,19.78853859184661,0.559546765515563,SKIP_LOW_DI,78.0,2022
2022-06-02,Long,2022-06-02 09:45:00-04:00,12543.5,2022-06-02 09:56:00-04:00,12503.5,-82.0,4257.041666666668,4425.041666666668,-168.0,32.596741098337844,20.83802493347093,16.28456977729096,4.553455156179968,SKIP_LOW_DI,-82.0,2022
2022-06-06,Short,2022-06-06 09:45:00-04:00,12731.75,2022-06-06 09:48:00-04:00,12691.75,78.0,4335.041666666668,4425.041666666668,-90.0,16.543070454790193,21.83436201463854,19.242398056569645,2.591963958068895,SKIP_LOW_ADX,78.0,2022
2022-06-07,Long,2022-06-07 09:45:00-04:00,12518.125,2022-06-07 09:51:00-04:00,12558.125,78.0,4413.041666666668,4425.041666666668,-12.0,22.791432118025206,28.715051462003302,15.091192999047305,13.623858462955997,SKIP_LOW_ADX,78.0,2022
2022-06-08,Long,2022-06-08 09:45:00-04:00,12691.625,2022-06-08 09:49:00-04:00,12731.625,78.0,4491.041666666668,4491.041666666668,0.0,27.402759959582756,22.222581537332623,13.649969300454181,8.572612236878442,SKIP_LOW_ADX,78.0,2022
2022-06-09,Short,2022-06-09 09:45:00-04:00,12534.0,2022-06-09 09:48:00-04:00,12574.0,-82.0,4409.041666666668,4491.041666666668,-82.0,20.858334370973786,19.575912031871134,23.632378547499446,4.056466515628312,SKIP_LOW_ADX,-82.0,2022
2022-06-10,Short,2022-06-10 09:45:00-04:00,12050.0,2022-06-10 09:48:00-04:00,12010.0,78.0,4487.041666666668,4491.041666666668,-4.0,17.658811681613614,23.343511654783615,14.386987479590571,8.956524175193044,SKIP_LOW_ADX,78.0,2022
2022-06-23,Short,2022-06-23 09:45:00-04:00,11593.5,2022-06-23 09:52:00-04:00,11553.5,78.0,4565.041666666668,4565.041666666668,0.0,31.552594038666967,18.172290040292886,20.257967342873755,2.0856773025808693,SKIP_LOW_DI,78.0,2022
2022-06-24,Long,2022-06-24 09:45:00-04:00,11959.0,2022-06-24 10:00:00-04:00,11999.0,78.0,4643.041666666668,4643.041666666668,0.0,39.872239659652294,36.5388952200043,8.730789598881511,27.808105621122788,TAKE,,2022
2022-06-27,Short,2022-06-27 09:45:00-04:00,12058.083333333334,2022-06-27 10:03:00-04:00,12098.083333333334,-82.0,4561.041666666668,4643.041666666668,-82.0,31.83181444900282,12.508967746579293,35.24093239201267,22.731964645433372,TAKE,,2022
2022-06-28,Long,2022-06-28 09:45:00-04:00,12154.75,2022-06-28 09:47:00-04:00,12114.75,-82.0,4479.041666666668,4643.041666666668,-164.0,28.965166130566967,24.60099082428997,17.592724414778132,7.008266409511837,SKIP_LOW_ADX,-82.0,2022
2022-06-29,Short,2022-06-29 09:45:00-04:00,11584.0,2022-06-29 09:47:00-04:00,11624.0,-82.0,4397.041666666668,4643.041666666668,-246.0,19.862396307500337,16.66657919804695,28.567606430555934,11.901027232508984,SKIP_LOW_ADX,-82.0,2022
2022-06-30,Long,2022-06-30 09:45:00-04:00,11445.5,2022-06-30 09:54:00-04:00,11405.5,-82.0,4315.041666666668,4643.041666666668,-328.0,25.360880399320376,9.973617028422153,27.268269475810747,17.294652447388593,SKIP_LOW_ADX,-82.0,2022
2022-07-01,Long,2022-07-01 09:45:00-04:00,11476.5,2022-07-01 09:46:00-04:00,11516.5,78.0,4393.041666666668,4643.041666666668,-250.0,18.592960092610966,24.692130093177486,23.82578566349858,0.8663444296789073,SKIP_LOW_ADX,78.0,2022
2022-07-05,Long,2022-07-05 09:45:00-04:00,11445.5,2022-07-05 09:46:00-04:00,11405.5,-82.0,4311.041666666668,4643.041666666668,-332.0,29.97621170957974,10.63515543943923,18.314935098256353,7.679779658817123,SKIP_LOW_ADX,-82.0,2022
2022-07-06,Short,2022-07-06 09:45:00-04:00,11819.75,2022-07-06 09:46:00-04:00,11779.75,78.0,4389.041666666668,4643.041666666668,-254.0,20.269550965940592,18.802120484224897,21.40953236789986,2.6074118836749633,SKIP_LOW_ADX,78.0,2022
2022-07-08,Long,2022-07-08 09:45:00-04:00,12066.0,2022-07-08 09:49:00-04:00,12026.0,-82.0,4307.041666666668,4643.041666666668,-336.0,20.288679017088224,21.354678354593272,13.83990069327025,7.514777661323022,SKIP_LOW_ADX,-82.0,2022
2022-07-11,Short,2022-07-11 09:45:00-04:00,11908.0,2022-07-11 09:51:00-04:00,11868.0,78.0,4385.041666666668,4643.041666666668,-258.0,52.976711469628896,7.509316849099396,41.81706894118366,34.307752092084264,TAKE,,2022
2022-07-13,Short,2022-07-13 09:45:00-04:00,11602.25,2022-07-13 09:47:00-04:00,11642.25,-82.0,4303.041666666668,4643.041666666668,-340.0,12.768063789861055,23.359679494001455,19.235718331915244,4.123961162086211,SKIP_LOW_ADX,-82.0,2022
2022-07-14,Long,2022-07-14 09:45:00-04:00,11573.25,2022-07-14 09:46:00-04:00,11613.25,78.0,4381.041666666668,4643.041666666668,-262.0,29.676289277551916,12.854708855717593,23.40524616430471,10.550537308587117,SKIP_LOW_ADX,78.0,2022
2022-07-15,Short,2022-07-15 09:45:00-04:00,11927.875,2022-07-15 09:46:00-04:00,11887.875,78.0,4459.041666666668,4643.041666666668,-184.0,33.71204762522215,21.184774509877258,19.36128001722895,1.823494492648308,SKIP_LOW_DI,78.0,2022
2022-07-18,Long,2022-07-18 09:45:00-04:00,12134.25,2022-07-18 09:50:00-04:00,12174.25,78.0,4537.041666666668,4643.041666666668,-106.0,12.547065353399736,19.844764076781583,22.023798489395784,2.1790344126142003,SKIP_LOW_ADX,78.0,2022
2022-07-19,Short,2022-07-19 09:45:00-04:00,12020.0,2022-07-19 09:58:00-04:00,12060.0,-82.0,4455.041666666668,4643.041666666668,-188.0,31.330104009059035,14.735637104670614,19.993858650168082,5.258221545497468,SKIP_LOW_DI,-82.0,2022
2022-07-25,Short,2022-07-25 09:45:00-04:00,12410.375,2022-07-25 10:05:00-04:00,12370.375,78.0,4533.041666666668,4643.041666666668,-110.0,34.658503530746934,24.530994195570205,21.524767734850023,3.006226460720182,SKIP_LOW_DI,78.0,2022
2022-07-27,Long,2022-07-27 09:45:00-04:00,12368.25,2022-07-27 10:05:00-04:00,12408.25,78.0,4611.041666666668,4643.041666666668,-32.0,30.977483029659577,33.80468940391316,11.635005585031289,22.16968381888187,TAKE,,2022
2022-07-28,Short,2022-07-28 09:45:00-04:00,12519.5,2022-07-28 09:47:00-04:00,12479.5,78.0,4689.041666666668,4689.041666666668,0.0,26.035529443834626,10.42116311846458,35.793148441940076,25.371985323475496,SKIP_LOW_ADX,78.0,2022
2022-07-29,Long,2022-07-29 09:45:00-04:00,12842.5,2022-07-29 09:56:00-04:00,12882.5,78.0,4767.041666666668,4767.041666666668,0.0,30.320137143739895,31.120337373528113,19.888097299111944,11.232240074416168,TAKE,,2022
2022-08-03,Long,2022-08-03 09:45:00-04:00,13074.0,2022-08-03 09:56:00-04:00,13114.0,78.0,4845.041666666668,4845.041666666668,0.0,42.62508961109327,27.9849097805587,8.774243737938487,19.21066604262021,TAKE,,2022
2022-08-05,Short,2022-08-05 09:45:00-04:00,13173.0,2022-08-05 10:02:00-04:00,13213.0,-82.0,4763.041666666668,4845.041666666668,-82.0,29.84167905067283,22.9331935980443,17.106062256408958,5.827131341635344,SKIP_LOW_ADX,-82.0,2022
2022-08-08,Short,2022-08-08 09:45:00-04:00,13373.0,2022-08-08 10:02:00-04:00,13413.0,-82.0,4681.041666666668,4845.041666666668,-164.0,26.487315073110317,34.93576388374493,15.310350109815914,19.62541377392902,SKIP_LOW_ADX,-82.0,2022
2022-08-09,Short,2022-08-09 09:45:00-04:00,13078.75,2022-08-09 09:53:00-04:00,13038.75,78.0,4759.041666666668,4845.041666666668,-86.0,31.034139057039173,14.6967332396841,20.22599010256388,5.52925686287978,SKIP_LOW_DI,78.0,2022
2022-08-10,Short,2022-08-10 09:45:00-04:00,13314.75,2022-08-10 10:14:00-04:00,13274.75,78.0,4837.041666666668,4845.041666666668,-8.0,13.385686417866852,19.714935590780627,18.934947126062806,0.779988464717821,SKIP_LOW_ADX,78.0,2022
2022-08-12,Long,2022-08-12 09:45:00-04:00,13427.5,2022-08-12 09:48:00-04:00,13387.5,-82.0,4755.041666666668,4845.041666666668,-90.0,26.121160883607494,24.19008696320972,13.145869090372658,11.044217872837061,SKIP_LOW_ADX,-82.0,2022
2022-08-16,Long,2022-08-16 09:45:00-04:00,13615.25,2022-08-16 10:01:00-04:00,13575.25,-82.0,4673.041666666668,4845.041666666668,-172.0,19.06447301602816,13.510464326494406,17.781915758808672,4.271451432314267,SKIP_LOW_ADX,-82.0,2022
2022-08-18,Long,2022-08-18 09:45:00-04:00,13496.5,2022-08-18 09:50:00-04:00,13456.5,-82.0,4591.041666666668,4845.041666666668,-254.0,25.728696366499367,23.191346222330104,16.434156938213725,6.757189284116379,SKIP_LOW_ADX,-82.0,2022
2022-08-19,Short,2022-08-19 09:45:00-04:00,13344.75,2022-08-19 09:55:00-04:00,13304.75,78.0,4669.041666666668,4845.041666666668,-176.0,24.533406822123126,13.656317373260478,27.207198557644233,13.550881184383755,SKIP_LOW_ADX,78.0,2022
2022-08-22,Long,2022-08-22 09:45:00-04:00,13065.0,2022-08-22 09:49:00-04:00,13025.0,-82.0,4587.041666666668,4845.041666666668,-258.0,23.55313283405196,24.103006421379177,22.49721051727826,1.605795904100919,SKIP_LOW_ADX,-82.0,2022
2022-08-23,Short,2022-08-23 09:45:00-04:00,12867.75,2022-08-23 09:47:00-04:00,12907.75,-82.0,4505.041666666668,4845.041666666668,-340.0,29.152969981954573,14.02171196954446,29.54588576968244,15.524173800137978,SKIP_LOW_ADX,-82.0,2022
2022-08-24,Long,2022-08-24 09:45:00-04:00,12896.0,2022-08-24 10:19:00-04:00,12936.0,78.0,4583.041666666668,4845.041666666668,-262.0,18.694047216589407,16.936664925117896,15.811245137681945,1.1254197874359502,SKIP_LOW_ADX,78.0,2022
2022-08-25,Short,2022-08-25 09:45:00-04:00,12975.5,2022-08-25 09:55:00-04:00,13015.5,-82.0,4501.041666666668,4845.041666666668,-344.0,23.28929390404958,15.93007337639494,20.6148110243564,4.684737647961459,SKIP_LOW_ADX,-82.0,2022
2022-08-29,Long,2022-08-29 09:45:00-04:00,12575.0,2022-08-29 09:59:00-04:00,12535.0,-82.0,4419.041666666668,4845.041666666668,-426.0,27.774237307951925,29.919568671018833,18.203717194867053,11.71585147615178,SKIP_LOW_ADX,-82.0,2022
2022-08-30,Short,2022-08-30 09:45:00-04:00,12505.25,2022-08-30 09:59:00-04:00,12465.25,78.0,4497.041666666668,4845.041666666668,-348.0,37.51395385182131,6.855994644988561,31.675287246102165,24.819292601113602,TAKE,,2022
2022-08-31,Long,2022-08-31 09:45:00-04:00,12483.5,2022-08-31 10:00:00-04:00,12443.5,-82.0,4415.041666666668,4845.041666666668,-430.0,31.62322862731605,25.859782122810522,23.212109599811576,2.6476725229989455,SKIP_LOW_DI,-82.0,2022
2022-09-01,Short,2022-09-01 09:45:00-04:00,12197.0,2022-09-01 09:50:00-04:00,12157.0,78.0,4493.041666666668,4845.041666666668,-352.0,18.742993731068335,24.173853923801065,17.528473445911445,6.645380477889621,SKIP_LOW_ADX,78.0,2022
2022-09-02,Short,2022-09-02 09:45:00-04:00,12303.25,2022-09-02 09:50:00-04:00,12343.25,-82.0,4411.041666666668,4845.041666666668,-434.0,42.04048726869345,8.27115037794548,28.335987659391122,20.06483728144564,TAKE,,2022
2022-09-05,Short,2022-09-05 09:45:00-04:00,12135.0,2022-09-05 11:30:00-04:00,12132.75,2.5,4413.541666666668,4845.041666666668,-431.5,43.34836869202642,31.603226214871164,8.374679551646976,23.228546663224186,SKIP_DIR_SHORT,2.5,2022
2022-09-06,Short,2022-09-06 09:45:00-04:00,12093.5,2022-09-06 09:52:00-04:00,12053.5,78.0,4491.541666666668,4845.041666666668,-353.5,16.608518964459872,20.127514756612523,22.608647012544395,2.481132255931872,SKIP_LOW_ADX,78.0,2022
2022-09-07,Long,2022-09-07 09:45:00-04:00,12102.75,2022-09-07 10:00:00-04:00,12062.75,-82.0,4409.541666666668,4845.041666666668,-435.5,46.16348211007088,27.431145209649358,15.388979843004755,12.042165366644603,TAKE,,2022
2022-09-08,Long,2022-09-08 09:45:00-04:00,12215.25,2022-09-08 09:55:00-04:00,12255.25,78.0,4487.541666666668,4845.041666666668,-357.5,32.90484923066922,25.81315254424702,13.877894860700112,11.93525768354691,TAKE,,2022
2022-09-09,Long,2022-09-09 09:45:00-04:00,12445.75,2022-09-09 09:47:00-04:00,12485.75,78.0,4565.541666666668,4845.041666666668,-279.5,23.955278205915526,20.69024615377289,20.96507156458633,0.2748254108134418,SKIP_LOW_ADX,78.0,2022
2022-09-12,Long,2022-09-12 09:45:00-04:00,12764.5,2022-09-12 09:55:00-04:00,12804.5,78.0,4643.541666666668,4845.041666666668,-201.5,23.75562822327921,28.283355701235738,18.23424394111207,10.049111760123669,SKIP_LOW_ADX,78.0,2022
2022-09-13,Short,2022-09-13 09:45:00-04:00,12424.0,2022-09-13 10:00:00-04:00,12384.0,78.0,4721.541666666668,4845.041666666668,-123.5,21.82410571762403,20.436793775184995,25.507803749375427,5.0710099741904315,SKIP_LOW_ADX,78.0,2022
2022-09-14,Long,2022-09-14 09:45:00-04:00,12183.0,2022-09-14 09:52:00-04:00,12143.0,-82.0,4639.541666666668,4845.041666666668,-205.5,23.670281915827125,30.41660704218955,17.576704519700087,12.839902522489464,SKIP_LOW_ADX,-82.0,2022
2022-09-15,Short,2022-09-15 09:45:00-04:00,12167.25,2022-09-15 09:50:00-04:00,12207.25,-82.0,4557.541666666668,4845.041666666668,-287.5,27.464435292576344,20.276153120637066,15.141686871800538,5.134466248836528,SKIP_LOW_ADX,-82.0,2022
2022-09-16,Short,2022-09-16 09:45:00-04:00,11813.25,2022-09-16 10:12:00-04:00,11853.25,-82.0,4475.541666666668,4845.041666666668,-369.5,14.881749977804605,15.717285309325636,20.156899662921166,4.43961435359553,SKIP_LOW_ADX,-82.0,2022
2022-09-19,Long,2022-09-19 09:45:00-04:00,11897.0,2022-09-19 10:35:00-04:00,11937.0,78.0,4553.541666666668,4845.041666666668,-291.5,29.897251357226132,28.74387389161177,13.208863139054095,15.535010752557675,SKIP_LOW_ADX,78.0,2022
2022-09-20,Short,2022-09-20 09:45:00-04:00,11899.75,2022-09-20 10:06:00-04:00,11939.75,-82.0,4471.541666666668,4845.041666666668,-373.5,29.124086378800126,9.839645101749669,22.1675986273933,12.32795352564363,SKIP_LOW_ADX,-82.0,2022
2022-09-21,Long,2022-09-21 09:45:00-04:00,11947.375,2022-09-21 09:48:00-04:00,11987.375,78.0,4549.541666666668,4845.041666666668,-295.5,21.222188520783934,18.00113523541747,25.840962684585804,7.839827449168336,SKIP_LOW_ADX,78.0,2022
2022-09-22,Short,2022-09-22 09:45:00-04:00,11600.75,2022-09-22 10:15:00-04:00,11640.75,-82.0,4467.541666666668,4845.041666666668,-377.5,35.86271688979431,7.480055787290711,30.209135930757878,22.729080143467165,TAKE,,2022
2022-09-23,Short,2022-09-23 09:45:00-04:00,11408.75,2022-09-23 09:51:00-04:00,11368.75,78.0,4545.541666666668,4845.041666666668,-299.5,26.007696986356702,12.478794314230338,27.34181397518359,14.863019660953253,SKIP_LOW_ADX,78.0,2022
2022-09-26,Short,2022-09-26 09:45:00-04:00,11427.25,2022-09-26 09:50:00-04:00,11467.25,-82.0,4463.541666666668,4845.041666666668,-381.5,38.20989618655101,26.874788260626,15.04308135849397,11.831706902132032,SKIP_DIR_SHORT,-82.0,2022
2022-09-27,Short,2022-09-27 09:45:00-04:00,11540.5,2022-09-27 09:49:00-04:00,11500.5,78.0,4541.541666666668,4845.041666666668,-303.5,35.917828852981586,29.20313760028054,15.996936596998928,13.206201003281613,SKIP_DIR_SHORT,78.0,2022
2022-09-28,Short,2022-09-28 09:45:00-04:00,11339.75,2022-09-28 09:47:00-04:00,11299.75,78.0,4619.541666666668,4845.041666666668,-225.5,19.560702995193004,23.52935193234241,18.589074048210495,4.940277884131916,SKIP_LOW_ADX,78.0,2022
2022-09-29,Long,2022-09-29 09:45:00-04:00,11266.0,2022-09-29 10:02:00-04:00,11226.0,-82.0,4537.541666666668,4845.041666666668,-307.5,35.59806150326708,6.04249949217172,42.25087893189378,36.20837943972206,SKIP_DIR_LONG,-82.0,2022
2022-10-04,Long,2022-10-04 09:45:00-04:00,11560.25,2022-10-04 09:51:00-04:00,11600.25,78.0,4615.541666666668,4845.041666666668,-229.5,35.47127554303934,28.991214834136567,14.890541830551086,14.10067300358548,TAKE,,2022
2022-10-05,Long,2022-10-05 09:45:00-04:00,11470.5,2022-10-05 09:49:00-04:00,11510.5,78.0,4693.541666666668,4845.041666666668,-151.5,28.470892842667226,14.445366863225992,26.814820764655348,12.369453901429356,SKIP_LOW_ADX,78.0,2022
2022-10-06,Long,2022-10-06 09:45:00-04:00,11701.75,2022-10-06 09:57:00-04:00,11661.75,-82.0,4611.541666666668,4845.041666666668,-233.5,41.487991348007064,37.19683816281989,9.17207019463901,28.024767968180875,TAKE,,2022
2022-10-07,Short,2022-10-07 09:45:00-04:00,11275.0,2022-10-07 09:56:00-04:00,11235.0,78.0,4689.541666666668,4845.041666666668,-155.5,15.465390787815672,15.371748734339304,31.606670001786085,16.23492126744678,SKIP_LOW_ADX,78.0,2022
2022-10-14,Short,2022-10-14 09:45:00-04:00,11101.75,2022-10-14 09:46:00-04:00,11061.75,78.0,4767.541666666668,4845.041666666668,-77.5,14.737077530503973,18.122956937002368,23.792114568829856,5.669157631827488,SKIP_LOW_ADX,78.0,2022
2022-10-18,Short,2022-10-18 09:45:00-04:00,11369.5,2022-10-18 09:53:00-04:00,11329.5,78.0,4845.541666666668,4845.541666666668,0.0,18.151324535846445,15.814448937497456,15.387623705072203,0.4268252324252533,SKIP_LOW_ADX,78.0,2022
2022-10-19,Short,2022-10-19 09:45:00-04:00,11125.625,2022-10-19 09:51:00-04:00,11165.625,-82.0,4763.541666666668,4845.541666666668,-82.0,23.503983183376743,21.35995104181255,24.86144389407501,3.5014928522624587,SKIP_LOW_ADX,-82.0,2022
2022-10-20,Long,2022-10-20 09:45:00-04:00,11162.75,2022-10-20 09:47:00-04:00,11202.75,78.0,4841.541666666668,4845.541666666668,-4.0,16.024712754990073,23.857414484293926,12.710644001255641,11.146770483038285,SKIP_LOW_ADX,78.0,2022
2022-10-24,Long,2022-10-24 09:45:00-04:00,11346.541666666666,2022-10-24 09:46:00-04:00,11386.541666666666,78.0,4919.541666666668,4919.541666666668,0.0,20.70974985660055,19.623144102042566,28.95360623862513,9.330462136582565,SKIP_LOW_ADX,78.0,2022
2022-10-25,Long,2022-10-25 09:45:00-04:00,11560.25,2022-10-25 09:46:00-04:00,11600.25,78.0,4997.541666666668,4997.541666666668,0.0,33.9819135894074,26.057201884249796,19.29065052432152,6.766551359928275,SKIP_LOW_DI,78.0,2022
2022-10-26,Long,2022-10-26 09:45:00-04:00,11468.5,2022-10-26 09:48:00-04:00,11508.5,78.0,5075.541666666668,5075.541666666668,0.0,18.476613716232137,15.08169263989909,23.599068288650713,8.517375648751623,SKIP_LOW_ADX,78.0,2022
2022-10-27,Short,2022-10-27 09:45:00-04:00,11405.75,2022-10-27 09:48:00-04:00,11365.75,78.0,5153.541666666668,5153.541666666668,0.0,20.5940020546009,14.762175554923184,20.18193294614115,5.419757391217965,SKIP_LOW_ADX,78.0,2022
2022-10-28,Short,2022-10-28 09:45:00-04:00,11344.541666666666,2022-10-28 10:02:00-04:00,11304.541666666666,78.0,5231.541666666668,5231.541666666668,0.0,61.941425936398645,33.990170619409064,5.34149363300982,28.648676986399245,SKIP_DIR_SHORT,78.0,2022
2022-10-31,Short,2022-10-31 09:45:00-04:00,11473.75,2022-10-31 09:46:00-04:00,11433.75,78.0,5309.541666666668,5309.541666666668,0.0,13.47150646944209,24.013307051137897,20.78374465611083,3.2295623950270667,SKIP_LOW_ADX,78.0,2022
2022-11-01,Short,2022-11-01 09:45:00-04:00,11582.25,2022-11-01 09:46:00-04:00,11542.25,78.0,5387.541666666668,5387.541666666668,0.0,18.98732956075381,17.29446300879231,24.899442158251436,7.604979149459126,SKIP_LOW_ADX,78.0,2022
2022-11-02,Long,2022-11-02 09:45:00-04:00,11306.25,2022-11-02 10:14:00-04:00,11266.25,-82.0,5305.541666666668,5387.541666666668,-82.0,18.51628693405925,25.056590205000255,17.949754167832843,7.106836037167412,SKIP_LOW_ADX,-82.0,2022
2022-11-09,Long,2022-11-09 09:45:00-05:00,11016.0,2022-11-09 09:53:00-05:00,10976.0,-82.0,5223.541666666668,5387.541666666668,-164.0,22.83007845251473,17.499125806381816,14.924769338122555,2.5743564682592606,SKIP_LOW_ADX,-82.0,2022
2022-11-10,Long,2022-11-10 09:45:00-05:00,11312.25,2022-11-10 09:47:00-05:00,11352.25,78.0,5301.541666666668,5387.541666666668,-86.0,32.66801344632253,18.214943115691426,19.38083261224129,1.1658894965498625,SKIP_LOW_DI,78.0,2022
2022-11-11,Long,2022-11-11 09:45:00-05:00,11624.75,2022-11-11 09:46:00-05:00,11664.75,78.0,5379.541666666668,5387.541666666668,-8.0,32.53332071545631,16.734180647263727,17.413705418891357,0.67952477162763,SKIP_LOW_DI,78.0,2022
2022-11-15,Short,2022-11-15 09:45:00-05:00,12012.5,2022-11-15 09:49:00-05:00,11972.5,78.0,5457.541666666668,5457.541666666668,0.0,12.796677561993995,12.568132488374706,14.654677453102236,2.08654496472753,SKIP_LOW_ADX,78.0,2022
2022-11-16,Long,2022-11-16 09:45:00-05:00,11817.875,2022-11-16 09:46:00-05:00,11777.875,-82.0,5375.541666666668,5457.541666666668,-82.0,33.09089397278515,11.031363474941244,17.46597225549235,6.434608780551105,SKIP_LOW_DI,-82.0,2022
2022-11-17,Long,2022-11-17 09:45:00-05:00,11612.25,2022-11-17 10:03:00-05:00,11572.25,-82.0,5293.541666666668,5457.541666666668,-164.0,27.073201322881783,29.506154083617428,12.365469229369056,17.14068485424837,SKIP_LOW_ADX,-82.0,2022
2022-11-18,Short,2022-11-18 09:45:00-05:00,11763.25,2022-11-18 10:02:00-05:00,11723.25,78.0,5371.541666666668,5457.541666666668,-86.0,36.91357611912244,11.564636577882537,25.11670108755138,13.552064509668844,TAKE,,2022
2022-11-21,Short,2022-11-21 09:45:00-05:00,11652.5,2022-11-21 09:51:00-05:00,11692.5,-82.0,5289.541666666668,5457.541666666668,-168.0,16.01717114075248,23.10838877628524,23.08116403422909,0.027224742056148443,SKIP_LOW_ADX,-82.0,2022
2022-11-22,Short,2022-11-22 09:45:00-05:00,11538.0,2022-11-22 10:02:00-05:00,11578.0,-82.0,5207.541666666668,5457.541666666668,-250.0,34.994150531913945,7.24253804598488,33.592329649784396,26.349791603799517,TAKE,,2022
2022-11-23,Long,2022-11-23 09:45:00-05:00,11789.5,2022-11-23 09:46:00-05:00,11829.5,78.0,5285.541666666668,5457.541666666668,-172.0,31.935579443832676,21.235940920902284,10.74535261609999,10.490588304802294,TAKE,,2022
2022-11-24,Long,2022-11-24 09:45:00-05:00,11910.0,2022-11-24 11:30:00-05:00,11916.5,11.0,5296.541666666668,5457.541666666668,-161.0,23.951817455589826,20.191829471127203,25.087356009197748,4.895526538070545,SKIP_LOW_ADX,11.0,2022
2022-11-25,Short,2022-11-25 09:45:00-05:00,11789.25,2022-11-25 11:30:00-05:00,11786.0,4.5,5301.041666666668,5457.541666666668,-156.5,30.673052535023004,14.851991855374507,23.357986932427934,8.505995077053427,TAKE,,2022
2022-11-28,Long,2022-11-28 09:45:00-05:00,11776.75,2022-11-28 10:12:00-05:00,11736.75,-82.0,5219.041666666668,5457.541666666668,-238.5,49.53874936618085,30.148444756624038,4.704382346029886,25.44406241059415,TAKE,,2022
2022-11-29,Short,2022-11-29 09:45:00-05:00,11584.25,2022-11-29 10:29:00-05:00,11624.25,-82.0,5137.041666666668,5457.541666666668,-320.5,24.05229461753167,13.938183011081835,27.060600387705247,13.122417376623412,SKIP_LOW_ADX,-82.0,2022
2022-11-30,Short,2022-11-30 09:45:00-05:00,11573.541666666666,2022-11-30 10:00:00-05:00,11533.541666666666,78.0,5215.041666666668,5457.541666666668,-242.5,18.875332305930435,24.444717367454057,13.401215922926884,11.043501444527173,SKIP_LOW_ADX,78.0,2022
2022-12-01,Long,2022-12-01 09:45:00-05:00,12099.25,2022-12-01 10:00:00-05:00,12139.25,78.0,5293.041666666668,5457.541666666668,-164.5,17.907332590549483,25.575154012927655,19.22896315196896,6.346190860958696,SKIP_LOW_ADX,78.0,2022
2022-12-02,Long,2022-12-02 09:45:00-05:00,11883.0,2022-12-02 09:54:00-05:00,11843.0,-82.0,5211.041666666668,5457.541666666668,-246.5,26.56100427821179,21.17436776226302,18.34951627230682,2.8248514899562025,SKIP_LOW_ADX,-82.0,2022
2022-12-05,Long,2022-12-05 09:45:00-05:00,11954.25,2022-12-05 10:00:00-05:00,11914.25,-82.0,5129.041666666668,5457.541666666668,-328.5,22.552534844923827,20.159945441782497,16.55253514029644,3.607410301486059,SKIP_LOW_ADX,-82.0,2022
2022-12-06,Short,2022-12-06 09:45:00-05:00,11723.0,2022-12-06 09:56:00-05:00,11683.0,78.0,5207.041666666668,5457.541666666668,-250.5,45.360220600980796,5.874251765428905,37.73133906202536,31.857087296596458,TAKE,,2022
2022-12-07,Long,2022-12-07 09:45:00-05:00,11528.0,2022-12-07 09:47:00-05:00,11488.0,-82.0,5125.041666666668,5457.541666666668,-332.5,32.77708076285049,22.52565384963642,23.422488187067735,0.896834337431315,SKIP_LOW_DI,-82.0,2022
2022-12-08,Short,2022-12-08 09:45:00-05:00,11489.0,2022-12-08 09:50:00-05:00,11529.0,-82.0,5043.041666666668,5457.541666666668,-414.5,43.69320809931491,9.06934037454232,34.323536161086395,25.254195786544074,TAKE,,2022
2022-12-09,Long,2022-12-09 09:45:00-05:00,11640.25,2022-12-09 09:51:00-05:00,11600.25,-82.0,4961.041666666668,5457.541666666668,-496.5,14.62060875356839,22.6516503854783,19.647751940150084,3.0038984453282147,SKIP_LOW_ADX,-82.0,2022
2022-12-12,Short,2022-12-12 09:45:00-05:00,11676.75,2022-12-12 09:50:00-05:00,11716.75,-82.0,4879.041666666668,5457.541666666668,-578.5,20.29192622925756,13.838392704783969,16.735838889818485,2.897446185034516,SKIP_LOW_ADX,-82.0,2022
2022-12-13,Long,2022-12-13 09:45:00-05:00,12265.0,2022-12-13 10:01:00-05:00,12225.0,-82.0,4797.041666666668,5457.541666666668,-660.5,33.68622435594778,23.62703468537978,21.908713959193733,1.7183207261860467,SKIP_LOW_DI,-82.0,2022
2022-12-14,Short,2022-12-14 09:45:00-05:00,11982.75,2022-12-14 10:05:00-05:00,12022.75,-82.0,4715.041666666668,5457.541666666668,-742.5,29.44313075140958,17.85583233614837,12.559761862170333,5.2960704739780375,SKIP_LOW_ADX,-82.0,2022
2022-12-15,Short,2022-12-15 09:45:00-05:00,11651.0,2022-12-15 09:46:00-05:00,11611.0,78.0,4793.041666666668,5457.541666666668,-664.5,14.453077211420997,17.34250695542303,19.934286941805556,2.5917799863825266,SKIP_LOW_ADX,78.0,2022
2022-12-16,Long,2022-12-16 09:45:00-05:00,11440.75,2022-12-16 09:49:00-05:00,11480.75,78.0,4871.041666666668,5457.541666666668,-586.5,24.32352593307616,26.681092350161148,15.563445475764839,11.117646874396309,SKIP_LOW_ADX,78.0,2022
2022-12-19,Short,2022-12-19 09:45:00-05:00,11313.0,2022-12-19 09:48:00-05:00,11273.0,78.0,4949.041666666668,5457.541666666668,-508.5,29.287546038031095,17.926546753073,23.675114485911493,5.748567732838492,SKIP_LOW_ADX,78.0,2022
2022-12-20,Short,2022-12-20 09:45:00-05:00,11084.25,2022-12-20 09:56:00-05:00,11124.25,-82.0,4867.041666666668,5457.541666666668,-590.5,22.05962836070593,10.43440886525159,27.595404265917228,17.160995400665637,SKIP_LOW_ADX,-82.0,2022
2022-12-21,Long,2022-12-21 09:45:00-05:00,11226.5,2022-12-21 09:48:00-05:00,11266.5,78.0,4945.041666666668,5457.541666666668,-512.5,22.098551465232234,25.760096730123262,12.450776605647723,13.309320124475539,SKIP_LOW_ADX,78.0,2022
2022-12-22,Short,2022-12-22 09:45:00-05:00,11117.25,2022-12-22 10:02:00-05:00,11077.25,78.0,5023.041666666668,5457.541666666668,-434.5,43.87314770440604,9.5506207474463,35.47735061668324,25.926729869236937,TAKE,,2022
2022-12-23,Short,2022-12-23 09:45:00-05:00,10983.0,2022-12-23 09:48:00-05:00,10943.0,78.0,5101.041666666668,5457.541666666668,-356.5,24.913633898663353,24.418850732001676,25.985292185888763,1.5664414538870872,SKIP_LOW_ADX,78.0,2022
2022-12-27,Short,2022-12-27 09:45:00-05:00,10955.75,2022-12-27 09:46:00-05:00,10915.75,78.0,5179.041666666668,5457.541666666668,-278.5,55.216653917261006,5.670336734145646,37.713657501696154,32.04332076755051,TAKE,,2022
2022-12-28,Long,2022-12-28 09:45:00-05:00,10960.0,2022-12-28 10:25:00-05:00,10920.0,-82.0,5097.041666666668,5457.541666666668,-360.5,27.386575508600412,29.864912909511094,21.980051667040012,7.884861242471082,SKIP_LOW_ADX,-82.0,2022
2022-12-29,Long,2022-12-29 09:45:00-05:00,10950.0,2022-12-29 10:14:00-05:00,10990.0,78.0,5175.041666666668,5457.541666666668,-282.5,30.90044583883349,30.83479535557316,11.54604327707794,19.28875207849522,TAKE,,2022
2022-12-30,Short,2022-12-30 09:45:00-05:00,10924.0,2022-12-30 09:48:00-05:00,10884.0,78.0,5253.041666666668,5457.541666666668,-204.5,17.717222155066317,24.68101179592638,16.139548841817764,8.541462954108617,SKIP_LOW_ADX,78.0,2022
2023-01-03,Short,2023-01-03 09:45:00-05:00,11125.625,2023-01-03 09:48:00-05:00,11085.625,78.0,5331.041666666668,5457.541666666668,-126.5,22.338645263958288,26.132034677688868,25.156012711337766,0.9760219663511016,SKIP_LOW_ADX,78.0,2023
2023-01-04,Short,2023-01-04 09:45:00-05:00,10970.75,2023-01-04 09:50:00-05:00,11010.75,-82.0,5249.041666666668,5457.541666666668,-208.5,19.281182427459587,19.798111087207115,33.48691848965348,13.688807402446368,SKIP_LOW_ADX,-82.0,2023
2023-01-05,Short,2023-01-05 09:45:00-05:00,10843.75,2023-01-05 09:58:00-05:00,10883.75,-82.0,5167.041666666668,5457.541666666668,-290.5,38.68600792957129,15.312859949654065,30.1264214913671,14.813561541713035,TAKE,,2023
2023-01-06,Short,2023-01-06 09:45:00-05:00,10786.5,2023-01-06 09:53:00-05:00,10826.5,-82.0,5085.041666666668,5457.541666666668,-372.5,25.59749093591265,14.963634521364579,41.075509760015855,26.111875238651276,SKIP_LOW_ADX,-82.0,2023
2023-01-09,Long,2023-01-09 09:45:00-05:00,11242.25,2023-01-09 09:50:00-05:00,11282.25,78.0,5163.041666666668,5457.541666666668,-294.5,31.87344765959588,25.965441036114797,12.524062480729533,13.441378555385263,TAKE,,2023
2023-01-10,Short,2023-01-10 09:45:00-05:00,11193.5,2023-01-10 09:46:00-05:00,11153.5,78.0,5241.041666666668,5457.541666666668,-216.5,27.013838019524545,23.59739267207497,18.653815735853545,4.943576936221426,SKIP_LOW_ADX,78.0,2023
2023-01-11,Short,2023-01-11 09:45:00-05:00,11343.857142857143,2023-01-11 10:27:00-05:00,11383.857142857143,-82.0,5159.041666666668,5457.541666666668,-298.5,21.526280429283403,24.213484770209025,13.19766189933322,11.015822870875805,SKIP_LOW_ADX,-82.0,2023
2023-01-12,Short,2023-01-12 09:45:00-05:00,11357.25,2023-01-12 09:54:00-05:00,11317.25,78.0,5237.041666666668,5457.541666666668,-220.5,30.058556247851836,12.212034263359977,37.487462885298804,25.27542862193883,TAKE,,2023
2023-01-13,Long,2023-01-13 09:45:00-05:00,11434.333333333334,2023-01-13 09:56:00-05:00,11474.333333333334,78.0,5315.041666666668,5457.541666666668,-142.5,20.65574657781139,21.274180509389293,18.246269841931,3.0279106674582934,SKIP_LOW_ADX,78.0,2023
2023-01-17,Long,2023-01-17 09:45:00-05:00,11587.511363636364,2023-01-17 10:00:00-05:00,11627.511363636364,78.0,5393.041666666668,5457.541666666668,-64.5,20.345038639449474,17.443553164027193,20.953118759856203,3.5095655958290095,SKIP_LOW_ADX,78.0,2023
2023-01-18,Long,2023-01-18 09:45:00-05:00,11689.785714285714,2023-01-18 10:00:00-05:00,11729.785714285714,78.0,5471.041666666668,5471.041666666668,0.0,14.586680462121121,18.982681287741848,26.487462980731596,7.504781692989749,SKIP_LOW_ADX,78.0,2023
2023-01-19,Short,2023-01-19 09:45:00-05:00,11387.25,2023-01-19 10:46:00-05:00,11347.25,78.0,5549.041666666668,5549.041666666668,0.0,25.25123414627495,15.573862386897305,29.38325984936454,13.809397462467233,SKIP_LOW_ADX,78.0,2023
2023-01-20,Short,2023-01-20 09:45:00-05:00,11432.333333333334,2023-01-20 09:52:00-05:00,11472.333333333334,-82.0,5467.041666666668,5549.041666666668,-82.0,22.073071990416786,23.400255937851593,14.645474622484508,8.754781315367085,SKIP_LOW_ADX,-82.0,2023
2023-01-23,Long,2023-01-23 09:45:00-05:00,11737.5,2023-01-23 09:47:00-05:00,11777.5,78.0,5545.041666666668,5549.041666666668,-4.0,29.29035751929611,23.946122853999608,9.524352333321733,14.421770520677875,SKIP_LOW_ADX,78.0,2023
2023-01-24,Short,2023-01-24 09:45:00-05:00,11885.833333333334,2023-01-24 09:51:00-05:00,11925.833333333334,-82.0,5463.041666666668,5549.041666666668,-86.0,15.665175861410045,24.15841956762457,13.405643815314939,10.752775752309631,SKIP_LOW_ADX,-82.0,2023
2023-01-25,Short,2023-01-25 09:45:00-05:00,11685.5,2023-01-25 09:56:00-05:00,11645.5,78.0,5541.041666666668,5549.041666666668,-8.0,28.569044540167297,16.804425854349738,27.431303074263646,10.626877219913908,SKIP_LOW_ADX,78.0,2023
2023-01-26,Long,2023-01-26 09:45:00-05:00,12013.5,2023-01-26 09:50:00-05:00,11973.5,-82.0,5459.041666666668,5549.041666666668,-90.0,22.48212951840993,19.033952186359155,28.4780416103807,9.444089424021545,SKIP_LOW_ADX,-82.0,2023
2023-01-27,Long,2023-01-27 09:45:00-05:00,12094.25,2023-01-27 09:48:00-05:00,12134.25,78.0,5537.041666666668,5549.041666666668,-12.0,47.64545032269811,29.174347047922694,5.07833642102735,24.096010626895342,TAKE,,2023
2023-01-30,Long,2023-01-30 09:45:00-05:00,12086.5,2023-01-30 09:48:00-05:00,12126.5,78.0,5615.041666666668,5615.041666666668,0.0,13.90652625457531,20.901413698909188,21.047747475788587,0.14633377687939841,SKIP_LOW_ADX,78.0,2023
2023-01-31,Long,2023-01-31 09:45:00-05:00,12006.0,2023-01-31 09:49:00-05:00,12046.0,78.0,5693.041666666668,5693.041666666668,0.0,19.012404755461272,19.00456282941641,15.6249922762618,3.379570553154611,SKIP_LOW_ADX,78.0,2023
2023-02-01,Long,2023-02-01 09:45:00-05:00,12114.0,2023-02-01 09:55:00-05:00,12154.0,78.0,5771.041666666668,5771.041666666668,0.0,17.366633969482123,11.864626158647843,19.92065149516642,8.056025336518578,SKIP_LOW_ADX,78.0,2023
2023-02-02,Short,2023-02-02 09:45:00-05:00,12708.75,2023-02-02 10:00:00-05:00,12668.75,78.0,5849.041666666668,5849.041666666668,0.0,42.070008886941956,25.577614676669914,12.443461464881397,13.134153211788517,SKIP_DIR_SHORT,78.0,2023
2023-02-03,Short,2023-02-03 09:45:00-05:00,12680.75,2023-02-03 09:47:00-05:00,12720.75,-82.0,5767.041666666668,5849.041666666668,-82.0,33.44633158750427,27.205481879142972,9.27955873967707,17.9259231394659,SKIP_DIR_SHORT,-82.0,2023
2023-02-06,Long,2023-02-06 09:45:00-05:00,12534.0,2023-02-06 10:01:00-05:00,12574.0,78.0,5845.041666666668,5849.041666666668,-4.0,25.47597953868757,21.44585038192926,19.011367495986075,2.4344828859431864,SKIP_LOW_ADX,78.0,2023
2023-02-07,Long,2023-02-07 09:45:00-05:00,12532.25,2023-02-07 09:59:00-05:00,12492.25,-82.0,5763.041666666668,5849.041666666668,-86.0,16.000037536807714,24.253854600956252,16.061402156648445,8.192452444307808,SKIP_LOW_ADX,-82.0,2023
2023-02-08,Short,2023-02-08 09:45:00-05:00,12739.05,2023-02-08 09:50:00-05:00,12699.05,78.0,5841.041666666668,5849.041666666668,-8.0,17.720578164793046,22.901638453999997,10.604863471806057,12.29677498219394,SKIP_LOW_ADX,78.0,2023
2023-02-09,Long,2023-02-09 09:45:00-05:00,12652.625,2023-02-09 09:51:00-05:00,12692.625,78.0,5919.041666666668,5919.041666666668,0.0,30.539242596984497,12.236602053579139,27.845500022436138,15.608897968856999,SKIP_DIR_LONG,78.0,2023
2023-02-10,Long,2023-02-10 09:45:00-05:00,12358.75,2023-02-10 10:00:00-05:00,12318.75,-82.0,5837.041666666668,5919.041666666668,-82.0,25.762439970918276,15.38864491400881,22.8533148178254,7.46466990381659,SKIP_LOW_ADX,-82.0,2023
2023-02-13,Long,2023-02-13 09:45:00-05:00,12413.0,2023-02-13 09:58:00-05:00,12453.0,78.0,5915.041666666668,5919.041666666668,-4.0,22.4957806231146,24.53464946993862,16.99309639518764,7.541553074750983,SKIP_LOW_ADX,78.0,2023
2023-02-14,Long,2023-02-14 09:45:00-05:00,12500.25,2023-02-14 09:46:00-05:00,12540.25,78.0,5993.041666666668,5993.041666666668,0.0,25.78142754698658,19.74534618209505,18.754096641953765,0.9912495401412862,SKIP_LOW_ADX,78.0,2023
2023-02-15,Long,2023-02-15 09:45:00-05:00,12596.75,2023-02-15 09:53:00-05:00,12556.75,-82.0,5911.041666666668,5993.041666666668,-82.0,21.817634458067452,20.221144118960378,14.407507316573087,5.8136368023872915,SKIP_LOW_ADX,-82.0,2023
2023-02-16,Long,2023-02-16 09:45:00-05:00,12547.75,2023-02-16 09:53:00-05:00,12587.75,78.0,5989.041666666668,5993.041666666668,-4.0,21.25374723111865,24.11456189721074,23.711354332643385,0.4032075645673565,SKIP_LOW_ADX,78.0,2023
2023-02-17,Short,2023-02-17 09:45:00-05:00,12350.25,2023-02-17 09:53:00-05:00,12310.25,78.0,6067.041666666668,6067.041666666668,0.0,21.748414028058924,16.4611590593987,32.48554291170811,16.02438385230941,SKIP_LOW_ADX,78.0,2023
2023-02-22,Long,2023-02-22 09:45:00-05:00,12153.5,2023-02-22 10:00:00-05:00,12113.5,-82.0,5985.041666666668,6067.041666666668,-82.0,14.2498071812206,15.958839203507598,13.511706520572863,2.4471326829347344,SKIP_LOW_ADX,-82.0,2023
2023-02-23,Long,2023-02-23 09:45:00-05:00,12220.45,2023-02-23 10:07:00-05:00,12180.45,-82.0,5903.041666666668,6067.041666666668,-164.0,28.881354108198675,13.533690548701516,19.106784438609953,5.573093889908437,SKIP_LOW_ADX,-82.0,2023
2023-02-24,Short,2023-02-24 09:45:00-05:00,11984.75,2023-02-24 10:08:00-05:00,11944.75,78.0,5981.041666666668,6067.041666666668,-86.0,21.145788845513003,14.05985776742751,22.407740437568584,8.347882670141075,SKIP_LOW_ADX,78.0,2023
2023-02-27,Short,2023-02-27 09:45:00-05:00,12117.25,2023-02-27 10:03:00-05:00,12157.25,-82.0,5899.041666666668,6067.041666666668,-168.0,13.552715104261768,16.108247813245804,16.933187552094388,0.8249397388485846,SKIP_LOW_ADX,-82.0,2023
2023-02-28,Long,2023-02-28 09:45:00-05:00,12087.75,2023-02-28 10:52:00-05:00,12047.75,-82.0,5817.041666666668,6067.041666666668,-250.0,31.6412338014976,26.908423601910865,17.927735207321987,8.980688394588878,TAKE,,2023
2023-03-01,Long,2023-03-01 09:45:00-05:00,12038.475,2023-03-01 09:50:00-05:00,12078.475,78.0,5895.041666666668,6067.041666666668,-172.0,23.663737928555314,15.448892969912677,22.064917809590266,6.616024839677589,SKIP_LOW_ADX,78.0,2023
2023-03-03,Long,2023-03-03 09:45:00-05:00,12143.583333333334,2023-03-03 09:53:00-05:00,12183.583333333334,78.0,5973.041666666668,6067.041666666668,-94.0,22.981885901559146,18.023724289412637,13.569815874946654,4.4539084144659835,SKIP_LOW_ADX,78.0,2023
2023-03-06,Short,2023-03-06 09:45:00-05:00,12385.5,2023-03-06 10:18:00-05:00,12425.5,-82.0,5891.041666666668,6067.041666666668,-176.0,17.191748181485835,24.22174366038654,17.354269579193854,6.867474081192686,SKIP_LOW_ADX,-82.0,2023
2023-03-07,Long,2023-03-07 09:45:00-05:00,12352.9375,2023-03-07 10:00:00-05:00,12312.9375,-82.0,5809.041666666668,6067.041666666668,-258.0,23.49035333019142,19.27105115590991,14.266147577173516,5.004903578736393,SKIP_LOW_ADX,-82.0,2023
2023-03-08,Long,2023-03-08 09:45:00-05:00,12171.96875,2023-03-08 10:00:00-05:00,12131.96875,-82.0,5727.041666666668,6067.041666666668,-340.0,14.381088663841952,15.598372404286064,25.040370514976832,9.441998110690768,SKIP_LOW_ADX,-82.0,2023
2023-03-09,Long,2023-03-09 09:45:00-05:00,12278.0,2023-03-09 09:47:00-05:00,12318.0,78.0,5805.041666666668,6067.041666666668,-262.0,23.39215899226919,26.799621709425303,17.68651023274679,9.113111476678512,SKIP_LOW_ADX,78.0,2023
2023-03-10,Short,2023-03-10 09:45:00-05:00,11903.0,2023-03-10 10:00:00-05:00,11943.0,-82.0,5723.041666666668,6067.041666666668,-344.0,44.0839329893541,8.229561722175555,35.23686765842835,27.0073059362528,TAKE,,2023
2023-03-13,Long,2023-03-13 09:45:00-04:00,11842.416666666666,2023-03-13 09:47:00-04:00,11882.416666666666,78.0,5801.041666666668,6067.041666666668,-266.0,19.736188995515125,15.122252920482836,27.485604188819494,12.363351268336658,SKIP_LOW_ADX,78.0,2023
2023-03-14,Long,2023-03-14 09:45:00-04:00,12267.75,2023-03-14 10:29:00-04:00,12307.75,78.0,5879.041666666668,6067.041666666668,-188.0,32.89012251878361,26.354606874766294,10.01259854679177,16.342008327974526,TAKE,,2023
2023-03-15,Short,2023-03-15 09:45:00-04:00,12257.125,2023-03-15 09:51:00-04:00,12217.125,78.0,5957.041666666668,6067.041666666668,-110.0,35.29987329716407,25.564135077153054,12.87469676729742,12.689438309855634,SKIP_DIR_SHORT,78.0,2023
2023-03-16,Long,2023-03-16 09:45:00-04:00,12370.0,2023-03-16 09:57:00-04:00,12410.0,78.0,6035.041666666668,6067.041666666668,-32.0,23.26157531770295,23.29569718633127,13.746230294024533,9.549466892306738,SKIP_LOW_ADX,78.0,2023
2023-03-17,Short,2023-03-17 09:45:00-04:00,12724.25,2023-03-17 10:00:00-04:00,12764.25,-82.0,5953.041666666668,6067.041666666668,-114.0,17.145484932732433,27.162766545410328,27.34051290971839,0.17774636430806368,SKIP_LOW_ADX,-82.0,2023
2023-03-20,Short,2023-03-20 09:45:00-04:00,12560.9,2023-03-20 10:02:00-04:00,12600.9,-82.0,5871.041666666668,6067.041666666668,-196.0,38.951829450986736,13.986103178422038,32.72603742047839,18.739934242056353,TAKE,,2023
2023-03-22,Long,2023-03-22 09:45:00-04:00,12867.75,2023-03-22 10:27:00-04:00,12907.75,78.0,5949.041666666668,6067.041666666668,-118.0,23.810897370498143,12.373210993085126,18.9559317116131,6.582720718527975,SKIP_LOW_ADX,78.0,2023
2023-03-23,Long,2023-03-23 09:45:00-04:00,12874.75,2023-03-23 10:01:00-04:00,12914.75,78.0,6027.041666666668,6067.041666666668,-40.0,39.8685462852447,31.440976142425352,11.33584284195373,20.10513330047162,TAKE,,2023
2023-03-24,Long,2023-03-24 09:45:00-04:00,12777.75,2023-03-24 09:47:00-04:00,12737.75,-82.0,5945.041666666668,6067.041666666668,-122.0,16.947944054172037,19.811762914750346,22.13094372667294,2.3191808119225925,SKIP_LOW_ADX,-82.0,2023
2023-03-28,Long,2023-03-28 09:45:00-04:00,12696.75,2023-03-28 10:33:00-04:00,12656.75,-82.0,5863.041666666668,6067.041666666668,-204.0,42.6876395413987,9.352304280690232,32.597557916840834,23.2452536361506,SKIP_DIR_LONG,-82.0,2023
2023-03-31,Long,2023-03-31 09:45:00-04:00,13133.0,2023-03-31 10:35:00-04:00,13173.0,78.0,5941.041666666668,6067.041666666668,-126.0,22.460864870007953,25.149603085034116,16.49159701538663,8.658006069647485,SKIP_LOW_ADX,78.0,2023
2023-04-04,Short,2023-04-04 09:45:00-04:00,13238.75,2023-04-04 09:53:00-04:00,13278.75,-82.0,5859.041666666668,6067.041666666668,-208.0,43.67398520469093,6.678883626364542,34.40834527673229,27.72946165036775,TAKE,,2023
2023-04-06,Long,2023-04-06 09:45:00-04:00,12975.75,2023-04-06 10:02:00-04:00,13015.75,78.0,5937.041666666668,6067.041666666668,-130.0,38.1575115933373,12.261224566330887,22.132316452368734,9.871091886037847,SKIP_DIR_LONG,78.0,2023
2023-04-10,Short,2023-04-10 09:45:00-04:00,13008.0,2023-04-10 09:52:00-04:00,12968.0,78.0,6015.041666666668,6067.041666666668,-52.0,44.52591262254541,13.573904119321384,31.328977370427186,17.755073251105802,TAKE,,2023
2023-04-11,Long,2023-04-11 09:45:00-04:00,13115.25,2023-04-11 10:17:00-04:00,13075.25,-82.0,5933.041666666668,6067.041666666668,-134.0,26.511516529711898,16.8529534358128,32.0643229944542,15.211369558641401,SKIP_LOW_ADX,-82.0,2023
2023-04-12,Short,2023-04-12 09:45:00-04:00,13093.0,2023-04-12 09:46:00-04:00,13053.0,78.0,6011.041666666668,6067.041666666668,-56.0,39.510248534626335,7.010640652979219,36.32670737251078,29.316066719531563,TAKE,,2023
2023-04-13,Long,2023-04-13 09:45:00-04:00,13056.5,2023-04-13 10:07:00-04:00,13096.5,78.0,6089.041666666668,6089.041666666668,0.0,37.55944773934742,23.88055438734079,12.429313420224332,11.451240967116458,TAKE,,2023
2023-04-14,Long,2023-04-14 09:45:00-04:00,13211.5,2023-04-14 10:04:00-04:00,13251.5,78.0,6167.041666666668,6167.041666666668,0.0,38.74549665496373,38.561160341778276,7.463696598369459,31.097463743408817,TAKE,,2023
2023-04-17,Short,2023-04-17 09:45:00-04:00,13172.25,2023-04-17 10:38:00-04:00,13132.25,78.0,6245.041666666668,6245.041666666668,0.0,19.375323597478026,14.950411513465673,27.803731682216533,12.85332016875086,SKIP_LOW_ADX,78.0,2023
2023-04-19,Long,2023-04-19 09:45:00-04:00,13111.25,2023-04-19 11:01:00-04:00,13151.25,78.0,6323.041666666668,6323.041666666668,0.0,30.838877658830068,25.51047163876306,13.374785618986547,12.135686019776514,TAKE,,2023
2023-04-20,Long,2023-04-20 09:45:00-04:00,13109.75,2023-04-20 10:11:00-04:00,13149.75,78.0,6401.041666666668,6401.041666666668,0.0,32.34605781238492,34.66990346405097,9.067928142909151,25.601975321141815,TAKE,,2023
2023-04-21,Long,2023-04-21 09:45:00-04:00,13063.25,2023-04-21 09:51:00-04:00,13023.25,-82.0,6319.041666666668,6401.041666666668,-82.0,19.131352599477328,17.853959246262548,20.739844718574272,2.885885472311724,SKIP_LOW_ADX,-82.0,2023
2023-04-24,Long,2023-04-24 09:45:00-04:00,13125.0,2023-04-24 10:03:00-04:00,13085.0,-82.0,6237.041666666668,6401.041666666668,-164.0,34.876669627188896,31.291339710313725,13.394042434745817,17.897297275567908,TAKE,,2023
2023-04-25,Long,2023-04-25 09:45:00-04:00,13012.75,2023-04-25 09:46:00-04:00,12972.75,-82.0,6155.041666666668,6401.041666666668,-246.0,16.047407967896685,21.395810616889896,13.772319330125802,7.623491286764095,SKIP_LOW_ADX,-82.0,2023
2023-04-26,Short,2023-04-26 09:45:00-04:00,12911.0,2023-04-26 09:52:00-04:00,12951.0,-82.0,6073.041666666668,6401.041666666668,-328.0,23.875702678072884,10.976254533328218,22.08171865855772,11.105464125229501,SKIP_LOW_ADX,-82.0,2023
2023-04-27,Short,2023-04-27 09:45:00-04:00,13026.5,2023-04-27 10:14:00-04:00,13066.5,-82.0,5991.041666666668,6401.041666666668,-410.0,15.436198253788202,17.594938160001647,24.359355213489764,6.764417053488117,SKIP_LOW_ADX,-82.0,2023
2023-04-28,Short,2023-04-28 09:45:00-04:00,13187.0,2023-04-28 10:05:00-04:00,13227.0,-82.0,5909.041666666668,6401.041666666668,-492.0,15.418551127019278,13.664687932219785,22.186488252246914,8.521800320027129,SKIP_LOW_ADX,-82.0,2023
2023-05-02,Long,2023-05-02 09:45:00-04:00,13286.25,2023-05-02 10:11:00-04:00,13246.25,-82.0,5827.041666666668,6401.041666666668,-574.0,21.0360947396492,18.131693560634744,27.33647978033749,9.204786219702747,SKIP_LOW_ADX,-82.0,2023
2023-05-03,Long,2023-05-03 09:45:00-04:00,13217.75,2023-05-03 11:30:00-04:00,13177.75,-82.0,5745.041666666668,6401.041666666668,-656.0,16.690434198862867,19.766492406399443,10.636556025708723,9.12993638069072,SKIP_LOW_ADX,-82.0,2023
2023-05-04,Short,2023-05-04 09:45:00-04:00,13038.25,2023-05-04 11:08:00-04:00,13078.25,-82.0,5663.041666666668,6401.041666666668,-738.0,24.121228027752668,10.638095963189128,26.792565966044155,16.154470002855028,SKIP_LOW_ADX,-82.0,2023
2023-05-05,Long,2023-05-05 09:45:00-04:00,13165.0,2023-05-05 10:05:00-04:00,13205.0,78.0,5741.041666666668,6401.041666666668,-660.0,25.808047975098514,22.275825165917524,11.67131031404752,10.604514851870004,SKIP_LOW_ADX,78.0,2023
2023-05-08,Short,2023-05-08 09:45:00-04:00,13276.5,2023-05-08 11:30:00-04:00,13285.0,-19.0,5722.041666666668,6401.041666666668,-679.0,16.540175235930707,16.06481411423374,26.05831285966908,9.993498745435339,SKIP_LOW_ADX,-19.0,2023
2023-05-09,Long,2023-05-09 09:45:00-04:00,13288.0,2023-05-09 11:30:00-04:00,13271.75,-34.5,5687.541666666668,6401.041666666668,-713.5,21.388108028592704,17.757327003523045,11.353885511086379,6.4034414924366665,SKIP_LOW_ADX,-34.5,2023
2023-05-10,Long,2023-05-10 09:45:00-04:00,13358.0,2023-05-10 10:01:00-04:00,13398.0,78.0,5765.541666666668,6401.041666666668,-635.5,30.78246239119189,21.022579385801855,32.97574741885643,11.953168033054574,SKIP_DIR_LONG,78.0,2023
2023-05-11,Short,2023-05-11 09:45:00-04:00,13405.75,2023-05-11 10:42:00-04:00,13365.75,78.0,5843.541666666668,6401.041666666668,-557.5,20.754415637860788,21.782076814029807,19.679826635953983,2.102250178075824,SKIP_LOW_ADX,78.0,2023
2023-05-16,Long,2023-05-16 09:45:00-04:00,13500.25,2023-05-16 10:11:00-04:00,13460.25,-82.0,5761.541666666668,6401.041666666668,-639.5,48.39321800775706,41.14049386895527,6.61737269091385,34.52312117804142,TAKE,,2023
2023-05-24,Short,2023-05-24 09:45:00-04:00,13655.25,2023-05-24 10:04:00-04:00,13615.25,78.0,5839.541666666668,6401.041666666668,-561.5,27.25265339013002,25.312622803507754,21.31907527033305,3.993547533174702,SKIP_LOW_ADX,78.0,2023
2023-05-25,Short,2023-05-25 09:45:00-04:00,13897.25,2023-05-25 09:50:00-04:00,13857.25,78.0,5917.541666666668,6401.041666666668,-483.5,43.45380848922284,15.876580174061417,28.29080478274178,12.414224608680364,TAKE,,2023
2023-06-09,Long,2023-06-09 09:45:00-04:00,14620.25,2023-06-09 09:53:00-04:00,14660.25,78.0,5995.541666666668,6401.041666666668,-405.5,53.53584867575887,29.74660158250283,6.236539377327503,23.510062205175327,TAKE,,2023
2023-06-23,Short,2023-06-23 09:45:00-04:00,15030.75,2023-06-23 09:46:00-04:00,14990.75,78.0,6073.541666666668,6401.041666666668,-327.5,28.561540896198068,13.214546833265647,23.63869218160015,10.424145348334502,SKIP_LOW_ADX,78.0,2023
2023-06-26,Long,2023-06-26 09:45:00-04:00,15085.0,2023-06-26 09:54:00-04:00,15125.0,78.0,6151.541666666668,6401.041666666668,-249.5,21.456359960765585,24.41404710767665,15.04605113626875,9.367995971407902,SKIP_LOW_ADX,78.0,2023
2023-06-28,Short,2023-06-28 09:45:00-04:00,15064.25,2023-06-28 09:57:00-04:00,15104.25,-82.0,6069.541666666668,6401.041666666668,-331.5,38.49558564155015,22.534415181886725,17.368324360483474,5.166090821403252,SKIP_LOW_DI,-82.0,2023
2023-06-29,Short,2023-06-29 09:45:00-04:00,15087.5,2023-06-29 09:50:00-04:00,15127.5,-82.0,5987.541666666668,6401.041666666668,-413.5,18.64731825817899,13.74722269180039,27.13912075453459,13.391898062734201,SKIP_LOW_ADX,-82.0,2023
2023-07-05,Long,2023-07-05 09:45:00-04:00,15380.75,2023-07-05 10:27:00-04:00,15420.75,78.0,6065.541666666668,6401.041666666668,-335.5,53.03356818381465,39.85094366346174,6.909259974296161,32.94168368916558,TAKE,,2023
2023-07-07,Long,2023-07-07 09:45:00-04:00,15226.5,2023-07-07 09:52:00-04:00,15266.5,78.0,6143.541666666668,6401.041666666668,-257.5,9.460867424509631,16.961974731771924,18.26223295589444,1.3002582241225156,SKIP_LOW_ADX,78.0,2023
2023-07-10,Short,2023-07-10 09:45:00-04:00,15167.5,2023-07-10 09:50:00-04:00,15127.5,78.0,6221.541666666668,6401.041666666668,-179.5,25.421725407516572,17.608998643387217,29.79880562752425,12.189806984137032,SKIP_LOW_ADX,78.0,2023
2023-07-11,Short,2023-07-11 09:45:00-04:00,15166.75,2023-07-11 10:05:00-04:00,15126.75,78.0,6299.541666666668,6401.041666666668,-101.5,32.80449306072265,15.647636986954149,35.91739726058203,20.26976027362788,TAKE,,2023
2023-07-25,Long,2023-07-25 09:45:00-04:00,15624.5,2023-07-25 09:57:00-04:00,15664.5,78.0,6377.541666666668,6401.041666666668,-23.5,32.07281415750221,22.898209281941455,16.49640630754117,6.401802974400283,SKIP_LOW_DI,78.0,2023
2023-07-26,Short,2023-07-26 09:45:00-04:00,15601.75,2023-07-26 10:55:00-04:00,15561.75,78.0,6455.541666666668,6455.541666666668,0.0,20.893456338419252,20.240389613057374,15.889915907015315,4.3504737060420595,SKIP_LOW_ADX,78.0,2023
2023-07-28,Long,2023-07-28 09:45:00-04:00,15774.25,2023-07-28 09:51:00-04:00,15814.25,78.0,6533.541666666668,6533.541666666668,0.0,22.847998635825114,24.561005152874056,16.34498372858837,8.216021424285685,SKIP_LOW_ADX,78.0,2023
2023-07-31,Long,2023-07-31 09:45:00-04:00,15894.25,2023-07-31 09:53:00-04:00,15854.25,-82.0,6451.541666666668,6533.541666666668,-82.0,22.560358304486062,20.53827394085746,13.09270636842367,7.4455675724337915,SKIP_LOW_ADX,-82.0,2023
2023-08-02,Long,2023-08-02 09:45:00-04:00,15617.75,2023-08-02 10:06:00-04:00,15577.75,-82.0,6369.541666666668,6533.541666666668,-164.0,32.88438991606242,18.70848631112101,23.720796741589357,5.012310430468347,SKIP_LOW_DI,-82.0,2023
2023-08-03,Long,2023-08-03 09:45:00-04:00,15396.0,2023-08-03 09:47:00-04:00,15436.0,78.0,6447.541666666668,6533.541666666668,-86.0,23.73177533792604,19.574235080515578,12.522824972296883,7.051410108218695,SKIP_LOW_ADX,78.0,2023
2023-08-07,Short,2023-08-07 09:45:00-04:00,15390.25,2023-08-07 09:53:00-04:00,15430.25,-82.0,6365.541666666668,6533.541666666668,-168.0,18.208243045595736,17.464274434337536,26.637602467857153,9.173328033519617,SKIP_LOW_ADX,-82.0,2023
2023-08-08,Short,2023-08-08 09:45:00-04:00,15330.5,2023-08-08 09:49:00-04:00,15290.5,78.0,6443.541666666668,6533.541666666668,-90.0,19.76199566247497,14.631929490225456,32.530798484852596,17.89886899462714,SKIP_LOW_ADX,78.0,2023
2023-08-09,Long,2023-08-09 09:45:00-04:00,15295.0,2023-08-09 10:42:00-04:00,15255.0,-82.0,6361.541666666668,6533.541666666668,-172.0,43.08510266526971,8.12770480249621,44.98548782718352,36.85778302468731,SKIP_DIR_LONG,-82.0,2023
2023-08-10,Long,2023-08-10 09:45:00-04:00,15323.0,2023-08-10 09:46:00-04:00,15363.0,78.0,6439.541666666668,6533.541666666668,-94.0,15.203817370937506,18.06544867921571,22.223340588337326,4.157891909121616,SKIP_LOW_ADX,78.0,2023
2023-08-11,Short,2023-08-11 09:45:00-04:00,15070.25,2023-08-11 10:02:00-04:00,15110.25,-82.0,6357.541666666668,6533.541666666668,-176.0,26.461096419249525,16.83787734935349,26.270833841600417,9.432956492246927,SKIP_LOW_ADX,-82.0,2023
2023-08-14,Long,2023-08-14 09:45:00-04:00,15098.75,2023-08-14 10:08:00-04:00,15138.75,78.0,6435.541666666668,6533.541666666668,-98.0,25.211555095462153,23.946277115365184,16.99175766298526,6.954519452379923,SKIP_LOW_ADX,78.0,2023
2023-08-15,Short,2023-08-15 09:45:00-04:00,15208.0,2023-08-15 10:00:00-04:00,15168.0,78.0,6513.541666666668,6533.541666666668,-20.0,27.827335961639413,17.011479795419678,22.89820636534323,5.886726569923553,SKIP_LOW_ADX,78.0,2023
2023-08-16,Short,2023-08-16 09:45:00-04:00,15095.25,2023-08-16 10:18:00-04:00,15135.25,-82.0,6431.541666666668,6533.541666666668,-102.0,20.57374717063823,25.521333889911546,14.177430899243571,11.343902990667974,SKIP_LOW_ADX,-82.0,2023
2023-08-17,Short,2023-08-17 09:45:00-04:00,14944.5,2023-08-17 10:06:00-04:00,14904.5,78.0,6509.541666666668,6533.541666666668,-24.0,22.55780527040357,14.990670047716767,29.837243915175893,14.846573867459126,SKIP_LOW_ADX,78.0,2023
2023-08-18,Long,2023-08-18 09:45:00-04:00,14664.25,2023-08-18 10:03:00-04:00,14624.25,-82.0,6427.541666666668,6533.541666666668,-106.0,13.9499862631063,20.339612578254492,20.607560735991765,0.26794815773727265,SKIP_LOW_ADX,-82.0,2023
2023-08-22,Short,2023-08-22 09:45:00-04:00,15043.75,2023-08-22 09:55:00-04:00,15003.75,78.0,6505.541666666668,6533.541666666668,-28.0,30.424450763031302,16.78198365953891,31.41453653118787,14.632552871648961,TAKE,,2023
2023-08-23,Long,2023-08-23 09:45:00-04:00,15027.75,2023-08-23 09:48:00-04:00,15067.75,78.0,6583.541666666668,6583.541666666668,0.0,23.975897384679456,15.575597944524095,9.467106132131027,6.108491812393067,SKIP_LOW_ADX,78.0,2023
2023-08-24,Short,2023-08-24 09:45:00-04:00,15217.75,2023-08-24 10:08:00-04:00,15177.75,78.0,6661.541666666668,6661.541666666668,0.0,56.52991998819475,4.265903104014861,37.3739428162356,33.10803971222074,TAKE,,2023
2023-08-28,Short,2023-08-28 09:45:00-04:00,15066.5,2023-08-28 09:51:00-04:00,15026.5,78.0,6739.541666666668,6739.541666666668,0.0,21.060270308011486,19.590058262456292,27.144826369220667,7.554768106764374,SKIP_LOW_ADX,78.0,2023
2023-08-29,Long,2023-08-29 09:45:00-04:00,15127.75,2023-08-29 09:50:00-04:00,15167.75,78.0,6817.541666666668,6817.541666666668,0.0,20.383138600964717,34.89565665791753,17.233268909130935,17.662387748786593,SKIP_LOW_ADX,78.0,2023
2023-08-30,Long,2023-08-30 09:45:00-04:00,15411.75,2023-08-30 09:54:00-04:00,15451.75,78.0,6895.541666666668,6895.541666666668,0.0,14.63138178325251,21.382601866002165,15.848145825511939,5.534456040490227,SKIP_LOW_ADX,78.0,2023
2023-09-01,Short,2023-09-01 09:45:00-04:00,15553.75,2023-09-01 09:48:00-04:00,15513.75,78.0,6973.541666666668,6973.541666666668,0.0,24.89080538712749,19.96902207012991,30.13381883086795,10.164796760738039,SKIP_LOW_ADX,78.0,2023
2023-09-05,Long,2023-09-05 09:45:00-04:00,15475.375,2023-09-05 10:25:00-04:00,15515.375,78.0,7051.541666666668,7051.541666666668,0.0,17.285821862648966,17.46807547651089,23.87823353730536,6.410158060794469,SKIP_LOW_ADX,78.0,2023
2023-09-06,Long,2023-09-06 09:45:00-04:00,15496.75,2023-09-06 10:00:00-04:00,15456.75,-82.0,6969.541666666668,7051.541666666668,-82.0,21.760477662306766,20.62368986059499,15.8237375066298,4.799952353965189,SKIP_LOW_ADX,-82.0,2023
2023-09-07,Short,2023-09-07 09:45:00-04:00,15227.0,2023-09-07 09:53:00-04:00,15187.0,78.0,7047.541666666668,7051.541666666668,-4.0,22.950158606805456,25.93269110116024,16.82539489217518,9.107296208985062,SKIP_LOW_ADX,78.0,2023
2023-09-08,Long,2023-09-08 09:45:00-04:00,15352.5,2023-09-08 10:58:00-04:00,15312.5,-82.0,6965.541666666668,7051.541666666668,-86.0,41.464271363403995,33.323228009202396,8.9557623572694,24.367465651932996,TAKE,,2023
2023-09-11,Short,2023-09-11 09:45:00-04:00,15577.0,2023-09-11 10:17:00-04:00,15537.0,78.0,7043.541666666668,7051.541666666668,-8.0,32.13049473175565,11.486773672798329,25.722131808782787,14.235358135984459,TAKE,,2023
2023-09-12,Short,2023-09-12 09:45:00-04:00,15630.0,2023-09-12 10:26:00-04:00,15590.0,78.0,7121.541666666668,7121.541666666668,0.0,21.743706980188005,21.975534159623443,18.237578256373368,3.737955903250075,SKIP_LOW_ADX,78.0,2023
2023-09-13,Short,2023-09-13 09:45:00-04:00,15552.416666666666,2023-09-13 09:53:00-04:00,15512.416666666666,78.0,7199.541666666668,7199.541666666668,0.0,23.571368113888372,23.49164934800174,20.777964554080256,2.713684793921484,SKIP_LOW_ADX,78.0,2023
2023-09-14,Long,2023-09-14 09:45:00-04:00,15610.0,2023-09-14 09:51:00-04:00,15570.0,-82.0,7117.541666666668,7199.541666666668,-82.0,20.58301019105389,11.755546671143179,20.5882371998387,8.832690528695522,SKIP_LOW_ADX,-82.0,2023
2023-09-15,Short,2023-09-15 09:45:00-04:00,15536.25,2023-09-15 09:57:00-04:00,15496.25,78.0,7195.541666666668,7199.541666666668,-4.0,45.06154616155453,6.696845449174471,39.68146782735905,32.98462237818458,TAKE,,2023
2023-09-18,Short,2023-09-18 09:45:00-04:00,15396.25,2023-09-18 10:12:00-04:00,15436.25,-82.0,7113.541666666668,7199.541666666668,-86.0,30.978419419072797,25.800853693884946,20.35809197058549,5.442761723299455,SKIP_LOW_DI,-82.0,2023
2023-09-19,Long,2023-09-19 09:45:00-04:00,15351.25,2023-09-19 09:56:00-04:00,15311.25,-82.0,7031.541666666668,7199.541666666668,-168.0,31.208143883952143,17.065386585471682,18.283477177670253,1.2180905921985712,SKIP_LOW_DI,-82.0,2023
2023-09-20,Long,2023-09-20 09:45:00-04:00,15417.25,2023-09-20 10:14:00-04:00,15377.25,-82.0,6949.541666666668,7199.541666666668,-250.0,28.564715901801545,21.055423022666847,21.515637079901406,0.460214057234559,SKIP_LOW_ADX,-82.0,2023
2023-09-21,Short,2023-09-21 09:45:00-04:00,14982.0,2023-09-21 09:53:00-04:00,14942.0,78.0,7027.541666666668,7199.541666666668,-172.0,24.87563103986673,19.23235903541482,17.59933273379868,1.633026301616141,SKIP_LOW_ADX,78.0,2023
2023-09-22,Long,2023-09-22 09:45:00-04:00,14906.0,2023-09-22 09:48:00-04:00,14946.0,78.0,7105.541666666668,7199.541666666668,-94.0,37.008948151654295,10.778367975364006,22.35370206849995,11.575334093135943,SKIP_DIR_LONG,78.0,2023
2023-09-27,Long,2023-09-27 09:45:00-04:00,14791.75,2023-09-27 10:01:00-04:00,14751.75,-82.0,7023.541666666668,7199.541666666668,-176.0,21.723404427380203,26.87437516721357,10.837885577186578,16.036489590026996,SKIP_LOW_ADX,-82.0,2023
2023-09-28,Long,2023-09-28 09:45:00-04:00,14675.75,2023-09-28 09:52:00-04:00,14715.75,78.0,7101.541666666668,7199.541666666668,-98.0,21.777095500124275,13.38425769576934,23.93830718210774,10.554049486338398,SKIP_LOW_ADX,78.0,2023
2023-10-02,Short,2023-10-02 09:45:00-04:00,14942.416666666666,2023-10-02 10:03:00-04:00,14982.416666666666,-82.0,7019.541666666668,7199.541666666668,-180.0,39.00059821236387,38.36468230886075,8.631487860973975,29.733194447886774,SKIP_DIR_SHORT,-82.0,2023
2023-10-03,Long,2023-10-03 09:45:00-04:00,14908.25,2023-10-03 09:51:00-04:00,14948.25,78.0,7097.541666666668,7199.541666666668,-102.0,28.54547978572932,24.630323636734747,12.673351339935303,11.956972296799444,SKIP_LOW_ADX,78.0,2023
2023-10-04,Short,2023-10-04 09:45:00-04:00,14803.125,2023-10-04 10:02:00-04:00,14763.125,78.0,7175.541666666668,7199.541666666668,-24.0,29.372661580478184,27.80781006380862,19.89699729444408,7.91081276936454,SKIP_LOW_ADX,78.0,2023
2023-10-05,Short,2023-10-05 09:45:00-04:00,14872.0,2023-10-05 09:52:00-04:00,14832.0,78.0,7253.541666666668,7253.541666666668,0.0,22.258612209364127,12.639439855604055,24.893361076787237,12.253921221183182,SKIP_LOW_ADX,78.0,2023
2023-10-06,Long,2023-10-06 09:45:00-04:00,14749.625,2023-10-06 09:46:00-04:00,14789.625,78.0,7331.541666666668,7331.541666666668,0.0,16.632612144396674,19.84431208558912,20.962910050723057,1.1185979651339366,SKIP_LOW_ADX,78.0,2023
2023-10-09,Long,2023-10-09 09:45:00-04:00,15034.75,2023-10-09 10:04:00-04:00,14994.75,-82.0,7249.541666666668,7331.541666666668,-82.0,27.91832439767269,23.616898618317638,17.32330303012444,6.293595588193199,SKIP_LOW_ADX,-82.0,2023
2023-10-10,Short,2023-10-10 09:45:00-04:00,15207.25,2023-10-10 10:00:00-04:00,15247.25,-82.0,7167.541666666668,7331.541666666668,-164.0,12.298390736623343,18.319787201935902,14.735815102033198,3.583972099902704,SKIP_LOW_ADX,-82.0,2023
2023-10-11,Long,2023-10-11 09:45:00-04:00,15341.083333333334,2023-10-11 10:15:00-04:00,15301.083333333334,-82.0,7085.541666666668,7331.541666666668,-246.0,22.958770196915342,21.228211707082284,24.618644435114437,3.3904327280321525,SKIP_LOW_ADX,-82.0,2023
2023-10-12,Short,2023-10-12 09:45:00-04:00,15379.5,2023-10-12 10:06:00-04:00,15419.5,-82.0,7003.541666666668,7331.541666666668,-328.0,22.53359845407768,14.428624497598816,18.785849521961484,4.357225024362668,SKIP_LOW_ADX,-82.0,2023
2023-10-13,Short,2023-10-13 09:45:00-04:00,15328.0,2023-10-13 10:07:00-04:00,15288.0,78.0,7081.541666666668,7331.541666666668,-250.0,23.98289617338723,23.9433897537153,16.951483750025655,6.991906003689646,SKIP_LOW_ADX,78.0,2023
2023-10-16,Long,2023-10-16 09:45:00-04:00,15200.75,2023-10-16 10:06:00-04:00,15240.75,78.0,7159.541666666668,7331.541666666668,-172.0,40.16435210599666,24.574835355443263,23.80761718140904,0.7672181740342232,SKIP_LOW_DI,78.0,2023
2023-10-17,Short,2023-10-17 09:45:00-04:00,15108.75,2023-10-17 09:52:00-04:00,15068.75,78.0,7237.541666666668,7331.541666666668,-94.0,40.62496814372529,8.532073625713219,20.99254551577133,12.46047189005811,TAKE,,2023
2023-10-18,Long,2023-10-18 09:45:00-04:00,15135.75,2023-10-18 10:06:00-04:00,15175.75,78.0,7315.541666666668,7331.541666666668,-16.0,17.18282138292365,27.9233841626238,25.343483820176647,2.5799003424471536,SKIP_LOW_ADX,78.0,2023
2023-10-19,Long,2023-10-19 09:45:00-04:00,15037.8125,2023-10-19 10:10:00-04:00,15077.8125,78.0,7393.541666666668,7393.541666666668,0.0,33.77764068880615,8.314027742927845,31.924848941424788,23.610821198496943,SKIP_DIR_LONG,78.0,2023
2023-10-20,Short,2023-10-20 09:45:00-04:00,14859.5,2023-10-20 10:09:00-04:00,14819.5,78.0,7471.541666666668,7471.541666666668,0.0,23.068003971511423,24.214632963631246,15.20082416054854,9.013808803082705,SKIP_LOW_ADX,78.0,2023
2023-10-23,Short,2023-10-23 09:45:00-04:00,14523.5,2023-10-23 09:48:00-04:00,14563.5,-82.0,7389.541666666668,7471.541666666668,-82.0,30.095529855436098,9.728061715582928,32.4526442126187,22.724582497035772,TAKE,,2023
2023-10-24,Short,2023-10-24 09:45:00-04:00,14803.875,2023-10-24 09:50:00-04:00,14763.875,78.0,7467.541666666668,7471.541666666668,-4.0,30.41064775728828,22.589181293852015,15.206319956178055,7.38286133767396,SKIP_LOW_DI,78.0,2023
2023-10-25,Short,2023-10-25 09:45:00-04:00,14631.25,2023-10-25 10:39:00-04:00,14671.25,-82.0,7385.541666666668,7471.541666666668,-86.0,60.02536810017907,4.938980017512463,38.31464760240478,33.37566758489232,TAKE,,2023
2023-10-26,Long,2023-10-26 09:45:00-04:00,14414.25,2023-10-26 09:48:00-04:00,14374.25,-82.0,7303.541666666668,7471.541666666668,-168.0,19.02166807625533,19.612586271703147,20.12242796174546,0.5098416900423111,SKIP_LOW_ADX,-82.0,2023
2023-10-27,Long,2023-10-27 09:45:00-04:00,14342.5,2023-10-27 09:49:00-04:00,14302.5,-82.0,7221.541666666668,7471.541666666668,-250.0,16.17467346797672,21.77335912459382,12.226165680612707,9.547193443981113,SKIP_LOW_ADX,-82.0,2023
2023-10-30,Long,2023-10-30 09:45:00-04:00,14436.0,2023-10-30 09:51:00-04:00,14476.0,78.0,7299.541666666668,7471.541666666668,-172.0,34.57971062252289,30.287738014759093,7.350239578275607,22.937498436483487,TAKE,,2023
2023-10-31,Long,2023-10-31 09:45:00-04:00,14333.0,2023-10-31 10:10:00-04:00,14373.0,78.0,7377.541666666668,7471.541666666668,-94.0,41.42902714928672,8.465612060143407,28.347826508145545,19.882214448002138,SKIP_DIR_LONG,78.0,2023
2023-11-01,Short,2023-11-01 09:45:00-04:00,14560.3125,2023-11-01 10:22:00-04:00,14600.3125,-82.0,7295.541666666668,7471.541666666668,-176.0,42.48516928403137,24.885229229119243,5.2839960628161,19.601233166303142,SKIP_DIR_SHORT,-82.0,2023
2023-11-02,Short,2023-11-02 09:45:00-04:00,14935.25,2023-11-02 10:07:00-04:00,14895.25,78.0,7373.541666666668,7471.541666666668,-98.0,20.560018548320027,21.055765771741235,17.940978759101693,3.1147870126395425,SKIP_LOW_ADX,78.0,2023
2023-11-03,Long,2023-11-03 09:45:00-04:00,15094.25,2023-11-03 09:48:00-04:00,15134.25,78.0,7451.541666666668,7471.541666666668,-20.0,21.796756209289857,30.522046520918476,15.450345190923766,15.07170132999471,SKIP_LOW_ADX,78.0,2023
2023-11-06,Long,2023-11-06 09:45:00-05:00,15219.25,2023-11-06 11:30:00-05:00,15221.5,2.5,7454.041666666668,7471.541666666668,-17.5,17.686199379720673,25.567300109005515,27.871232604958873,2.303932495953358,SKIP_LOW_ADX,2.5,2023
2023-11-07,Short,2023-11-07 09:45:00-05:00,15264.75,2023-11-07 10:00:00-05:00,15304.75,-82.0,7372.041666666668,7471.541666666668,-99.5,28.089057406231017,25.14130151293632,17.377942985324506,7.763358527611814,SKIP_LOW_ADX,-82.0,2023
2023-11-08,Short,2023-11-08 09:45:00-05:00,15387.0,2023-11-08 10:21:00-05:00,15347.0,78.0,7450.041666666668,7471.541666666668,-21.5,16.374001220615582,20.33613831041676,20.775636314620662,0.4394980042039016,SKIP_LOW_ADX,78.0,2023
2023-11-09,Short,2023-11-09 09:45:00-05:00,15379.75,2023-11-09 09:59:00-05:00,15419.75,-82.0,7368.041666666668,7471.541666666668,-103.5,21.594183642287675,13.76814682829613,21.403175405886458,7.635028577590328,SKIP_LOW_ADX,-82.0,2023
2023-11-10,Long,2023-11-10 09:45:00-05:00,15380.25,2023-11-10 10:04:00-05:00,15340.25,-82.0,7286.041666666668,7471.541666666668,-185.5,34.12916527573067,34.948359051521855,10.26009714878282,24.688261902739036,TAKE,,2023
2023-11-13,Short,2023-11-13 09:45:00-05:00,15486.5,2023-11-13 10:28:00-05:00,15526.5,-82.0,7204.041666666668,7471.541666666668,-267.5,49.61295448791107,6.205951730814021,25.725325107469697,19.519373376655675,TAKE,,2023
2023-11-14,Long,2023-11-14 09:45:00-05:00,15853.25,2023-11-14 10:34:00-05:00,15893.25,78.0,7282.041666666668,7471.541666666668,-189.5,35.16651192251215,26.772206266485384,11.878987571331386,14.893218695153998,TAKE,,2023
2023-11-17,Short,2023-11-17 09:45:00-05:00,15840.5,2023-11-17 09:52:00-05:00,15880.5,-82.0,7200.041666666668,7471.541666666668,-271.5,43.38493490534923,9.018177254528618,21.562494620738036,12.544317366209418,TAKE,,2023
2023-11-20,Short,2023-11-20 09:45:00-05:00,15962.0,2023-11-20 10:06:00-05:00,16002.0,-82.0,7118.041666666668,7471.541666666668,-353.5,39.522020209818066,31.402444118511408,16.26807123842368,15.134372880087728,SKIP_DIR_SHORT,-82.0,2023
2023-11-27,Long,2023-11-27 09:45:00-05:00,16001.25,2023-11-27 10:09:00-05:00,16041.25,78.0,7196.041666666668,7471.541666666668,-275.5,23.44910757328726,30.639203676592054,19.326062667197856,11.313141009394197,SKIP_LOW_ADX,78.0,2023
2023-11-28,Long,2023-11-28 09:45:00-05:00,15978.15,2023-11-28 10:40:00-05:00,16018.15,78.0,7274.041666666668,7471.541666666668,-197.5,25.38960202686817,12.743836964263135,22.418673958508364,9.67483699424523,SKIP_LOW_ADX,78.0,2023
2023-11-30,Short,2023-11-30 09:45:00-05:00,15983.5,2023-11-30 10:02:00-05:00,15943.5,78.0,7352.041666666668,7471.541666666668,-119.5,49.456791365598136,11.733740708510645,38.616794069368055,26.88305336085741,TAKE,,2023
2023-12-01,Long,2023-12-01 09:45:00-05:00,15932.5,2023-12-01 10:17:00-05:00,15892.5,-82.0,7270.041666666668,7471.541666666668,-201.5,23.421331938178216,25.502277926364986,21.91913697753778,3.5831409488272072,SKIP_LOW_ADX,-82.0,2023
2023-12-04,Short,2023-12-04 09:45:00-05:00,15834.5,2023-12-04 10:22:00-05:00,15794.5,78.0,7348.041666666668,7471.541666666668,-123.5,34.83489445772103,12.483126774589966,25.918579080682836,13.43545230609287,TAKE,,2023
2023-12-05,Short,2023-12-05 09:45:00-05:00,15825.416666666666,2023-12-05 10:00:00-05:00,15865.416666666666,-82.0,7266.041666666668,7471.541666666668,-205.5,23.759165118856732,32.991327672472366,16.152926749137773,16.838400923334593,SKIP_LOW_ADX,-82.0,2023
2023-12-06,Short,2023-12-06 09:45:00-05:00,15948.5,2023-12-06 10:24:00-05:00,15908.5,78.0,7344.041666666668,7471.541666666668,-127.5,49.732338541197194,13.931788837905728,35.374183677345904,21.442394839440176,TAKE,,2023
2023-12-07,Short,2023-12-07 09:45:00-05:00,15952.0,2023-12-07 09:49:00-05:00,15912.0,78.0,7422.041666666668,7471.541666666668,-49.5,33.967528839478476,25.193235538592994,17.565640523581045,7.6275950150119485,SKIP_LOW_DI,78.0,2023
2023-12-08,Short,2023-12-08 09:45:00-05:00,16003.75,2023-12-08 10:00:00-05:00,16043.75,-82.0,7340.041666666668,7471.541666666668,-131.5,23.405573931906435,29.402544668761283,10.85161450208106,18.550930166680224,SKIP_LOW_ADX,-82.0,2023
2024-01-05,Long,2024-01-05 09:45:00-05:00,16464.75,2024-01-05 10:00:00-05:00,16504.75,78.0,7418.041666666668,7471.541666666668,-53.5,28.63298164081524,21.841236501668213,17.061557916609292,4.779678585058921,SKIP_LOW_ADX,78.0,2024
2024-01-11,Short,2024-01-11 09:45:00-05:00,16988.25,2024-01-11 09:48:00-05:00,16948.25,78.0,7496.041666666668,7496.041666666668,0.0,27.515713460057416,20.958291982318332,20.273717895246726,0.6845740870716064,SKIP_LOW_ADX,78.0,2024
2024-01-12,Long,2024-01-12 09:45:00-05:00,17036.0,2024-01-12 09:59:00-05:00,16996.0,-82.0,7414.041666666668,7496.041666666668,-82.0,30.7863337449436,25.643113246073902,8.843911278318892,16.79920196775501,TAKE,,2024
2024-01-16,Long,2024-01-16 09:45:00-05:00,16879.0,2024-01-16 09:59:00-05:00,16919.0,78.0,7492.041666666668,7496.041666666668,-4.0,26.575079119741567,16.509308674838277,27.10993553382545,10.600626858987173,SKIP_LOW_ADX,78.0,2024
2024-01-17,Short,2024-01-17 09:45:00-05:00,16737.75,2024-01-17 10:00:00-05:00,16697.75,78.0,7570.041666666668,7570.041666666668,0.0,30.445702540505174,10.694539220691766,32.79535407560373,22.100814854911967,TAKE,,2024
2024-01-18,Short,2024-01-18 09:45:00-05:00,17029.25,2024-01-18 10:03:00-05:00,16989.25,78.0,7648.041666666668,7648.041666666668,0.0,24.148324034577268,24.943318260497428,18.574954343321483,6.3683639171759445,SKIP_LOW_ADX,78.0,2024
2024-02-02,Long,2024-02-02 09:45:00-05:00,17576.0,2024-02-02 09:47:00-05:00,17616.0,78.0,7726.041666666668,7726.041666666668,0.0,28.21157606921928,32.30259202204592,11.799912492088941,20.50267952995698,SKIP_LOW_ADX,78.0,2024
2024-02-20,Long,2024-02-20 09:45:00-05:00,17582.15,2024-02-20 10:01:00-05:00,17542.15,-82.0,7644.041666666668,7726.041666666668,-82.0,33.58990662077119,12.846264152083762,42.203022076684896,29.356757924601133,SKIP_DIR_LONG,-82.0,2024
2024-02-21,Short,2024-02-21 09:45:00-05:00,17467.5,2024-02-21 10:04:00-05:00,17507.5,-82.0,7562.041666666668,7726.041666666668,-164.0,23.36556202889031,12.59598721266772,31.280914285849878,18.68492707318216,SKIP_LOW_ADX,-82.0,2024
2024-02-22,Long,2024-02-22 09:45:00-05:00,17901.5,2024-02-22 09:48:00-05:00,17941.5,78.0,7640.041666666668,7726.041666666668,-86.0,25.160444338514324,21.434916381499118,9.506798339616452,11.928118041882666,SKIP_LOW_ADX,78.0,2024
2024-02-29,Short,2024-02-29 09:45:00-05:00,18043.5,2024-02-29 10:11:00-05:00,18003.5,78.0,7718.041666666668,7726.041666666668,-8.0,32.03463589486689,20.138245576396656,18.14481246062513,1.993433115771527,SKIP_LOW_DI,78.0,2024
2024-03-05,Short,2024-03-05 09:45:00-05:00,18064.75,2024-03-05 09:48:00-05:00,18024.75,78.0,7796.041666666668,7796.041666666668,0.0,47.6021156917159,12.324308087086683,33.209187359838005,20.88487927275132,TAKE,,2024
2024-03-06,Long,2024-03-06 09:45:00-05:00,18101.5,2024-03-06 09:50:00-05:00,18061.5,-82.0,7714.041666666668,7796.041666666668,-82.0,14.431576023518291,20.69457417453595,16.92175704813774,3.7728171263982127,SKIP_LOW_ADX,-82.0,2024
2024-03-12,Short,2024-03-12 09:45:00-04:00,18203.0,2024-03-12 09:55:00-04:00,18243.0,-82.0,7632.041666666668,7796.041666666668,-164.0,35.05169178872386,11.307586751313941,36.2259589596003,24.918372208286357,TAKE,,2024
2024-03-14,Long,2024-03-14 09:45:00-04:00,18363.25,2024-03-14 09:47:00-04:00,18323.25,-82.0,7550.041666666668,7796.041666666668,-246.0,15.304208060417816,17.110625257982885,19.205443582261232,2.0948183242783465,SKIP_LOW_ADX,-82.0,2024
2024-03-15,Long,2024-03-15 09:45:00-04:00,18096.25,2024-03-15 10:05:00-04:00,18056.25,-82.0,7468.041666666668,7796.041666666668,-328.0,51.746909146348315,10.55400814185567,33.55763493508733,23.00362679323166,SKIP_DIR_LONG,-82.0,2024
2024-03-18,Long,2024-03-18 09:45:00-04:00,18331.25,2024-03-18 09:57:00-04:00,18291.25,-82.0,7386.041666666668,7796.041666666668,-410.0,39.302148821043176,22.827368245564163,7.955475185944334,14.871893059619829,TAKE,,2024
2024-03-19,Long,2024-03-19 09:45:00-04:00,18071.875,2024-03-19 10:03:00-04:00,18111.875,78.0,7464.041666666668,7796.041666666668,-332.0,38.98984868172429,9.193707410643562,33.05775554965075,23.86404813900719,SKIP_DIR_LONG,78.0,2024
2024-03-20,Short,2024-03-20 09:45:00-04:00,18255.25,2024-03-20 10:27:00-04:00,18295.25,-82.0,7382.041666666668,7796.041666666668,-414.0,29.171210169098092,12.2045814946291,30.510505954407503,18.305924459778403,SKIP_LOW_ADX,-82.0,2024
2024-03-27,Short,2024-03-27 09:45:00-04:00,18492.75,2024-03-27 09:56:00-04:00,18452.75,78.0,7460.041666666668,7796.041666666668,-336.0,46.172052661646674,11.227736514169136,32.54278382210466,21.315047307935522,TAKE,,2024
2024-03-28,Long,2024-03-28 09:45:00-04:00,18506.0,2024-03-28 11:30:00-04:00,18516.5,19.0,7479.041666666668,7796.041666666668,-317.0,17.205727640110272,15.44571874060916,17.31328775995617,1.8675690193470125,SKIP_LOW_ADX,19.0,2024
2024-04-01,Long,2024-04-01 09:45:00-04:00,18588.0,2024-04-01 10:04:00-04:00,18548.0,-82.0,7397.041666666668,7796.041666666668,-399.0,43.68426103861989,39.58207466837093,13.594125884826488,25.98794878354444,TAKE,,2024
2024-04-02,Short,2024-04-02 09:45:00-04:00,18240.75,2024-04-02 11:30:00-04:00,18266.0,-52.5,7344.541666666668,7796.041666666668,-451.5,58.438571459962255,10.633451764966807,29.393068181035748,18.75961641606894,TAKE,,2024
2024-04-03,Long,2024-04-03 09:45:00-04:00,18255.5,2024-04-03 10:00:00-04:00,18295.5,78.0,7422.541666666668,7796.041666666668,-373.5,28.57555188685846,16.573204921589998,15.787445907683464,0.7857590139065334,SKIP_LOW_ADX,78.0,2024
2024-04-04,Short,2024-04-04 09:45:00-04:00,18538.0,2024-04-04 10:23:00-04:00,18498.0,78.0,7500.541666666668,7796.041666666668,-295.5,24.237143083524337,19.043159917626404,25.1149749661204,6.0718150484939954,SKIP_LOW_ADX,78.0,2024
2024-04-05,Long,2024-04-05 09:45:00-04:00,18169.5,2024-04-05 09:52:00-04:00,18209.5,78.0,7578.541666666668,7796.041666666668,-217.5,14.854585195666447,28.018808104713948,15.952458354927732,12.066349749786216,SKIP_LOW_ADX,78.0,2024
2024-04-08,Long,2024-04-08 09:45:00-04:00,18280.5,2024-04-08 10:15:00-04:00,18320.5,78.0,7656.541666666668,7796.041666666668,-139.5,48.61886906232459,19.04831441039543,31.292674576772075,12.244360166376644,SKIP_DIR_LONG,78.0,2024
2024-04-09,Long,2024-04-09 09:45:00-04:00,18380.0,2024-04-09 09:50:00-04:00,18340.0,-82.0,7574.541666666668,7796.041666666668,-221.5,25.644494768561376,20.617502499637403,25.242721885974973,4.6252193863375695,SKIP_LOW_ADX,-82.0,2024
2024-04-10,Short,2024-04-10 09:45:00-04:00,18152.625,2024-04-10 09:46:00-04:00,18112.625,78.0,7652.541666666668,7796.041666666668,-143.5,32.51057391118015,23.73421024882608,10.415627898272906,13.318582350553175,SKIP_DIR_SHORT,78.0,2024
2024-04-11,Long,2024-04-11 09:45:00-04:00,18237.0,2024-04-11 10:15:00-04:00,18197.0,-82.0,7570.541666666668,7796.041666666668,-225.5,18.049551831385266,15.181976974218834,23.71524878189179,8.533271807672957,SKIP_LOW_ADX,-82.0,2024
2024-04-12,Long,2024-04-12 09:45:00-04:00,18316.25,2024-04-12 10:07:00-04:00,18276.25,-82.0,7488.541666666668,7796.041666666668,-307.5,22.31352981459124,16.13506691728541,18.17214614416678,2.037079226881371,SKIP_LOW_ADX,-82.0,2024
2024-04-15,Long,2024-04-15 09:45:00-04:00,18307.75,2024-04-15 10:08:00-04:00,18267.75,-82.0,7406.541666666668,7796.041666666668,-389.5,24.620807674768972,22.080674897608862,23.423013630641,1.3423387330321397,SKIP_LOW_ADX,-82.0,2024
2024-04-16,Short,2024-04-16 09:45:00-04:00,17851.75,2024-04-16 09:57:00-04:00,17891.75,-82.0,7324.541666666668,7796.041666666668,-471.5,19.099479799012727,11.426033220718358,22.52903913768408,11.103005916965722,SKIP_LOW_ADX,-82.0,2024
2024-04-18,Long,2024-04-18 09:45:00-04:00,17594.75,2024-04-18 09:49:00-04:00,17634.75,78.0,7402.541666666668,7796.041666666668,-393.5,46.14147069751671,11.205346538659528,31.276295249715027,20.0709487110555,SKIP_DIR_LONG,78.0,2024
2024-04-19,Long,2024-04-19 09:45:00-04:00,17491.0,2024-04-19 09:50:00-04:00,17451.0,-82.0,7320.541666666668,7796.041666666668,-475.5,27.568411773195347,24.141683513931188,18.507579197540355,5.634104316390832,SKIP_LOW_ADX,-82.0,2024
2024-04-23,Long,2024-04-23 09:45:00-04:00,17450.75,2024-04-23 09:46:00-04:00,17490.75,78.0,7398.541666666668,7796.041666666668,-397.5,20.065813387346136,20.970498935468104,17.733921036602805,3.236577898865299,SKIP_LOW_ADX,78.0,2024
2024-04-24,Long,2024-04-24 09:45:00-04:00,17770.0,2024-04-24 09:56:00-04:00,17730.0,-82.0,7316.541666666668,7796.041666666668,-479.5,43.08201529896382,28.964041465262966,10.813963902361495,18.150077562901473,TAKE,,2024
2024-04-26,Long,2024-04-26 09:45:00-04:00,17734.25,2024-04-26 09:50:00-04:00,17774.25,78.0,7394.541666666668,7796.041666666668,-401.5,18.238659483266222,25.331691068723952,17.241891088772814,8.089799979951138,SKIP_LOW_ADX,78.0,2024
2024-04-29,Long,2024-04-29 09:45:00-04:00,17846.0,2024-04-29 10:00:00-04:00,17886.0,78.0,7472.541666666668,7796.041666666668,-323.5,35.210766694404676,8.65250710666074,39.76226421273797,31.109757106077225,SKIP_DIR_LONG,78.0,2024
2024-04-30,Short,2024-04-30 09:45:00-04:00,17875.375,2024-04-30 10:29:00-04:00,17835.375,78.0,7550.541666666668,7796.041666666668,-245.5,17.654843658919514,33.05270910631895,11.83305410849043,21.21965499782852,SKIP_LOW_ADX,78.0,2024
2024-05-01,Long,2024-05-01 09:45:00-04:00,17491.0,2024-05-01 10:00:00-04:00,17451.0,-82.0,7468.541666666668,7796.041666666668,-327.5,15.57982803146084,17.06823596793687,17.38795297555018,0.3197170076133098,SKIP_LOW_ADX,-82.0,2024
2024-05-02,Long,2024-05-02 09:45:00-04:00,17541.0,2024-05-02 09:49:00-04:00,17501.0,-82.0,7386.541666666668,7796.041666666668,-409.5,20.11928101800717,16.584543361631027,23.225919054966266,6.641375693335238,SKIP_LOW_ADX,-82.0,2024
2024-05-03,Long,2024-05-03 09:45:00-04:00,17970.75,2024-05-03 09:53:00-04:00,18010.75,78.0,7464.541666666668,7796.041666666668,-331.5,17.72677415332598,24.57000829575956,12.287007908643337,12.283000387116223,SKIP_LOW_ADX,78.0,2024
2024-05-06,Long,2024-05-06 09:45:00-04:00,18085.75,2024-05-06 11:30:00-04:00,18100.75,28.0,7492.541666666668,7796.041666666668,-303.5,18.227155292232386,24.827016893106162,18.61667528025657,6.210341612849593,SKIP_LOW_ADX,28.0,2024
2024-05-07,Long,2024-05-07 09:45:00-04:00,18220.25,2024-05-07 11:16:00-04:00,18260.25,78.0,7570.541666666668,7796.041666666668,-225.5,32.17925495018013,26.679696489145954,15.724422241903572,10.955274247242382,TAKE,,2024
2024-05-08,Long,2024-05-08 09:45:00-04:00,18124.25,2024-05-08 09:55:00-04:00,18164.25,78.0,7648.541666666668,7796.041666666668,-147.5,33.17411506742001,23.598190551576703,7.785233660952249,15.812956890624454,TAKE,,2024
2024-05-09,Short,2024-05-09 09:45:00-04:00,18131.5,2024-05-09 10:04:00-04:00,18171.5,-82.0,7566.541666666668,7796.041666666668,-229.5,28.59541250990934,9.548229925054825,34.38216977147586,24.833939846421032,SKIP_LOW_ADX,-82.0,2024
2024-05-10,Long,2024-05-10 09:45:00-04:00,18320.0,2024-05-10 10:11:00-04:00,18280.0,-82.0,7484.541666666668,7796.041666666668,-311.5,39.76167683708935,29.494530833364497,8.62842162710144,20.866109206263054,TAKE,,2024
2024-05-13,Short,2024-05-13 09:45:00-04:00,18273.75,2024-05-13 11:30:00-04:00,18271.0,3.5,7488.041666666668,7796.041666666668,-308.0,36.302236479056965,11.764426014437733,30.730382464259517,18.965956449821782,TAKE,,2024
2024-05-14,Long,2024-05-14 09:45:00-04:00,18312.0,2024-05-14 10:25:00-04:00,18352.0,78.0,7566.041666666668,7796.041666666668,-230.0,20.223418439422087,22.472712943174617,12.162956486665625,10.309756456508993,SKIP_LOW_ADX,78.0,2024
2024-05-15,Short,2024-05-15 09:45:00-04:00,18501.0,2024-05-15 09:50:00-04:00,18461.0,78.0,7644.041666666668,7796.041666666668,-152.0,11.030344136455875,17.204802612741787,22.90109255097557,5.696289938233782,SKIP_LOW_ADX,78.0,2024
2024-05-20,Long,2024-05-20 09:45:00-04:00,18705.75,2024-05-20 09:55:00-04:00,18745.75,78.0,7722.041666666668,7796.041666666668,-74.0,37.937382666600726,36.52237778815246,13.466631835526748,23.055745952625713,TAKE,,2024
2024-05-21,Short,2024-05-21 09:45:00-04:00,18704.0,2024-05-21 10:34:00-04:00,18744.0,-82.0,7640.041666666668,7796.041666666668,-156.0,20.011072424533722,14.483613513224556,11.859511527991328,2.624101985233228,SKIP_LOW_ADX,-82.0,2024
2024-05-28,Short,2024-05-28 09:45:00-04:00,18872.0,2024-05-28 10:44:00-04:00,18912.0,-82.0,7558.041666666668,7796.041666666668,-238.0,16.1347510471055,12.335526156713124,29.670326574663147,17.33480041795002,SKIP_LOW_ADX,-82.0,2024
2024-05-30,Long,2024-05-30 09:45:00-04:00,18735.0,2024-05-30 10:12:00-04:00,18695.0,-82.0,7476.041666666668,7796.041666666668,-320.0,20.9944686350754,18.852176065144782,26.92339053529342,8.07121447014864,SKIP_LOW_ADX,-82.0,2024
2024-06-03,Long,2024-06-03 09:45:00-04:00,18729.0,2024-06-03 09:51:00-04:00,18689.0,-82.0,7394.041666666668,7796.041666666668,-402.0,26.166473413130017,21.023340382316665,11.327015121462354,9.69632526085431,SKIP_LOW_ADX,-82.0,2024
2024-06-04,Short,2024-06-04 09:45:00-04:00,18615.0,2024-06-04 10:00:00-04:00,18655.0,-82.0,7312.041666666668,7796.041666666668,-484.0,22.22477148522186,17.810348482667038,27.366823409978515,9.556474927311477,SKIP_LOW_ADX,-82.0,2024
2024-07-01,Short,2024-07-01 09:45:00-04:00,19918.0,2024-07-01 09:47:00-04:00,19878.0,78.0,7390.041666666668,7796.041666666668,-406.0,22.46161392473121,15.314414234589723,30.243755210927922,14.9293409763382,SKIP_LOW_ADX,78.0,2024
2024-07-02,Long,2024-07-02 09:45:00-04:00,20070.5,2024-07-02 10:10:00-04:00,20030.5,-82.0,7308.041666666668,7796.041666666668,-488.0,49.44311551766373,31.595869368521686,7.876959328479755,23.718910040041933,TAKE,,2024
2024-07-17,Long,2024-07-17 09:45:00-04:00,20218.625,2024-07-17 10:00:00-04:00,20178.625,-82.0,7226.041666666668,7796.041666666668,-570.0,25.367285726471955,11.171469934860454,20.84193951895524,9.670469584094786,SKIP_LOW_ADX,-82.0,2024
2024-07-18,Short,2024-07-18 09:45:00-04:00,20040.25,2024-07-18 10:04:00-04:00,20080.25,-82.0,7144.041666666668,7796.041666666668,-652.0,45.425362428824585,7.092782914691048,33.302583621756355,26.209800707065305,TAKE,,2024
2024-07-19,Short,2024-07-19 09:45:00-04:00,19901.0,2024-07-19 09:48:00-04:00,19861.0,78.0,7222.041666666668,7796.041666666668,-574.0,21.934413871102883,27.998584767081635,30.33754371043145,2.338958943349816,SKIP_LOW_ADX,78.0,2024
2024-07-22,Long,2024-07-22 09:45:00-04:00,19956.5,2024-07-22 09:46:00-04:00,19996.5,78.0,7300.041666666668,7796.041666666668,-496.0,28.608507606662734,25.8203691944094,18.450508593083775,7.369860601325623,SKIP_LOW_ADX,78.0,2024
2024-07-23,Long,2024-07-23 09:45:00-04:00,20031.5,2024-07-23 09:47:00-04:00,19991.5,-82.0,7218.041666666668,7796.041666666668,-578.0,24.58974576701309,32.52813579510877,10.09372519557323,22.43441059953554,SKIP_LOW_ADX,-82.0,2024
2024-07-26,Long,2024-07-26 09:45:00-04:00,19135.75,2024-07-26 09:47:00-04:00,19095.75,-82.0,7136.041666666668,7796.041666666668,-660.0,23.189523150106908,20.38035353263846,22.759197003664767,2.3788434710263076,SKIP_LOW_ADX,-82.0,2024
2024-08-02,Long,2024-08-02 09:45:00-04:00,18676.5,2024-08-02 09:46:00-04:00,18636.5,-82.0,7054.041666666668,7796.041666666668,-742.0,23.00869823222898,28.651287019154108,20.196308953727407,8.454978065426701,SKIP_LOW_ADX,-82.0,2024
2024-08-05,Long,2024-08-05 09:45:00-04:00,17775.25,2024-08-05 09:46:00-04:00,17815.25,78.0,7132.041666666668,7796.041666666668,-664.0,16.588479666482055,23.498984600679034,19.024689990808604,4.47429460987043,SKIP_LOW_ADX,78.0,2024
2024-08-06,Short,2024-08-06 09:45:00-04:00,17998.25,2024-08-06 09:47:00-04:00,18038.25,-82.0,7050.041666666668,7796.041666666668,-746.0,17.65098808883391,14.811981527549554,31.16392498614411,16.351943458594555,SKIP_LOW_ADX,-82.0,2024
2024-08-07,Short,2024-08-07 09:45:00-04:00,18520.25,2024-08-07 09:55:00-04:00,18480.25,78.0,7128.041666666668,7796.041666666668,-668.0,35.584780512642425,22.69461781653655,12.568635049566417,10.125982766970132,SKIP_DIR_SHORT,78.0,2024
2024-08-08,Long,2024-08-08 09:45:00-04:00,18145.75,2024-08-08 09:47:00-04:00,18105.75,-82.0,7046.041666666668,7796.041666666668,-750.0,22.061008115737778,15.678771153012448,25.476018365073724,9.797247212061276,SKIP_LOW_ADX,-82.0,2024
2024-08-09,Short,2024-08-09 09:45:00-04:00,18452.0,2024-08-09 09:55:00-04:00,18492.0,-82.0,6964.041666666668,7796.041666666668,-832.0,18.688702274722516,14.993743833263036,19.060738479055335,4.066994645792299,SKIP_LOW_ADX,-82.0,2024
2024-08-12,Short,2024-08-12 09:45:00-04:00,18563.25,2024-08-12 10:06:00-04:00,18603.25,-82.0,6882.041666666668,7796.041666666668,-914.0,29.52166195869568,7.554648818329421,35.439014672930675,27.884365854601253,SKIP_LOW_ADX,-82.0,2024
2024-08-14,Short,2024-08-14 09:45:00-04:00,19053.0,2024-08-14 09:47:00-04:00,19093.0,-82.0,6800.041666666668,7796.041666666668,-996.0,30.5209891776516,8.057616511777617,35.15232156932278,27.094705057545163,TAKE,,2024
2024-08-20,Long,2024-08-20 09:45:00-04:00,19867.5,2024-08-20 09:54:00-04:00,19907.5,78.0,6878.041666666668,7796.041666666668,-918.0,37.46012638801731,24.13945009661777,12.72985504769074,11.40959504892703,TAKE,,2024
2024-08-21,Long,2024-08-21 09:45:00-04:00,19858.0,2024-08-21 10:00:00-04:00,19898.0,78.0,6956.041666666668,7796.041666666668,-840.0,14.526291708338153,22.479885593545447,18.55201025265863,3.9278753408868177,SKIP_LOW_ADX,78.0,2024
2024-08-22,Short,2024-08-22 09:45:00-04:00,19978.321428571428,2024-08-22 10:06:00-04:00,19938.321428571428,78.0,7034.041666666668,7796.041666666668,-762.0,17.594745067026036,16.087264755898605,17.27643967845838,1.1891749225597756,SKIP_LOW_ADX,78.0,2024
2024-08-28,Short,2024-08-28 09:45:00-04:00,19586.5,2024-08-28 09:49:00-04:00,19546.5,78.0,7112.041666666668,7796.041666666668,-684.0,24.19639551790979,15.903881072757516,24.688524489138164,8.784643416380648,SKIP_LOW_ADX,78.0,2024
2024-08-29,Long,2024-08-29 09:45:00-04:00,19543.25,2024-08-29 09:47:00-04:00,19583.25,78.0,7190.041666666668,7796.041666666668,-606.0,21.80723147439143,23.357094184397976,21.960657687876154,1.3964364965218223,SKIP_LOW_ADX,78.0,2024
2024-08-30,Long,2024-08-30 09:45:00-04:00,19559.25,2024-08-30 09:54:00-04:00,19599.25,78.0,7268.041666666668,7796.041666666668,-528.0,24.69660158960213,19.57989223808481,9.830689449366725,9.749202788718085,SKIP_LOW_ADX,78.0,2024
2024-09-03,Short,2024-09-03 09:45:00-04:00,19390.0,2024-09-03 09:54:00-04:00,19350.0,78.0,7346.041666666668,7796.041666666668,-450.0,45.67834291368796,11.648770980204866,27.082542899191047,15.433771918986182,TAKE,,2024
2024-09-04,Long,2024-09-04 09:45:00-04:00,18944.5,2024-09-04 09:49:00-04:00,18984.5,78.0,7424.041666666668,7796.041666666668,-372.0,23.702341066839242,28.1979033095535,14.52995859950528,13.66794471004822,SKIP_LOW_ADX,78.0,2024
2024-09-05,Long,2024-09-05 09:45:00-04:00,18994.5,2024-09-05 09:46:00-04:00,19034.5,78.0,7502.041666666668,7796.041666666668,-294.0,39.50679331231057,30.571716603283473,9.618205053313341,20.95351154997013,TAKE,,2024
2024-09-06,Long,2024-09-06 09:45:00-04:00,18849.25,2024-09-06 09:50:00-04:00,18809.25,-82.0,7420.041666666668,7796.041666666668,-376.0,26.580506639035537,19.606391430176224,28.33305265566008,8.726661225483856,SKIP_LOW_ADX,-82.0,2024
2024-09-09,Long,2024-09-09 09:45:00-04:00,18653.25,2024-09-09 09:58:00-04:00,18693.25,78.0,7498.041666666668,7796.041666666668,-298.0,20.102039957955657,18.457378943658217,13.15666891007095,5.300710033587267,SKIP_LOW_ADX,78.0,2024
2024-09-10,Short,2024-09-10 09:45:00-04:00,18766.75,2024-09-10 09:50:00-04:00,18726.75,78.0,7576.041666666668,7796.041666666668,-220.0,21.206518724506076,21.422468656712837,24.340181307348686,2.917712650635849,SKIP_LOW_ADX,78.0,2024
2024-09-11,Short,2024-09-11 09:45:00-04:00,18847.25,2024-09-11 09:46:00-04:00,18807.25,78.0,7654.041666666668,7796.041666666668,-142.0,33.86317571897282,16.21074427051895,27.665594267104225,11.454849996585274,TAKE,,2024
2024-09-12,Long,2024-09-12 09:45:00-04:00,19267.5,2024-09-12 09:47:00-04:00,19227.5,-82.0,7572.041666666668,7796.041666666668,-224.0,17.39824502466467,14.447777302931735,21.435314742168973,6.987537439237238,SKIP_LOW_ADX,-82.0,2024
2024-09-13,Short,2024-09-13 09:45:00-04:00,19480.0,2024-09-13 10:00:00-04:00,19440.0,78.0,7650.041666666668,7796.041666666668,-146.0,30.332648539608194,24.443665591514712,10.92670164972733,13.516963941787383,SKIP_DIR_SHORT,78.0,2024
2024-09-16,Short,2024-09-16 09:45:00-04:00,19613.5,2024-09-16 09:50:00-04:00,19653.5,-82.0,7568.041666666668,7796.041666666668,-228.0,28.354836966915105,24.749092380873336,25.941295773280505,1.192203392407169,SKIP_LOW_ADX,-82.0,2024
2024-09-17,Short,2024-09-17 09:45:00-04:00,19788.5,2024-09-17 09:49:00-04:00,19748.5,78.0,7646.041666666668,7796.041666666668,-150.0,20.127608227079445,14.196850684346577,17.96860811355652,3.771757429209943,SKIP_LOW_ADX,78.0,2024
2024-09-19,Long,2024-09-19 09:45:00-04:00,20033.95,2024-09-19 09:50:00-04:00,19993.95,-82.0,7564.041666666668,7796.041666666668,-232.0,19.89302869085623,22.856932880695034,26.376276751343923,3.519343870648889,SKIP_LOW_ADX,-82.0,2024
2024-09-20,Long,2024-09-20 09:45:00-04:00,20045.0,2024-09-20 09:58:00-04:00,20005.0,-82.0,7482.041666666668,7796.041666666668,-314.0,30.415663357517435,21.270902896871732,13.964423595895646,7.306479300976086,SKIP_LOW_DI,-82.0,2024
2024-09-23,Long,2024-09-23 09:45:00-04:00,20052.75,2024-09-23 09:49:00-04:00,20092.75,78.0,7560.041666666668,7796.041666666668,-236.0,32.91026915817247,14.757078543992854,24.790415869079748,10.033337325086894,SKIP_DIR_LONG,78.0,2024
2024-09-24,Long,2024-09-24 09:45:00-04:00,20105.5,2024-09-24 10:00:00-04:00,20065.5,-82.0,7478.041666666668,7796.041666666668,-318.0,25.88911454360311,10.509503387796215,21.103685680347912,10.594182292551697,SKIP_LOW_ADX,-82.0,2024
2024-09-25,Long,2024-09-25 09:45:00-04:00,20177.0,2024-09-25 09:56:00-04:00,20217.0,78.0,7556.041666666668,7796.041666666668,-240.0,30.090197967733154,29.6942755077245,23.69596509978309,5.9983104079414105,SKIP_LOW_DI,78.0,2024
2024-09-30,Long,2024-09-30 09:45:00-04:00,20247.75,2024-09-30 09:59:00-04:00,20207.75,-82.0,7474.041666666668,7796.041666666668,-322.0,30.893591713225966,25.389648215573178,12.644632897511634,12.745015318061544,TAKE,,2024
2024-10-01,Short,2024-10-01 09:45:00-04:00,20102.5,2024-10-01 09:47:00-04:00,20062.5,78.0,7552.041666666668,7796.041666666668,-244.0,53.93292351836214,7.87108185344521,33.31472989061848,25.44364803717327,TAKE,,2024
2024-10-02,Long,2024-10-02 09:45:00-04:00,19839.75,2024-10-02 09:48:00-04:00,19879.75,78.0,7630.041666666668,7796.041666666668,-166.0,38.874588294992606,9.737254149659746,37.481707087254954,27.744452937595206,SKIP_DIR_LONG,78.0,2024
2024-10-03,Long,2024-10-03 09:45:00-04:00,19994.25,2024-10-03 09:55:00-04:00,20034.25,78.0,7708.041666666668,7796.041666666668,-88.0,28.3186830373186,28.834401448166684,13.42902417547741,15.405377272689273,SKIP_LOW_ADX,78.0,2024
2024-10-04,Long,2024-10-04 09:45:00-04:00,20211.3,2024-10-04 09:53:00-04:00,20171.3,-82.0,7626.041666666668,7796.041666666668,-170.0,20.421381304389353,14.764538100904351,27.13438395425682,12.369845853352468,SKIP_LOW_ADX,-82.0,2024
2024-10-07,Short,2024-10-07 09:45:00-04:00,20118.0,2024-10-07 10:15:00-04:00,20158.0,-82.0,7544.041666666668,7796.041666666668,-252.0,13.939867282841213,12.070254818470096,23.899576814613688,11.829321996143593,SKIP_LOW_ADX,-82.0,2024
2024-10-08,Short,2024-10-08 09:45:00-04:00,20101.0625,2024-10-08 09:54:00-04:00,20141.0625,-82.0,7462.041666666668,7796.041666666668,-334.0,18.695387672709728,23.754626376184554,18.647269677224134,5.1073566989604195,SKIP_LOW_ADX,-82.0,2024
2024-10-09,Short,2024-10-09 09:45:00-04:00,20251.0,2024-10-09 10:04:00-04:00,20291.0,-82.0,7380.041666666668,7796.041666666668,-416.0,27.299366733342946,17.71764717224446,30.531721632948177,12.814074460703715,SKIP_LOW_ADX,-82.0,2024
2024-10-10,Short,2024-10-10 09:45:00-04:00,20379.0,2024-10-10 09:47:00-04:00,20339.0,78.0,7458.041666666668,7796.041666666668,-338.0,9.855453423874655,17.537905140626695,15.67752202901663,1.860383111610064,SKIP_LOW_ADX,78.0,2024
2024-10-14,Long,2024-10-14 09:45:00-04:00,20603.25,2024-10-14 09:50:00-04:00,20643.25,78.0,7536.041666666668,7796.041666666668,-260.0,51.286644039227475,30.9114948269261,6.828125350533603,24.083369476392495,TAKE,,2024
2024-10-16,Short,2024-10-16 09:45:00-04:00,20245.5,2024-10-16 10:01:00-04:00,20205.5,78.0,7614.041666666668,7796.041666666668,-182.0,46.94495833470685,9.362603442617216,38.26347505696216,28.900871614344943,TAKE,,2024
2024-10-17,Long,2024-10-17 09:45:00-04:00,20448.0,2024-10-17 09:52:00-04:00,20488.0,78.0,7692.041666666668,7796.041666666668,-104.0,50.446658097179636,9.593623026805902,31.371423095835524,21.777800069029624,SKIP_DIR_LONG,78.0,2024
2024-10-21,Long,2024-10-21 09:45:00-04:00,20476.25,2024-10-21 10:06:00-04:00,20516.25,78.0,7770.041666666668,7796.041666666668,-26.0,45.54424149165581,31.080648597238568,11.936868951752396,19.14377964548617,TAKE,,2024
2024-10-22,Long,2024-10-22 09:45:00-04:00,20444.75,2024-10-22 10:06:00-04:00,20484.75,78.0,7848.041666666668,7848.041666666668,0.0,30.0139234753448,28.8393874195573,13.423175276358643,15.416212143198658,TAKE,,2024
2024-10-23,Short,2024-10-23 09:45:00-04:00,20427.0,2024-10-23 10:04:00-04:00,20387.0,78.0,7926.041666666668,7926.041666666668,0.0,16.90850769164383,16.272020416101842,17.9180900594321,1.6460696433302573,SKIP_LOW_ADX,78.0,2024
2024-10-24,Short,2024-10-24 09:45:00-04:00,20343.0,2024-10-24 09:48:00-04:00,20303.0,78.0,8004.041666666668,8004.041666666668,0.0,23.03912562757724,14.495954711471375,18.801867033851803,4.305912322380427,SKIP_LOW_ADX,78.0,2024
2024-10-25,Long,2024-10-25 09:45:00-04:00,20586.75,2024-10-25 09:52:00-04:00,20626.75,78.0,8082.041666666668,8082.041666666668,0.0,53.476472989139964,40.741832273394216,4.453054328817821,36.288777944576395,TAKE,,2024
2024-10-28,Short,2024-10-28 09:45:00-04:00,20569.25,2024-10-28 09:54:00-04:00,20529.25,78.0,8160.041666666668,8160.041666666668,0.0,41.62962034344813,11.25930592798505,25.63290561057742,14.37359968259237,TAKE,,2024
2024-10-29,Long,2024-10-29 09:45:00-04:00,20489.5,2024-10-29 10:00:00-04:00,20529.5,78.0,8238.041666666668,8238.041666666668,0.0,19.824047375330903,24.335059458262574,20.22327618536387,4.111783272898705,SKIP_LOW_ADX,78.0,2024
2024-10-30,Short,2024-10-30 09:45:00-04:00,20556.25,2024-10-30 09:51:00-04:00,20596.25,-82.0,8156.041666666668,8238.041666666668,-82.0,48.26449252479078,5.103028941987354,36.11195280404433,31.008923862056974,TAKE,,2024
2024-10-31,Short,2024-10-31 09:45:00-04:00,20260.0,2024-10-31 09:47:00-04:00,20220.0,78.0,8234.041666666668,8238.041666666668,-4.0,41.783127751706466,12.218380750139008,32.55593588399244,20.33755513385343,TAKE,,2024
2024-11-01,Short,2024-11-01 09:45:00-04:00,20150.25,2024-11-01 10:08:00-04:00,20190.25,-82.0,8152.041666666668,8238.041666666668,-86.0,24.104596388465815,32.11456356359377,15.042479105250996,17.072084458342772,SKIP_LOW_ADX,-82.0,2024
2024-11-04,Long,2024-11-04 09:45:00-05:00,20110.5,2024-11-04 10:02:00-05:00,20150.5,78.0,8230.041666666668,8238.041666666668,-8.0,30.506446670367048,35.257375900530334,21.92774226921105,13.329633631319286,TAKE,,2024
2024-11-05,Long,2024-11-05 09:45:00-05:00,20217.0,2024-11-05 09:50:00-05:00,20257.0,78.0,8308.041666666668,8308.041666666668,0.0,37.93520544120457,26.7443830555551,19.98322420655849,6.761158848996612,SKIP_LOW_DI,78.0,2024
2024-11-06,Long,2024-11-06 09:45:00-05:00,20744.0,2024-11-06 09:46:00-05:00,20704.0,-82.0,8226.041666666668,8308.041666666668,-82.0,40.06368600413957,23.63210507884924,15.922330856322693,7.709774222526546,SKIP_LOW_DI,-82.0,2024
2024-11-13,Short,2024-11-13 09:45:00-05:00,21178.75,2024-11-13 09:49:00-05:00,21138.75,78.0,8304.041666666668,8308.041666666668,-4.0,14.380852468151353,19.293014930026708,15.597785234400948,3.695229695625759,SKIP_LOW_ADX,78.0,2024
2024-11-15,Short,2024-11-15 09:45:00-05:00,20701.0,2024-11-15 09:49:00-05:00,20741.0,-82.0,8222.041666666668,8308.041666666668,-86.0,56.638304743222506,10.405730984427587,29.420128638116864,19.01439765368928,TAKE,,2024
2024-11-18,Short,2024-11-18 09:45:00-05:00,20538.25,2024-11-18 10:04:00-05:00,20578.25,-82.0,8140.041666666668,8308.041666666668,-168.0,23.64329151963484,20.46279507567042,19.28602611982318,1.1767689558472405,SKIP_LOW_ADX,-82.0,2024
2024-11-19,Short,2024-11-19 09:45:00-05:00,20572.75,2024-11-19 09:50:00-05:00,20532.75,78.0,8218.041666666668,8308.041666666668,-90.0,38.855612890101725,28.889491917191883,8.959610093914785,19.9298818232771,SKIP_DIR_SHORT,78.0,2024
2024-11-20,Short,2024-11-20 09:45:00-05:00,20655.0,2024-11-20 09:59:00-05:00,20615.0,78.0,8296.041666666668,8308.041666666668,-12.0,51.510552873995984,9.203779371083026,34.57106510873282,25.36728573764979,TAKE,,2024
2024-11-21,Long,2024-11-21 09:45:00-05:00,20695.25,2024-11-21 09:47:00-05:00,20735.25,78.0,8374.041666666668,8374.041666666668,0.0,37.2442175190302,17.374752109418605,37.68500663631694,20.310254526898337,SKIP_DIR_LONG,78.0,2024
2024-11-27,Short,2024-11-27 09:45:00-05:00,20883.75,2024-11-27 09:53:00-05:00,20843.75,78.0,8452.041666666668,8452.041666666668,0.0,43.65985349312032,11.277315229418996,26.86497260756365,15.587657378144655,TAKE,,2024
2024-11-29,Long,2024-11-29 09:45:00-05:00,20874.75,2024-11-29 09:59:00-05:00,20914.75,78.0,8530.041666666668,8530.041666666668,0.0,20.34282403274794,21.218866324743225,17.380049494918694,3.8388168298245304,SKIP_LOW_ADX,78.0,2024
2024-12-02,Long,2024-12-02 09:45:00-05:00,21114.25,2024-12-02 09:50:00-05:00,21154.25,78.0,8608.041666666668,8608.041666666668,0.0,39.42325166642825,23.424926175528434,17.807485388325226,5.617440787203208,SKIP_LOW_DI,78.0,2024
2024-12-03,Long,2024-12-03 09:45:00-05:00,21191.0,2024-12-03 10:06:00-05:00,21231.0,78.0,8686.041666666668,8686.041666666668,0.0,16.579783498296564,18.310053244268072,20.54882606062624,2.2387728163581677,SKIP_LOW_ADX,78.0,2024
2024-12-10,Long,2024-12-10 09:45:00-05:00,21575.75,2024-12-10 09:53:00-05:00,21535.75,-82.0,8604.041666666668,8686.041666666668,-82.0,35.09381994006331,31.95977387247438,7.8698999923367925,24.08987388013759,TAKE,,2024
2024-12-11,Long,2024-12-11 09:45:00-05:00,21636.25,2024-12-11 09:47:00-05:00,21676.25,78.0,8682.041666666668,8686.041666666668,-4.0,42.621168425981054,31.278023055632968,17.32577786078545,13.952245194847517,TAKE,,2024
2024-12-19,Long,2024-12-19 09:45:00-05:00,21586.5,2024-12-19 09:46:00-05:00,21626.5,78.0,8760.041666666668,8760.041666666668,0.0,26.05712505654073,14.611318604613887,34.46406164580985,19.852743041195964,SKIP_LOW_ADX,78.0,2024
2024-12-20,Long,2024-12-20 09:45:00-05:00,21264.25,2024-12-20 09:48:00-05:00,21224.25,-82.0,8678.041666666668,8760.041666666668,-82.0,19.10575319403841,22.10170753232422,14.336755944440416,7.764951587883804,SKIP_LOW_ADX,-82.0,2024
2024-12-23,Short,2024-12-23 09:45:00-05:00,21615.5,2024-12-23 09:49:00-05:00,21575.5,78.0,8756.041666666668,8760.041666666668,-4.0,23.156739339021694,14.14958584779793,22.98145123352537,8.83186538572744,SKIP_LOW_ADX,78.0,2024
2024-12-27,Long,2024-12-27 09:45:00-05:00,21698.25,2024-12-27 09:48:00-05:00,21738.25,78.0,8834.041666666668,8834.041666666668,0.0,58.05299667790831,6.326589106579128,39.00466215414599,32.67807304756686,SKIP_DIR_LONG,78.0,2024
2025-01-02,Long,2025-01-02 09:45:00-05:00,21214.0,2025-01-02 09:46:00-05:00,21254.0,78.0,8912.041666666668,8912.041666666668,0.0,44.904845720962996,10.760163946824214,29.34152993995149,18.581365993127275,SKIP_DIR_LONG,78.0,2025
2025-01-03,Long,2025-01-03 09:45:00-05:00,21423.75,2025-01-03 09:47:00-05:00,21383.75,-82.0,8830.041666666668,8912.041666666668,-82.0,53.353377499503566,42.5529174690674,7.56929583901446,34.983621630052944,TAKE,,2025
2025-01-07,Long,2025-01-07 09:45:00-05:00,21765.75,2025-01-07 09:57:00-05:00,21725.75,-82.0,8748.041666666668,8912.041666666668,-164.0,25.8373190065826,23.704677442725377,21.6910644663465,2.0136129763788766,SKIP_LOW_ADX,-82.0,2025
2025-01-08,Short,2025-01-08 09:45:00-05:00,21355.5,2025-01-08 09:46:00-05:00,21315.5,78.0,8826.041666666668,8912.041666666668,-86.0,13.249439941234668,19.92808920615847,20.47638261910601,0.5482934129475368,SKIP_LOW_ADX,78.0,2025
2025-01-10,Long,2025-01-10 09:45:00-05:00,21120.5,2025-01-10 09:46:00-05:00,21080.5,-82.0,8744.041666666668,8912.041666666668,-168.0,26.14709042311903,12.64923931598283,23.95916564453073,11.3099263285479,SKIP_LOW_ADX,-82.0,2025
2025-01-13,Short,2025-01-13 09:45:00-05:00,20769.0,2025-01-13 09:54:00-05:00,20809.0,-82.0,8662.041666666668,8912.041666666668,-250.0,37.722117336880856,25.521601878881988,19.13141139318868,6.3901904856933065,SKIP_LOW_DI,-82.0,2025
2025-01-14,Long,2025-01-14 09:45:00-05:00,21109.75,2025-01-14 09:47:00-05:00,21069.75,-82.0,8580.041666666668,8912.041666666668,-332.0,11.99847327107639,19.172568385495598,20.534744148788704,1.3621757632931057,SKIP_LOW_ADX,-82.0,2025
2025-01-15,Long,2025-01-15 09:45:00-05:00,21298.0,2025-01-15 09:48:00-05:00,21338.0,78.0,8658.041666666668,8912.041666666668,-254.0,15.304620722816338,24.9251121102471,19.67900735669638,5.246104753550718,SKIP_LOW_ADX,78.0,2025
2025-01-16,Short,2025-01-16 09:45:00-05:00,21418.0,2025-01-16 09:47:00-05:00,21378.0,78.0,8736.041666666668,8912.041666666668,-176.0,28.364650402540278,15.342534644823889,31.61484077663815,16.27230613181426,SKIP_LOW_ADX,78.0,2025
2025-01-17,Short,2025-01-17 09:45:00-05:00,21516.25,2025-01-17 09:52:00-05:00,21556.25,-82.0,8654.041666666668,8912.041666666668,-258.0,32.76577149401191,12.9147952342802,24.957757114041677,12.042961879761476,TAKE,,2025
2025-01-21,Short,2025-01-21 09:45:00-05:00,21618.25,2025-01-21 09:48:00-05:00,21658.25,-82.0,8572.041666666668,8912.041666666668,-340.0,37.613785144693345,13.382401140999335,28.82289341490634,15.440492273907005,TAKE,,2025
2025-01-22,Long,2025-01-22 09:45:00-05:00,21960.25,2025-01-22 09:53:00-05:00,22000.25,78.0,8650.041666666668,8912.041666666668,-262.0,38.654358405461316,28.90953574313083,11.255868334036274,17.65366740909456,TAKE,,2025
2025-01-23,Long,2025-01-23 09:45:00-05:00,21914.5,2025-01-23 10:02:00-05:00,21874.5,-82.0,8568.041666666668,8912.041666666668,-344.0,14.541186277299104,19.65200071682862,16.719145456466265,2.9328552603623557,SKIP_LOW_ADX,-82.0,2025
2025-01-27,Long,2025-01-27 09:45:00-05:00,21272.25,2025-01-27 09:47:00-05:00,21312.25,78.0,8646.041666666668,8912.041666666668,-266.0,28.777816038455793,28.056806138370714,14.469143144676401,13.587662993694313,SKIP_LOW_ADX,78.0,2025
2025-01-28,Long,2025-01-28 09:45:00-05:00,21184.5,2025-01-28 09:51:00-05:00,21224.5,78.0,8724.041666666668,8912.041666666668,-188.0,26.44860683850504,12.31465146256264,31.727117360445455,19.412465897882814,SKIP_LOW_ADX,78.0,2025
2025-01-29,Short,2025-01-29 09:45:00-05:00,21508.75,2025-01-29 09:53:00-05:00,21548.75,-82.0,8642.041666666668,8912.041666666668,-270.0,46.30913201581533,8.484826607134037,31.390597563993214,22.90577095685918,TAKE,,2025
2025-01-30,Long,2025-01-30 09:45:00-05:00,21647.75,2025-01-30 09:47:00-05:00,21687.75,78.0,8720.041666666668,8912.041666666668,-192.0,15.001775110409259,18.61651957085071,24.263758233971934,5.647238663121225,SKIP_LOW_ADX,78.0,2025
2025-02-03,Short,2025-02-03 09:45:00-05:00,21259.25,2025-02-03 09:46:00-05:00,21219.25,78.0,8798.041666666668,8912.041666666668,-114.0,22.55638648292096,24.298110496656907,13.190770016614708,11.107340480042199,SKIP_LOW_ADX,78.0,2025
2025-02-04,Long,2025-02-04 09:45:00-05:00,21506.75,2025-02-04 09:53:00-05:00,21546.75,78.0,8876.041666666668,8912.041666666668,-36.0,34.720517528123665,29.17800063584183,8.082251578750375,21.095749057091453,TAKE,,2025
2025-02-05,Long,2025-02-05 09:45:00-05:00,21571.5,2025-02-05 10:03:00-05:00,21531.5,-82.0,8794.041666666668,8912.041666666668,-118.0,27.283991992647767,23.477815919394565,12.155190299317153,11.322625620077412,SKIP_LOW_ADX,-82.0,2025
2025-02-07,Long,2025-02-07 09:45:00-05:00,21938.5,2025-02-07 09:57:00-05:00,21898.5,-82.0,8712.041666666668,8912.041666666668,-200.0,35.31694451772261,27.744743611350533,14.115849353401948,13.628894257948584,TAKE,,2025
2025-02-10,Long,2025-02-10 09:45:00-05:00,21799.0,2025-02-10 09:51:00-05:00,21759.0,-82.0,8630.041666666668,8912.041666666668,-282.0,23.572142247331072,30.5352879804871,15.029671842505614,15.505616137981487,SKIP_LOW_ADX,-82.0,2025
2025-02-11,Long,2025-02-11 09:45:00-05:00,21789.5,2025-02-11 10:28:00-05:00,21829.5,78.0,8708.041666666668,8912.041666666668,-204.0,37.12393819480816,32.48455901207948,11.420635464512719,21.06392354756676,TAKE,,2025
2025-02-12,Long,2025-02-12 09:45:00-05:00,21661.0,2025-02-12 09:53:00-05:00,21701.0,78.0,8786.041666666668,8912.041666666668,-126.0,37.3676929622837,37.17536114178487,8.263574022305056,28.91178711947981,TAKE,,2025
2025-02-13,Short,2025-02-13 09:45:00-05:00,21886.5,2025-02-13 09:59:00-05:00,21926.5,-82.0,8704.041666666668,8912.041666666668,-208.0,22.995946295696168,23.936318809847013,24.851544603564548,0.9152257937175357,SKIP_LOW_ADX,-82.0,2025
2025-02-19,Short,2025-02-19 09:45:00-05:00,22182.5,2025-02-19 10:03:00-05:00,22142.5,78.0,8782.041666666668,8912.041666666668,-130.0,23.54694191701514,15.6175891604631,26.406068430991198,10.788479270528098,SKIP_LOW_ADX,78.0,2025
2025-02-20,Short,2025-02-20 09:45:00-05:00,22166.0,2025-02-20 09:51:00-05:00,22126.0,78.0,8860.041666666668,8912.041666666668,-52.0,16.622168209453175,16.445876365830813,30.890601093810833,14.44472472798002,SKIP_LOW_ADX,78.0,2025
2025-02-21,Short,2025-02-21 09:45:00-05:00,22122.5,2025-02-21 09:59:00-05:00,22082.5,78.0,8938.041666666668,8938.041666666668,0.0,51.70136126518423,7.5288726446564835,27.87991839347739,20.351045748820905,TAKE,,2025
2025-02-24,Long,2025-02-24 09:45:00-05:00,21711.75,2025-02-24 09:50:00-05:00,21671.75,-82.0,8856.041666666668,8938.041666666668,-82.0,27.2172385024002,18.64151670447975,27.079607589028512,8.438090884548764,SKIP_LOW_ADX,-82.0,2025
2025-02-25,Short,2025-02-25 09:45:00-05:00,21313.25,2025-02-25 09:51:00-05:00,21273.25,78.0,8934.041666666668,8938.041666666668,-4.0,14.860832805474576,19.54690429484257,23.23832239318703,3.69141809834446,SKIP_LOW_ADX,78.0,2025
2025-02-26,Long,2025-02-26 09:45:00-05:00,21233.75,2025-02-26 09:49:00-05:00,21273.75,78.0,9012.041666666668,9012.041666666668,0.0,34.73381122664812,14.001874913127503,25.061459028275788,11.059584115148285,SKIP_DIR_LONG,78.0,2025
2025-02-27,Long,2025-02-27 09:45:00-05:00,21192.75,2025-02-27 09:51:00-05:00,21152.75,-82.0,8930.041666666668,9012.041666666668,-82.0,27.499198441810858,7.230803918898957,43.84326009489021,36.612456175991255,SKIP_LOW_ADX,-82.0,2025
2025-02-28,Short,2025-02-28 09:45:00-05:00,20608.75,2025-02-28 09:55:00-05:00,20568.75,78.0,9008.041666666668,9012.041666666668,-4.0,21.252566946367253,23.446679911891895,16.07129617909426,7.3753837327976335,SKIP_LOW_ADX,78.0,2025
2025-03-03,Short,2025-03-03 09:45:00-05:00,20970.0,2025-03-03 09:49:00-05:00,20930.0,78.0,9086.041666666668,9086.041666666668,0.0,35.05116473895858,8.386965257057824,33.19220708965259,24.805241832594767,TAKE,,2025
2025-03-04,Short,2025-03-04 09:45:00-05:00,20331.0,2025-03-04 09:46:00-05:00,20371.0,-82.0,9004.041666666668,9086.041666666668,-82.0,14.692823694946453,23.826768890040327,23.610021821498005,0.21674706854232184,SKIP_LOW_ADX,-82.0,2025
2025-03-05,Long,2025-03-05 09:45:00-05:00,20424.75,2025-03-05 09:47:00-05:00,20384.75,-82.0,8922.041666666668,9086.041666666668,-164.0,18.04948001605265,23.905593457917863,22.475099667483327,1.4304937904345358,SKIP_LOW_ADX,-82.0,2025
2025-03-06,Long,2025-03-06 09:45:00-05:00,20248.25,2025-03-06 09:47:00-05:00,20288.25,78.0,9000.041666666668,9086.041666666668,-86.0,31.155624931430317,11.281553211014703,25.727954102662167,14.446400891647464,SKIP_DIR_LONG,78.0,2025
2025-03-07,Long,2025-03-07 09:45:00-05:00,20149.0,2025-03-07 09:48:00-05:00,20189.0,78.0,9078.041666666668,9086.041666666668,-8.0,22.69936552112667,30.5987791521627,11.57598249385608,19.022796658306618,SKIP_LOW_ADX,78.0,2025
2025-03-10,Short,2025-03-10 09:45:00-04:00,19881.5,2025-03-10 09:47:00-04:00,19841.5,78.0,9156.041666666668,9156.041666666668,0.0,18.467740033009758,22.543063113290316,13.185497215187848,9.357565898102468,SKIP_LOW_ADX,78.0,2025
2025-03-11,Short,2025-03-11 09:45:00-04:00,19536.5,2025-03-11 09:46:00-04:00,19496.5,78.0,9234.041666666668,9234.041666666668,0.0,22.907180013060394,24.798040688395105,14.20970917422876,10.588331514166345,SKIP_LOW_ADX,78.0,2025
2025-03-12,Short,2025-03-12 09:45:00-04:00,19686.75,2025-03-12 09:46:00-04:00,19726.75,-82.0,9152.041666666668,9234.041666666668,-82.0,15.94389947668503,12.536114684350686,25.74137903311607,13.205264348765382,SKIP_LOW_ADX,-82.0,2025
2025-03-13,Long,2025-03-13 09:45:00-04:00,19482.0,2025-03-13 09:52:00-04:00,19442.0,-82.0,9070.041666666668,9234.041666666668,-164.0,33.23338627491993,9.872913939160885,28.89652908409104,19.023615144930154,SKIP_DIR_LONG,-82.0,2025
2025-03-14,Long,2025-03-14 09:45:00-04:00,19576.5,2025-03-14 09:50:00-04:00,19616.5,78.0,9148.041666666668,9234.041666666668,-86.0,39.70213424584898,26.34467603624785,10.879066195592088,15.465609840655762,TAKE,,2025
2025-03-17,Short,2025-03-17 09:45:00-04:00,19812.25,2025-03-17 09:49:00-04:00,19772.25,78.0,9226.041666666668,9234.041666666668,-8.0,36.98009372965722,30.510987301520277,14.501772907403351,16.009214394116924,SKIP_DIR_SHORT,78.0,2025
2025-03-18,Short,2025-03-18 09:45:00-04:00,19712.0,2025-03-18 09:57:00-04:00,19672.0,78.0,9304.041666666668,9304.041666666668,0.0,40.8202247751366,10.434187622703961,40.58359882584118,30.14941120313722,TAKE,,2025
2025-03-19,Long,2025-03-19 09:45:00-04:00,19725.75,2025-03-19 09:46:00-04:00,19765.75,78.0,9382.041666666668,9382.041666666668,0.0,22.665851564749666,12.107884342083654,28.517428194044776,16.40954385196112,SKIP_LOW_ADX,78.0,2025
2025-03-20,Long,2025-03-20 09:45:00-04:00,19882.5,2025-03-20 09:47:00-04:00,19922.5,78.0,9460.041666666668,9460.041666666668,0.0,25.64273008098163,23.685210653140583,19.231438882767712,4.453771770372871,SKIP_LOW_ADX,78.0,2025
2025-03-21,Short,2025-03-21 09:45:00-04:00,19684.5,2025-03-21 09:50:00-04:00,19724.5,-82.0,9378.041666666668,9460.041666666668,-82.0,24.72819206466005,21.185938512804917,18.1710463645071,3.014892148297818,SKIP_LOW_ADX,-82.0,2025
2025-03-24,Long,2025-03-24 09:45:00-04:00,20280.25,2025-03-24 09:51:00-04:00,20320.25,78.0,9456.041666666668,9460.041666666668,-4.0,19.48428432625905,17.403239256026815,24.8974011469848,7.494161890957987,SKIP_LOW_ADX,78.0,2025
2025-03-25,Long,2025-03-25 09:45:00-04:00,20394.25,2025-03-25 10:00:00-04:00,20434.25,78.0,9534.041666666668,9534.041666666668,0.0,21.101276114276704,15.624571232949236,28.49370235872905,12.869131125779813,SKIP_LOW_ADX,78.0,2025
2025-03-26,Short,2025-03-26 09:45:00-04:00,20445.5,2025-03-26 09:48:00-04:00,20405.5,78.0,9612.041666666668,9612.041666666668,0.0,20.343433400512097,14.780088091619138,23.86910579753142,9.089017705912283,SKIP_LOW_ADX,78.0,2025
2025-03-27,Long,2025-03-27 09:45:00-04:00,19979.75,2025-03-27 09:49:00-04:00,20019.75,78.0,9690.041666666668,9690.041666666668,0.0,42.51489133673856,12.010401987652227,22.447089420963987,10.43668743331176,SKIP_DIR_LONG,78.0,2025
2025-03-28,Long,2025-03-28 09:45:00-04:00,19881.75,2025-03-28 09:50:00-04:00,19921.75,78.0,9768.041666666668,9768.041666666668,0.0,22.735257148073927,18.173701059328412,17.346648035016063,0.8270530243123488,SKIP_LOW_ADX,78.0,2025
2025-04-01,Long,2025-04-01 09:45:00-04:00,19400.5,2025-04-01 09:48:00-04:00,19440.5,78.0,9846.041666666668,9846.041666666668,0.0,14.471925320607207,22.061191067560312,19.31074471639656,2.7504463511637525,SKIP_LOW_ADX,78.0,2025
2025-04-02,Long,2025-04-02 09:45:00-04:00,19529.75,2025-04-02 09:49:00-04:00,19569.75,78.0,9924.041666666668,9924.041666666668,0.0,37.92768806409023,36.31148526949591,12.738399435231903,23.573085834264006,TAKE,,2025
2025-04-03,Short,2025-04-03 09:45:00-04:00,18965.5,2025-04-03 09:50:00-04:00,19005.5,-82.0,9842.041666666668,9924.041666666668,-82.0,27.583627418265195,20.457312829395782,19.377711695075362,1.07960113432042,SKIP_LOW_ADX,-82.0,2025
2025-04-10,Long,2025-04-10 09:45:00-04:00,18764.75,2025-04-10 09:46:00-04:00,18724.75,-82.0,9760.041666666668,9924.041666666668,-164.0,23.202243062028693,9.645161850565648,23.12982522880606,13.48466337824041,SKIP_LOW_ADX,-82.0,2025
2025-04-11,Long,2025-04-11 09:45:00-04:00,18537.0,2025-04-11 09:46:00-04:00,18577.0,78.0,9838.041666666668,9924.041666666668,-86.0,22.71289228002699,31.291234905768423,13.97086795196579,17.320366953802633,SKIP_LOW_ADX,78.0,2025
2025-04-14,Long,2025-04-14 09:45:00-04:00,19077.375,2025-04-14 09:46:00-04:00,19037.375,-82.0,9756.041666666668,9924.041666666668,-168.0,43.24291252818556,6.295533466438386,32.79089982070019,26.495366354261805,SKIP_DIR_LONG,-82.0,2025
2025-04-15,Short,2025-04-15 09:45:00-04:00,19070.25,2025-04-15 09:51:00-04:00,19110.25,-82.0,9674.041666666668,9924.041666666668,-250.0,42.832422029153825,24.745577046364502,10.698033953983956,14.047543092380547,SKIP_DIR_SHORT,-82.0,2025
2025-04-16,Short,2025-04-16 09:45:00-04:00,18637.0,2025-04-16 09:46:00-04:00,18597.0,78.0,9752.041666666668,9924.041666666668,-172.0,28.30526037405867,19.64395894882977,15.610534128238388,4.033424820591382,SKIP_LOW_ADX,78.0,2025
2025-04-17,Short,2025-04-17 09:45:00-04:00,18417.5,2025-04-17 09:46:00-04:00,18377.5,78.0,9830.041666666668,9924.041666666668,-94.0,32.384029832152486,13.499526181189296,23.80011541971524,10.300589238525944,TAKE,,2025
2025-04-23,Long,2025-04-23 09:45:00-04:00,19035.75,2025-04-23 09:46:00-04:00,19075.75,78.0,9908.041666666668,9924.041666666668,-16.0,33.32687921002171,26.211964495220602,9.639633433656025,16.572331061564576,TAKE,,2025
2025-04-24,Long,2025-04-24 09:45:00-04:00,18954.5,2025-04-24 09:51:00-04:00,18994.5,78.0,9986.041666666668,9986.041666666668,0.0,19.656662130914146,28.879137787872484,14.205354452760577,14.673783335111906,SKIP_LOW_ADX,78.0,2025
2025-04-25,Long,2025-04-25 09:45:00-04:00,19316.583333333332,2025-04-25 09:47:00-04:00,19276.583333333332,-82.0,9904.041666666668,9986.041666666668,-82.0,30.640362682335688,21.66835818635931,21.749480604574252,0.08112241821494237,SKIP_LOW_DI,-82.0,2025
2025-04-28,Long,2025-04-28 09:45:00-04:00,19597.5,2025-04-28 09:51:00-04:00,19557.5,-82.0,9822.041666666668,9986.041666666668,-164.0,31.87304077770918,25.132542369877623,12.230965006042096,12.901577363835527,TAKE,,2025
2025-04-29,Long,2025-04-29 09:45:00-04:00,19472.25,2025-04-29 09:47:00-04:00,19512.25,78.0,9900.041666666668,9986.041666666668,-86.0,22.744106336614323,20.927595560662432,12.455090703795651,8.472504856866781,SKIP_LOW_ADX,78.0,2025
2025-04-30,Short,2025-04-30 09:45:00-04:00,19180.25,2025-04-30 09:56:00-04:00,19140.25,78.0,9978.041666666668,9986.041666666668,-8.0,28.33881482963476,14.676896060693721,32.48677636008211,17.80988029938839,SKIP_LOW_ADX,78.0,2025
2025-05-01,Long,2025-05-01 09:45:00-04:00,19931.75,2025-05-01 09:47:00-04:00,19971.75,78.0,10056.041666666668,10056.041666666668,0.0,28.859296640498105,16.80985886435147,22.830210665256757,6.0203518009052885,SKIP_LOW_ADX,78.0,2025
2025-05-02,Long,2025-05-02 09:45:00-04:00,20100.5,2025-05-02 09:48:00-04:00,20060.5,-82.0,9974.041666666668,10056.041666666668,-82.0,18.96401138385927,19.68560069197,20.32679319738392,0.6411925054139225,SKIP_LOW_ADX,-82.0,2025
2025-05-05,Short,2025-05-05 09:45:00-04:00,20028.791666666668,2025-05-05 09:57:00-04:00,20068.791666666668,-82.0,9892.041666666668,10056.041666666668,-164.0,20.273310616199552,25.779034269381263,19.59569318716973,6.183341082211534,SKIP_LOW_ADX,-82.0,2025
2025-05-06,Long,2025-05-06 09:45:00-04:00,19847.25,2025-05-06 09:47:00-04:00,19807.25,-82.0,9810.041666666668,10056.041666666668,-246.0,38.27694641817095,23.208343816972608,7.598375960920991,15.609967856051618,TAKE,,2025
2025-05-07,Long,2025-05-07 09:45:00-04:00,19924.0,2025-05-07 09:48:00-04:00,19884.0,-82.0,9728.041666666668,10056.041666666668,-328.0,27.45756508304075,19.65602357633405,16.54879948084888,3.1072240954851686,SKIP_LOW_ADX,-82.0,2025
2025-05-08,Short,2025-05-08 09:45:00-04:00,20123.25,2025-05-08 09:48:00-04:00,20083.25,78.0,9806.041666666668,10056.041666666668,-250.0,35.73074910709515,9.845370809096531,18.59042518255734,8.745054373460809,TAKE,,2025
2025-05-09,Short,2025-05-09 09:45:00-04:00,20227.25,2025-05-09 10:06:00-04:00,20267.25,-82.0,9724.041666666668,10056.041666666668,-332.0,24.729328362230493,15.396022042687813,23.705807327767538,8.309785285079725,SKIP_LOW_ADX,-82.0,2025
2025-05-12,Long,2025-05-12 09:45:00-04:00,20778.0,2025-05-12 09:52:00-04:00,20818.0,78.0,9802.041666666668,10056.041666666668,-254.0,38.139193802473436,11.629555298641817,32.95071011906459,21.32115482042277,SKIP_DIR_LONG,78.0,2025
2025-05-13,Short,2025-05-13 09:45:00-04:00,21066.75,2025-05-13 09:53:00-04:00,21106.75,-82.0,9720.041666666668,10056.041666666668,-336.0,21.77660301191741,24.395415905274387,19.165502873713212,5.229913031561175,SKIP_LOW_ADX,-82.0,2025
2025-05-14,Short,2025-05-14 09:45:00-04:00,21341.75,2025-05-14 09:48:00-04:00,21301.75,78.0,9798.041666666668,10056.041666666668,-258.0,22.120007709449222,21.747855077898585,26.000030972302486,4.252175894403901,SKIP_LOW_ADX,78.0,2025
2025-05-15,Short,2025-05-15 09:45:00-04:00,21310.09375,2025-05-15 09:46:00-04:00,21270.09375,78.0,9876.041666666668,10056.041666666668,-180.0,13.497056141230594,19.09416161534373,16.598355875338598,2.4958057400051317,SKIP_LOW_ADX,78.0,2025
2025-05-16,Long,2025-05-16 09:45:00-04:00,21415.25,2025-05-16 10:19:00-04:00,21455.25,78.0,9954.041666666668,10056.041666666668,-102.0,17.094714345589175,19.86249714315141,25.085765344095567,5.223268200944158,SKIP_LOW_ADX,78.0,2025
2025-05-19,Long,2025-05-19 09:45:00-04:00,21332.25,2025-05-19 09:49:00-04:00,21372.25,78.0,10032.041666666668,10056.041666666668,-24.0,37.43251111063195,35.498133516616406,11.408897685059836,24.08923583155657,TAKE,,2025
2025-05-20,Long,2025-05-20 09:45:00-04:00,21413.75,2025-05-20 09:47:00-04:00,21373.75,-82.0,9950.041666666668,10056.041666666668,-106.0,22.741818961614012,15.41540861003236,24.14915099969546,8.733742389663101,SKIP_LOW_ADX,-82.0,2025
2025-05-21,Long,2025-05-21 09:45:00-04:00,21364.25,2025-05-21 09:52:00-04:00,21404.25,78.0,10028.041666666668,10056.041666666668,-28.0,32.933638613314294,26.59720832130232,10.025172748731983,16.572035572570336,TAKE,,2025
2025-05-22,Long,2025-05-22 09:45:00-04:00,21164.0,2025-05-22 09:50:00-04:00,21204.0,78.0,10106.041666666668,10106.041666666668,0.0,16.62414854195975,21.346601278905787,18.332109932467176,3.0144913464386107,SKIP_LOW_ADX,78.0,2025
2025-05-23,Short,2025-05-23 09:45:00-04:00,20907.25,2025-05-23 09:46:00-04:00,20867.25,78.0,10184.041666666668,10184.041666666668,0.0,38.25700897639287,20.524700662263538,12.540549579261256,7.984151083002281,SKIP_LOW_DI,78.0,2025
2025-05-26,Long,2025-05-26 09:45:00-04:00,21302.75,2025-05-26 10:21:00-04:00,21262.75,-82.0,10102.041666666668,10184.041666666668,-82.0,27.543774916572445,27.633416933828986,14.999638727796288,12.633778206032698,SKIP_LOW_ADX,-82.0,2025
2025-05-27,Long,2025-05-27 09:45:00-04:00,21242.5,2025-05-27 09:51:00-04:00,21282.5,78.0,10180.041666666668,10184.041666666668,-4.0,34.551873149402084,13.158863826134226,23.187852199361835,10.028988373227609,SKIP_DIR_LONG,78.0,2025
2025-05-28,Short,2025-05-28 09:45:00-04:00,21542.0,2025-05-28 09:47:00-04:00,21502.0,78.0,10258.041666666668,10258.041666666668,0.0,26.43895276948262,24.786746768928545,16.965431054614847,7.821315714313698,SKIP_LOW_ADX,78.0,2025
2025-05-29,Short,2025-05-29 09:45:00-04:00,21527.0,2025-05-29 09:49:00-04:00,21487.0,78.0,10336.041666666668,10336.041666666668,0.0,45.8465441147636,9.049853303105065,36.77160782235277,27.721754519247703,TAKE,,2025
2025-05-30,Long,2025-05-30 09:45:00-04:00,21311.722222222223,2025-05-30 09:50:00-04:00,21271.722222222223,-82.0,10254.041666666668,10336.041666666668,-82.0,22.956443852019998,10.971365721704048,19.22067617470927,8.24931045300522,SKIP_LOW_ADX,-82.0,2025
2025-06-02,Short,2025-06-02 09:45:00-04:00,21422.5,2025-06-02 09:47:00-04:00,21382.5,78.0,10332.041666666668,10336.041666666668,-4.0,44.01539584739757,36.33891231373547,15.568049717794182,20.77086259594129,SKIP_DIR_SHORT,78.0,2025
2025-06-03,Long,2025-06-03 09:45:00-04:00,21563.5,2025-06-03 09:57:00-04:00,21603.5,78.0,10410.041666666668,10410.041666666668,0.0,19.93538450892165,28.86425313607248,16.24337709132098,12.620876044751501,SKIP_LOW_ADX,78.0,2025
2025-06-04,Long,2025-06-04 09:45:00-04:00,21761.5,2025-06-04 10:00:00-04:00,21721.5,-82.0,10328.041666666668,10410.041666666668,-82.0,33.090438780677644,25.16711767285262,20.298043351527618,4.869074321325002,SKIP_LOW_DI,-82.0,2025
2025-06-05,Short,2025-06-05 09:45:00-04:00,21778.5,2025-06-05 09:46:00-04:00,21738.5,78.0,10406.041666666668,10410.041666666668,-4.0,17.86271635760245,16.45371582968476,22.603834453372944,6.150118623688183,SKIP_LOW_ADX,78.0,2025
2025-06-06,Long,2025-06-06 09:45:00-04:00,21840.5,2025-06-06 10:28:00-04:00,21800.5,-82.0,10324.041666666668,10410.041666666668,-86.0,33.89475877742444,28.01686826062551,7.5255137478882475,20.491354512737264,TAKE,,2025
2025-06-09,Short,2025-06-09 09:45:00-04:00,21795.25,2025-06-09 10:11:00-04:00,21835.25,-82.0,10242.041666666668,10410.041666666668,-168.0,23.569467668737918,16.350674194366768,19.16551663693235,2.814842442565581,SKIP_LOW_ADX,-82.0,2025
2025-06-10,Short,2025-06-10 09:45:00-04:00,21852.0,2025-06-10 09:53:00-04:00,21892.0,-82.0,10160.041666666668,10410.041666666668,-250.0,15.94322778452789,23.9561784783976,29.503934481497616,5.547756003100016,SKIP_LOW_ADX,-82.0,2025
2025-06-12,Short,2025-06-12 09:45:00-04:00,21867.375,2025-06-12 10:13:00-04:00,21907.375,-82.0,10078.041666666668,10410.041666666668,-332.0,27.426665898175813,24.15944823212059,10.687946864457725,13.471501367662864,SKIP_LOW_ADX,-82.0,2025
2025-06-13,Short,2025-06-13 09:45:00-04:00,21765.0,2025-06-13 09:55:00-04:00,21725.0,78.0,10156.041666666668,10410.041666666668,-254.0,40.77844489164117,28.253002293456998,17.792179901027467,10.460822392429531,SKIP_DIR_SHORT,78.0,2025
2025-06-17,Short,2025-06-17 09:45:00-04:00,22035.5,2025-06-17 09:51:00-04:00,22075.5,-82.0,10074.041666666668,10410.041666666668,-336.0,23.890985219408375,14.991389925374397,27.491765865535644,12.500375940161247,SKIP_LOW_ADX,-82.0,2025
2025-06-18,Long,2025-06-18 09:45:00-04:00,21977.25,2025-06-18 09:52:00-04:00,22017.25,78.0,10152.041666666668,10410.041666666668,-258.0,26.253967540334642,22.308123671103456,19.966867275856977,2.3412563952464787,SKIP_LOW_ADX,78.0,2025
2025-06-19,Short,2025-06-19 09:45:00-04:00,21722.5,2025-06-19 09:48:00-04:00,21682.5,78.0,10230.041666666668,10410.041666666668,-180.0,41.68989279053336,5.892169601643911,34.291120032867354,28.398950431223444,TAKE,,2025
2025-06-20,Short,2025-06-20 09:45:00-04:00,22096.75,2025-06-20 09:50:00-04:00,22056.75,78.0,10308.041666666668,10410.041666666668,-102.0,25.788142958296927,25.969299477028887,16.12860373376676,9.840695743262128,SKIP_LOW_ADX,78.0,2025
2025-06-23,Short,2025-06-23 09:45:00-04:00,21867.375,2025-06-23 09:48:00-04:00,21907.375,-82.0,10226.041666666668,10410.041666666668,-184.0,23.696856488464643,21.340555258917654,23.74869008946646,2.408134830548807,SKIP_LOW_ADX,-82.0,2025
2025-07-07,Short,2025-07-07 09:45:00-04:00,22928.5,2025-07-07 09:51:00-04:00,22968.5,-82.0,10144.041666666668,10410.041666666668,-266.0,20.666381928192305,23.218823003694666,22.804533329114093,0.41428967458057286,SKIP_LOW_ADX,-82.0,2025
2025-07-08,Short,2025-07-08 09:45:00-04:00,22904.75,2025-07-08 10:24:00-04:00,22864.75,78.0,10222.041666666668,10410.041666666668,-188.0,34.8858052454726,11.46959901270122,20.27862118466117,8.809022171959949,TAKE,,2025
2025-07-11,Short,2025-07-11 09:45:00-04:00,22877.75,2025-07-11 09:48:00-04:00,22917.75,-82.0,10140.041666666668,10410.041666666668,-270.0,23.338846434845582,17.023449582273923,30.9445122367042,13.921062654430276,SKIP_LOW_ADX,-82.0,2025
2025-07-14,Short,2025-07-14 09:45:00-04:00,22853.75,2025-07-14 09:48:00-04:00,22893.75,-82.0,10058.041666666668,10410.041666666668,-352.0,33.46579576138999,17.052918648808,34.976651338809894,17.923732690001895,TAKE,,2025
2025-07-17,Long,2025-07-17 09:45:00-04:00,23122.5,2025-07-17 10:01:00-04:00,23162.5,78.0,10136.041666666668,10410.041666666668,-274.0,30.493900680580065,24.636654007803998,15.597676996471662,9.038977011332335,TAKE,,2025
2025-07-23,Short,2025-07-23 09:45:00-04:00,23198.0,2025-07-23 09:59:00-04:00,23158.0,78.0,10214.041666666668,10410.041666666668,-196.0,27.096561230382193,14.190345581225273,29.668786301708003,15.47844072048273,SKIP_LOW_ADX,78.0,2025
2025-07-24,Long,2025-07-24 09:45:00-04:00,23360.0,2025-07-24 09:48:00-04:00,23400.0,78.0,10292.041666666668,10410.041666666668,-118.0,17.033764700636123,16.73708813917966,15.655351843422563,1.0817362957570982,SKIP_LOW_ADX,78.0,2025
2025-07-25,Long,2025-07-25 09:45:00-04:00,23361.5,2025-07-25 09:55:00-04:00,23401.5,78.0,10370.041666666668,10410.041666666668,-40.0,14.374756121886067,15.431001620458543,17.193746249983377,1.7627446295248337,SKIP_LOW_ADX,78.0,2025
2025-08-01,Short,2025-08-01 09:45:00-04:00,22919.75,2025-08-01 09:48:00-04:00,22879.75,78.0,10448.041666666668,10448.041666666668,0.0,31.962149186399696,8.606031080148862,32.419432219558345,23.813401139409486,TAKE,,2025
2025-08-04,Long,2025-08-04 09:45:00-04:00,23189.5,2025-08-04 09:54:00-04:00,23229.5,78.0,10526.041666666668,10526.041666666668,0.0,45.9321834923725,40.1122425178386,7.237581769544869,32.874660748293735,TAKE,,2025
2025-08-05,Long,2025-08-05 09:45:00-04:00,23357.75,2025-08-05 10:00:00-04:00,23317.75,-82.0,10444.041666666668,10526.041666666668,-82.0,16.808342576089657,19.674854253445833,17.595577775082067,2.0792764783637665,SKIP_LOW_ADX,-82.0,2025
2025-08-20,Short,2025-08-20 09:45:00-04:00,23323.5,2025-08-20 09:46:00-04:00,23283.5,78.0,10522.041666666668,10526.041666666668,-4.0,24.58343554413432,15.399170582170045,28.0646444061044,12.665473823934354,SKIP_LOW_ADX,78.0,2025
2025-08-21,Short,2025-08-21 09:45:00-04:00,23256.0,2025-08-21 09:46:00-04:00,23216.0,78.0,10600.041666666668,10600.041666666668,0.0,18.391143309819434,16.45029596810719,20.415645733809004,3.965349765701813,SKIP_LOW_ADX,78.0,2025
2025-08-22,Long,2025-08-22 09:45:00-04:00,23322.5,2025-08-22 09:57:00-04:00,23282.5,-82.0,10518.041666666668,10600.041666666668,-82.0,26.290942738462892,27.48895198168088,12.773106247317601,14.71584573436328,SKIP_LOW_ADX,-82.0,2025
2025-08-25,Short,2025-08-25 09:45:00-04:00,23480.75,2025-08-25 10:00:00-04:00,23520.75,-82.0,10436.041666666668,10600.041666666668,-164.0,14.313449541793482,19.2185526701092,26.40064212947386,7.182089459364658,SKIP_LOW_ADX,-82.0,2025
2025-08-26,Short,2025-08-26 09:45:00-04:00,23498.0,2025-08-26 09:46:00-04:00,23458.0,78.0,10514.041666666668,10600.041666666668,-86.0,23.77859695646588,23.680710570120784,17.60542579670466,6.075284773416122,SKIP_LOW_ADX,78.0,2025
2025-08-27,Short,2025-08-27 09:45:00-04:00,23517.5,2025-08-27 10:08:00-04:00,23557.5,-82.0,10432.041666666668,10600.041666666668,-168.0,23.064030431371663,11.167487084905574,21.271435124431537,10.103948039525964,SKIP_LOW_ADX,-82.0,2025
2025-08-28,Long,2025-08-28 09:45:00-04:00,23702.5,2025-08-28 09:49:00-04:00,23662.5,-82.0,10350.041666666668,10600.041666666668,-250.0,31.69704846130128,23.66830584465847,18.48343071673374,5.18487512792473,SKIP_LOW_DI,-82.0,2025
2025-08-29,Short,2025-08-29 09:45:00-04:00,23600.5,2025-08-29 09:46:00-04:00,23560.5,78.0,10428.041666666668,10600.041666666668,-172.0,34.759549100765376,9.787144401844694,30.846746200923914,21.059601799079218,TAKE,,2025
2025-09-01,Long,2025-09-01 09:45:00-04:00,23481.25,2025-09-01 11:30:00-04:00,23504.25,44.0,10472.041666666668,10600.041666666668,-128.0,19.219008972817047,23.949151329829295,19.41581745609635,4.533333873732946,SKIP_LOW_ADX,44.0,2025
2025-09-02,Long,2025-09-02 09:45:00-04:00,23150.75,2025-09-02 09:48:00-04:00,23190.75,78.0,10550.041666666668,10600.041666666668,-50.0,23.337907796056985,23.46654359434168,15.115959245067721,8.350584349273959,SKIP_LOW_ADX,78.0,2025
2025-09-04,Long,2025-09-04 09:45:00-04:00,23487.75,2025-09-04 10:02:00-04:00,23447.75,-82.0,10468.041666666668,10600.041666666668,-132.0,18.10974925035084,20.049585671468698,25.15796205379578,5.108376382327084,SKIP_LOW_ADX,-82.0,2025
2025-09-05,Short,2025-09-05 09:45:00-04:00,23837.0,2025-09-05 09:49:00-04:00,23877.0,-82.0,10386.041666666668,10600.041666666668,-214.0,23.40509044937693,16.37615092613985,12.239063513322783,4.137087412817067,SKIP_LOW_ADX,-82.0,2025
2025-09-08,Long,2025-09-08 09:45:00-04:00,23830.75,2025-09-08 09:55:00-04:00,23870.75,78.0,10464.041666666668,10600.041666666668,-136.0,22.938796420218296,26.15181697499547,18.816364338230706,7.335452636764764,SKIP_LOW_ADX,78.0,2025
2025-09-09,Short,2025-09-09 09:45:00-04:00,23839.916666666668,2025-09-09 10:00:00-04:00,23799.916666666668,78.0,10542.041666666668,10600.041666666668,-58.0,20.760700888520898,17.281841444622795,15.723320947357555,1.5585204972652402,SKIP_LOW_ADX,78.0,2025
2025-09-11,Short,2025-09-11 09:45:00-04:00,23920.0,2025-09-11 09:48:00-04:00,23960.0,-82.0,10460.041666666668,10600.041666666668,-140.0,27.598641836206387,12.555667210971565,26.865159245552196,14.30949203458063,SKIP_LOW_ADX,-82.0,2025
2025-10-06,Short,2025-10-06 09:45:00-04:00,25140.25,2025-10-06 10:21:00-04:00,25180.25,-82.0,10378.041666666668,10600.041666666668,-222.0,26.687267439714613,11.44590170928139,31.048663926285588,19.602762217004198,SKIP_LOW_ADX,-82.0,2025
2025-10-08,Long,2025-10-08 09:45:00-04:00,25132.0,2025-10-08 09:56:00-04:00,25172.0,78.0,10456.041666666668,10600.041666666668,-144.0,39.45904841825061,26.695807500302,16.73435593200424,9.961451568297758,TAKE,,2025
2025-10-13,Long,2025-10-13 09:45:00-04:00,24812.0,2025-10-13 09:46:00-04:00,24772.0,-82.0,10374.041666666668,10600.041666666668,-226.0,27.695040913838596,17.845693634162288,18.016487476184697,0.17079384202240888,SKIP_LOW_ADX,-82.0,2025
2025-10-14,Short,2025-10-14 09:45:00-04:00,24452.75,2025-10-14 09:46:00-04:00,24492.75,-82.0,10292.041666666668,10600.041666666668,-308.0,45.06348328920895,8.337510366489585,40.72438559872414,32.38687523223456,TAKE,,2025
2025-10-17,Short,2025-10-17 09:45:00-04:00,24693.25,2025-10-17 09:48:00-04:00,24733.25,-82.0,10210.041666666668,10600.041666666668,-390.0,17.170926734384174,11.94067693536841,24.73180592882405,12.791128993455638,SKIP_LOW_ADX,-82.0,2025
2025-10-20,Long,2025-10-20 09:45:00-04:00,25188.75,2025-10-20 09:49:00-04:00,25228.75,78.0,10288.041666666668,10600.041666666668,-312.0,36.55067277372938,23.7774017513752,16.70652718459822,7.070874566776983,SKIP_LOW_DI,78.0,2025
2025-10-21,Short,2025-10-21 09:45:00-04:00,25255.75,2025-10-21 09:57:00-04:00,25215.75,78.0,10366.041666666668,10600.041666666668,-234.0,23.752221285265957,16.010246606814878,27.680237038401295,11.669990431586417,SKIP_LOW_ADX,78.0,2025
2025-10-22,Short,2025-10-22 09:45:00-04:00,25259.5,2025-10-22 10:13:00-04:00,25219.5,78.0,10444.041666666668,10600.041666666668,-156.0,30.060798543314466,27.131367268691335,19.669510080962787,7.461857187728548,SKIP_LOW_DI,78.0,2025
2025-10-23,Long,2025-10-23 09:45:00-04:00,25092.0,2025-10-23 09:49:00-04:00,25132.0,78.0,10522.041666666668,10600.041666666668,-78.0,36.61715493104514,28.07068009918102,10.972342634450888,17.09833746473013,TAKE,,2025
2025-11-07,Long,2025-11-07 09:45:00-05:00,24975.5,2025-11-07 09:48:00-05:00,24935.5,-82.0,10440.041666666668,10600.041666666668,-160.0,31.41582799531071,14.065025396944462,25.381447642179467,11.316422245235005,SKIP_DIR_LONG,-82.0,2025
2025-11-12,Long,2025-11-12 09:45:00-05:00,25645.0,2025-11-12 09:46:00-05:00,25605.0,-82.0,10358.041666666668,10600.041666666668,-242.0,48.58965281241533,9.223242240563545,36.70153655260931,27.47829431204577,SKIP_DIR_LONG,-82.0,2025
2025-11-14,Long,2025-11-14 09:45:00-05:00,24834.5,2025-11-14 09:46:00-05:00,24874.5,78.0,10436.041666666668,10600.041666666668,-164.0,26.196025197646016,26.955318768665638,15.041562361567506,11.913756407098132,SKIP_LOW_ADX,78.0,2025
2025-11-17,Long,2025-11-17 09:45:00-05:00,25159.25,2025-11-17 09:46:00-05:00,25199.25,78.0,10514.041666666668,10600.041666666668,-86.0,34.25533198477681,33.54993666261246,16.653303578966568,16.89663308364589,TAKE,,2025
2025-11-18,Long,2025-11-18 09:45:00-05:00,24714.0,2025-11-18 09:46:00-05:00,24674.0,-82.0,10432.041666666668,10600.041666666668,-168.0,11.031751705926942,17.971828170816437,24.917599316612076,6.945771145795639,SKIP_LOW_ADX,-82.0,2025
2025-11-19,Long,2025-11-19 09:45:00-05:00,24743.0,2025-11-19 09:51:00-05:00,24783.0,78.0,10510.041666666668,10600.041666666668,-90.0,24.918680166054948,26.601829359920618,15.99988644649406,10.601942913426559,SKIP_LOW_ADX,78.0,2025
2025-11-20,Short,2025-11-20 09:45:00-05:00,25212.0,2025-11-20 09:46:00-05:00,25172.0,78.0,10588.041666666668,10600.041666666668,-12.0,19.916720826572167,17.225676565368442,15.368923796578146,1.8567527687902956,SKIP_LOW_ADX,78.0,2025
2025-11-24,Long,2025-11-24 09:45:00-05:00,24624.0,2025-11-24 09:47:00-05:00,24664.0,78.0,10666.041666666668,10666.041666666668,0.0,31.2921518588934,25.4182363424021,25.02325258466524,0.3949837577368598,SKIP_LOW_DI,78.0,2025
2025-11-25,Short,2025-11-25 09:45:00-05:00,24729.25,2025-11-25 09:46:00-05:00,24689.25,78.0,10744.041666666668,10744.041666666668,0.0,38.661467599569065,5.9993942054660385,37.268692631490886,31.269298426024847,TAKE,,2025
2025-11-26,Long,2025-11-26 09:45:00-05:00,25233.0,2025-11-26 09:50:00-05:00,25273.0,78.0,10822.041666666668,10822.041666666668,0.0,22.85234982751382,17.262018220507823,18.73954472311705,1.4775265026092264,SKIP_LOW_ADX,78.0,2025
2025-12-01,Long,2025-12-01 09:45:00-05:00,25247.0,2025-12-01 09:46:00-05:00,25287.0,78.0,10900.041666666668,10900.041666666668,0.0,24.343422433336663,11.852392081868917,27.761639523135486,15.909247441266569,SKIP_LOW_ADX,78.0,2025
2025-12-02,Long,2025-12-02 09:45:00-05:00,25595.5,2025-12-02 10:01:00-05:00,25635.5,78.0,10978.041666666668,10978.041666666668,0.0,30.564308709236744,28.27342807040804,13.33246529096286,14.940962779445181,TAKE,,2025
2025-12-03,Short,2025-12-03 09:45:00-05:00,25475.5,2025-12-03 09:53:00-05:00,25435.5,78.0,11056.041666666668,11056.041666666668,0.0,25.84744070589505,14.909586863899777,22.524110351440406,7.6145234875406285,SKIP_LOW_ADX,78.0,2025
2025-12-04,Short,2025-12-04 09:45:00-05:00,25590.75,2025-12-04 09:58:00-05:00,25550.75,78.0,11134.041666666668,11134.041666666668,0.0,39.10336395591816,11.255383509051516,27.522848025123,16.267464516071485,TAKE,,2025
2025-12-08,Long,2025-12-08 09:45:00-05:00,25805.0,2025-12-08 09:48:00-05:00,25765.0,-82.0,11052.041666666668,11134.041666666668,-82.0,20.19580565495086,21.014611721285426,18.395288452215386,2.6193232690700405,SKIP_LOW_ADX,-82.0,2025
2025-12-09,Short,2025-12-09 09:45:00-05:00,25613.0,2025-12-09 10:02:00-05:00,25653.0,-82.0,10970.041666666668,11134.041666666668,-164.0,18.392942223915682,19.661350326868803,18.95499830944281,0.7063520174259921,SKIP_LOW_ADX,-82.0,2025
2025-12-10,Long,2025-12-10 09:45:00-05:00,25643.25,2025-12-10 09:55:00-05:00,25603.25,-82.0,10888.041666666668,11134.041666666668,-246.0,21.761792873936294,26.919559142545154,23.20566594066036,3.713893201884794,SKIP_LOW_ADX,-82.0,2025
2025-12-11,Short,2025-12-11 09:45:00-05:00,25587.0,2025-12-11 09:46:00-05:00,25547.0,78.0,10966.041666666668,11134.041666666668,-168.0,32.226869899182624,10.582337374523163,22.899543393495673,12.31720601897251,TAKE,,2025
2025-12-12,Short,2025-12-12 09:45:00-05:00,25554.0,2025-12-12 09:48:00-05:00,25514.0,78.0,11044.041666666668,11134.041666666668,-90.0,22.751801347410584,13.505806181941082,25.001876361295405,11.496070179354323,SKIP_LOW_ADX,78.0,2025
2025-12-15,Short,2025-12-15 09:45:00-05:00,25543.0,2025-12-15 09:52:00-05:00,25503.0,78.0,11122.041666666668,11134.041666666668,-12.0,30.500976874149092,11.868811020129652,29.21207589249479,17.34326487236514,TAKE,,2025
2025-12-16,Short,2025-12-16 09:45:00-05:00,25265.5,2025-12-16 09:46:00-05:00,25225.5,78.0,11200.041666666668,11200.041666666668,0.0,19.394557125900526,16.012875828819244,19.776134246486986,3.7632584176677426,SKIP_LOW_ADX,78.0,2025
2025-12-17,Short,2025-12-17 09:45:00-05:00,25317.0,2025-12-17 09:46:00-05:00,25277.0,78.0,11278.041666666668,11278.041666666668,0.0,40.74075342228726,6.194518274704008,28.89464155107392,22.70012327636991,TAKE,,2025
2025-12-18,Long,2025-12-18 09:45:00-05:00,25210.375,2025-12-18 09:49:00-05:00,25170.375,-82.0,11196.041666666668,11278.041666666668,-82.0,29.21043272005872,13.571237144410894,25.899024983251355,12.327787838840461,SKIP_LOW_ADX,-82.0,2025
2025-12-19,Long,2025-12-19 09:45:00-05:00,25547.75,2025-12-19 10:00:00-05:00,25587.75,78.0,11274.041666666668,11278.041666666668,-4.0,31.324053114389052,42.43498275132483,13.285651376607092,29.14933137471774,TAKE,,2025
2025-12-22,Short,2025-12-22 09:45:00-05:00,25693.25,2025-12-22 09:51:00-05:00,25733.25,-82.0,11192.041666666668,11278.041666666668,-86.0,37.56098335623755,12.564163666244077,25.969815194217375,13.405651527973298,TAKE,,2025
2025-12-23,Long,2025-12-23 09:45:00-05:00,25730.0,2025-12-23 09:56:00-05:00,25690.0,-82.0,11110.041666666668,11278.041666666668,-168.0,33.16026640312515,31.31235409662044,14.496776091255203,16.815578005365236,TAKE,,2025
2025-12-24,Long,2025-12-24 09:45:00-05:00,25796.625,2025-12-24 10:13:00-05:00,25836.625,78.0,11188.041666666668,11278.041666666668,-90.0,21.09153525595974,21.75198144808812,16.351918162681155,5.400063285406965,SKIP_LOW_ADX,78.0,2025
2025-12-29,Short,2025-12-29 09:45:00-05:00,25793.0,2025-12-29 09:46:00-05:00,25753.0,78.0,11266.041666666668,11278.041666666668,-12.0,30.908495846456283,29.188739845802726,16.614964335637577,12.573775510165149,SKIP_DIR_SHORT,78.0,2025
2025-12-31,Short,2025-12-31 09:45:00-05:00,25620.0,2025-12-31 10:18:00-05:00,25580.0,78.0,11344.041666666668,11344.041666666668,0.0,43.59850841250832,9.35987046771904,36.681277189897926,27.321406722178885,TAKE,,2025
2026-01-02,Long,2026-01-02 09:45:00-05:00,25691.0,2026-01-02 09:47:00-05:00,25731.0,78.0,11422.041666666668,11422.041666666668,0.0,16.399855652224243,22.90563641147447,17.353343725095282,5.5522926863791895,SKIP_LOW_ADX,78.0,2026
2026-01-05,Long,2026-01-05 09:45:00-05:00,25602.5,2026-01-05 09:49:00-05:00,25562.5,-82.0,11340.041666666668,11422.041666666668,-82.0,30.48333003286159,16.3459444734066,18.3939268821993,2.0479824087926985,SKIP_LOW_DI,-82.0,2026
2026-01-06,Long,2026-01-06 09:45:00-05:00,25666.25,2026-01-06 09:47:00-05:00,25706.25,78.0,11418.041666666668,11422.041666666668,-4.0,25.996871203698046,27.131113885958694,14.931407757788897,12.199706128169797,SKIP_LOW_ADX,78.0,2026
2026-01-07,Short,2026-01-07 09:45:00-05:00,25854.5,2026-01-07 10:01:00-05:00,25814.5,78.0,11496.041666666668,11496.041666666668,0.0,33.18044533541747,29.908781175388544,9.65357152194565,20.255209653442893,SKIP_DIR_SHORT,78.0,2026
2026-01-08,Short,2026-01-08 09:45:00-05:00,25622.25,2026-01-08 09:47:00-05:00,25662.25,-82.0,11414.041666666668,11496.041666666668,-82.0,55.53826611315374,4.275847335837094,36.00177556787018,31.72592823203309,TAKE,,2026
2026-01-09,Long,2026-01-09 09:45:00-05:00,25751.5,2026-01-09 09:48:00-05:00,25711.5,-82.0,11332.041666666668,11496.041666666668,-164.0,33.86812705090402,25.01664805936977,23.907698361615743,1.1089496977540279,SKIP_LOW_DI,-82.0,2026
2026-01-12,Short,2026-01-12 09:45:00-05:00,25853.75,2026-01-12 09:50:00-05:00,25893.75,-82.0,11250.041666666668,11496.041666666668,-246.0,43.01848645379976,31.347060106214652,17.23120609118006,14.115854015034593,SKIP_DIR_SHORT,-82.0,2026
2026-01-14,Short,2026-01-14 09:45:00-05:00,25631.75,2026-01-14 09:49:00-05:00,25671.75,-82.0,11168.041666666668,11496.041666666668,-328.0,22.219789768950616,15.592601198515162,32.70221818032544,17.109616981810277,SKIP_LOW_ADX,-82.0,2026
2026-01-15,Short,2026-01-15 09:45:00-05:00,25927.0,2026-01-15 09:50:00-05:00,25887.0,78.0,11246.041666666668,11496.041666666668,-250.0,25.214264836511834,26.338815468465842,15.854457503972432,10.48435796449341,SKIP_LOW_ADX,78.0,2026
2026-01-16,Short,2026-01-16 09:45:00-05:00,25820.5,2026-01-16 09:54:00-05:00,25780.5,78.0,11324.041666666668,11496.041666666668,-172.0,18.78143020248952,13.29661663321541,26.42132985335353,13.124713220138121,SKIP_LOW_ADX,78.0,2026
2026-01-19,Short,2026-01-19 09:45:00-05:00,25246.0,2026-01-19 09:54:00-05:00,25286.0,-82.0,11242.041666666668,11496.041666666668,-254.0,46.95013956837008,5.903807397591129,26.35206938898694,20.44826199139581,TAKE,,2026
2026-01-20,Short,2026-01-20 09:45:00-05:00,25334.25,2026-01-20 09:46:00-05:00,25294.25,78.0,11320.041666666668,11496.041666666668,-176.0,29.96151688883821,28.774115222959676,14.99079697566258,13.783318247297096,SKIP_LOW_ADX,78.0,2026
2026-01-21,Long,2026-01-21 09:45:00-05:00,25201.5,2026-01-21 09:49:00-05:00,25241.5,78.0,11398.041666666668,11496.041666666668,-98.0,18.52929410902077,22.75188919988139,19.567906618171175,3.1839825817102145,SKIP_LOW_ADX,78.0,2026
2026-01-22,Short,2026-01-22 09:45:00-05:00,25646.25,2026-01-22 09:46:00-05:00,25606.25,78.0,11476.041666666668,11496.041666666668,-20.0,28.497133714547815,10.370530568273375,28.942633464164217,18.572102895890843,SKIP_LOW_ADX,78.0,2026
2026-01-23,Long,2026-01-23 09:45:00-05:00,25616.0,2026-01-23 09:56:00-05:00,25656.0,78.0,11554.041666666668,11554.041666666668,0.0,26.569830080293748,25.550940041242992,13.621876700799652,11.92906334044334,SKIP_LOW_ADX,78.0,2026
2026-01-26,Long,2026-01-26 09:45:00-05:00,25816.5,2026-01-26 10:17:00-05:00,25856.5,78.0,11632.041666666668,11632.041666666668,0.0,18.001067842164836,23.658624459490408,15.817834811249895,7.840789648240513,SKIP_LOW_ADX,78.0,2026
2026-01-27,Long,2026-01-27 09:45:00-05:00,25959.0,2026-01-27 09:51:00-05:00,25999.0,78.0,11710.041666666668,11710.041666666668,0.0,21.345577377229723,22.628582948544853,26.51081488122827,3.8822319326834176,SKIP_LOW_ADX,78.0,2026
2026-01-29,Short,2026-01-29 09:45:00-05:00,25951.25,2026-01-29 09:46:00-05:00,25911.25,78.0,11788.041666666668,11788.041666666668,0.0,54.80558601467229,4.526717311486989,35.57549436614168,31.048777054654693,TAKE,,2026
2026-01-30,Short,2026-01-30 09:45:00-05:00,25871.25,2026-01-30 09:50:00-05:00,25911.25,-82.0,11706.041666666668,11788.041666666668,-82.0,19.376127849612065,21.22426003907881,20.469997521662158,0.7542625174166524,SKIP_LOW_ADX,-82.0,2026
2026-02-02,Long,2026-02-02 09:45:00-05:00,25718.75,2026-02-02 09:50:00-05:00,25758.75,78.0,11784.041666666668,11788.041666666668,-4.0,44.50976382843121,34.61696942671716,8.829170612313378,25.787798814403786,TAKE,,2026
2026-02-03,Long,2026-02-03 09:45:00-05:00,25752.25,2026-02-03 09:47:00-05:00,25792.25,78.0,11862.041666666668,11862.041666666668,0.0,59.84763140441473,3.73493475235402,42.250721692055386,38.515786939701364,SKIP_DIR_LONG,78.0,2026
2026-02-04,Short,2026-02-04 09:45:00-05:00,25330.25,2026-02-04 09:48:00-05:00,25370.25,-82.0,11780.041666666668,11862.041666666668,-82.0,17.64506431613871,19.240208418222437,20.302528278258446,1.062319860036009,SKIP_LOW_ADX,-82.0,2026
2026-02-05,Short,2026-02-05 09:45:00-05:00,24913.75,2026-02-05 09:49:00-05:00,24873.75,78.0,11858.041666666668,11862.041666666668,-4.0,23.920194025465367,23.300260605323633,12.936878163322461,10.363382442001171,SKIP_LOW_ADX,78.0,2026
2026-02-06,Long,2026-02-06 09:45:00-05:00,24927.25,2026-02-06 09:51:00-05:00,24967.25,78.0,11936.041666666668,11936.041666666668,0.0,20.0276252535014,28.822046318651864,17.297301195769435,11.524745122882429,SKIP_LOW_ADX,78.0,2026
2026-02-09,Long,2026-02-09 09:45:00-05:00,25150.0,2026-02-09 09:52:00-05:00,25110.0,-82.0,11854.041666666668,11936.041666666668,-82.0,24.10552868683499,24.02423361659452,16.531468505278188,7.492765111316331,SKIP_LOW_ADX,-82.0,2026
2026-02-10,Short,2026-02-10 09:45:00-05:00,25309.75,2026-02-10 09:47:00-05:00,25269.75,78.0,11932.041666666668,11936.041666666668,-4.0,30.300306000914368,14.509168149944964,22.77619853594093,8.267030385995968,TAKE,,2026
2026-02-11,Long,2026-02-11 09:45:00-05:00,25391.75,2026-02-11 09:46:00-05:00,25431.75,78.0,12010.041666666668,12010.041666666668,0.0,16.856217022996788,16.747370740962978,12.53475008260337,4.212620658359608,SKIP_LOW_ADX,78.0,2026
2026-02-12,Short,2026-02-12 09:45:00-05:00,25309.5,2026-02-12 09:46:00-05:00,25269.5,78.0,12088.041666666668,12088.041666666668,0.0,26.585295511443128,13.608610449930717,28.249425105864713,14.640814655933996,SKIP_LOW_ADX,78.0,2026
2026-02-13,Long,2026-02-13 09:45:00-05:00,24715.25,2026-02-13 09:46:00-05:00,24755.25,78.0,12166.041666666668,12166.041666666668,0.0,28.838796225450043,21.043017873541213,22.38239614594055,1.3393782723993368,SKIP_LOW_ADX,78.0,2026
2026-02-16,Short,2026-02-16 09:45:00-05:00,24722.75,2026-02-16 09:55:00-05:00,24762.75,-82.0,12084.041666666668,12166.041666666668,-82.0,61.7750898886092,6.347700564893285,30.222943480280303,23.87524291538702,TAKE,,2026
2026-02-17,Short,2026-02-17 09:45:00-05:00,24701.25,2026-02-17 09:46:00-05:00,24661.25,78.0,12162.041666666668,12166.041666666668,-4.0,27.030944537401002,16.12284201725787,19.86145356995071,3.7386115526928414,SKIP_LOW_ADX,78.0,2026
2026-02-18,Long,2026-02-18 09:45:00-05:00,24851.0,2026-02-18 09:48:00-05:00,24811.0,-82.0,12080.041666666668,12166.041666666668,-86.0,27.753954195430932,19.86305361622858,11.263380994236059,8.599672621992521,SKIP_LOW_ADX,-82.0,2026
2026-02-19,Short,2026-02-19 09:45:00-05:00,24843.3125,2026-02-19 09:46:00-05:00,24803.3125,78.0,12158.041666666668,12166.041666666668,-8.0,19.597485443227864,20.776522316777786,18.9380005676456,1.8385217491321875,SKIP_LOW_ADX,78.0,2026
2026-02-20,Long,2026-02-20 09:45:00-05:00,24925.5,2026-02-20 09:50:00-05:00,24885.5,-82.0,12076.041666666668,12166.041666666668,-90.0,35.78858370050437,38.055019876934715,11.588813525858273,26.466206351076444,TAKE,,2026
2026-02-23,Short,2026-02-23 09:45:00-05:00,24881.0,2026-02-23 09:47:00-05:00,24921.0,-82.0,11994.041666666668,12166.041666666668,-172.0,29.25236859788738,15.356580319382862,26.569503190446074,11.212922871063212,SKIP_LOW_ADX,-82.0,2026
2026-02-24,Long,2026-02-24 09:45:00-05:00,24911.25,2026-02-24 09:48:00-05:00,24951.25,78.0,12072.041666666668,12166.041666666668,-94.0,44.11585740401053,33.14420682282072,16.85551330572271,16.28869351709801,TAKE,,2026
2026-02-25,Long,2026-02-25 09:45:00-05:00,25271.5,2026-02-25 09:46:00-05:00,25311.5,78.0,12150.041666666668,12166.041666666668,-16.0,46.4241550797922,30.14782915217391,6.580792887617964,23.567036264555945,TAKE,,2026
2026-02-26,Short,2026-02-26 09:45:00-05:00,25265.5,2026-02-26 09:46:00-05:00,25225.5,78.0,12228.041666666668,12228.041666666668,0.0,44.226515386318916,11.643602645539884,25.264783173317422,13.621180527777538,TAKE,,2026
2026-02-27,Long,2026-02-27 09:45:00-05:00,24844.75,2026-02-27 09:46:00-05:00,24884.75,78.0,12306.041666666668,12306.041666666668,0.0,20.70818555574141,21.653369000686528,22.631802498040955,0.9784334973544269,SKIP_LOW_ADX,78.0,2026
2026-03-02,Long,2026-03-02 09:45:00-05:00,24837.75,2026-03-02 09:46:00-05:00,24877.75,78.0,12384.041666666668,12384.041666666668,0.0,41.44121224344803,28.43874087502469,11.64886855605107,16.789872318973618,TAKE,,2026
2026-03-03,Short,2026-03-03 09:45:00-05:00,24532.5,2026-03-03 09:46:00-05:00,24572.5,-82.0,12302.041666666668,12384.041666666668,-82.0,20.887878677008672,19.673034664772583,24.141433755344938,4.468399090572355,SKIP_LOW_ADX,-82.0,2026
2026-03-04,Short,2026-03-04 09:45:00-05:00,24851.0,2026-03-04 09:47:00-05:00,24891.0,-82.0,12220.041666666668,12384.041666666668,-164.0,17.068273847164562,15.705951345807193,18.486623775177478,2.7806724293702842,SKIP_LOW_ADX,-82.0,2026
2026-03-05,Short,2026-03-05 09:45:00-05:00,25059.75,2026-03-05 09:47:00-05:00,25099.75,-82.0,12138.041666666668,12384.041666666668,-246.0,31.87514758941468,22.048510780456013,16.165923528357858,5.882587252098155,SKIP_LOW_DI,-82.0,2026
2026-03-06,Long,2026-03-06 09:45:00-05:00,24681.0,2026-03-06 09:47:00-05:00,24641.0,-82.0,12056.041666666668,12384.041666666668,-328.0,22.75929479854493,21.273315189552584,13.480083226423556,7.793231963129028,SKIP_LOW_ADX,-82.0,2026
2026-03-10,Short,2026-03-10 09:45:00-04:00,25029.5,2026-03-10 09:55:00-04:00,24989.5,78.0,12134.041666666668,12384.041666666668,-250.0,20.416892570690308,20.881643112110865,16.711627911810936,4.170015200299929,SKIP_LOW_ADX,78.0,2026
2026-03-11,Long,2026-03-11 09:45:00-04:00,25070.25,2026-03-11 09:50:00-04:00,25030.25,-82.0,12052.041666666668,12384.041666666668,-332.0,54.28411458372494,21.17394240922656,13.028747268853667,8.145195140372891,TAKE,,2026
2026-03-12,Short,2026-03-12 09:45:00-04:00,24765.0,2026-03-12 09:46:00-04:00,24725.0,78.0,12130.041666666668,12384.041666666668,-254.0,17.124925753413446,15.313878300759674,21.02469849559149,5.7108201948318165,SKIP_LOW_ADX,78.0,2026
2026-03-13,Long,2026-03-13 09:45:00-04:00,24770.0,2026-03-13 09:58:00-04:00,24730.0,-82.0,12048.041666666668,12384.041666666668,-336.0,22.79807265174447,40.55213874143784,12.548169182543873,28.003969558893964,SKIP_LOW_ADX,-82.0,2026
2026-03-16,Long,2026-03-16 09:45:00-04:00,24885.5,2026-03-16 09:46:00-04:00,24925.5,78.0,12126.041666666668,12384.041666666668,-258.0,15.08377947252366,12.43042943218746,21.415736668454514,8.985307236267055,SKIP_LOW_ADX,78.0,2026
2026-03-17,Long,2026-03-17 09:45:00-04:00,25061.5,2026-03-17 09:46:00-04:00,25101.5,78.0,12204.041666666668,12384.041666666668,-180.0,39.0252521727788,22.69524439007959,12.823364819395387,9.871879570684204,TAKE,,2026
2026-03-18,Long,2026-03-18 09:45:00-04:00,24953.25,2026-03-18 09:46:00-04:00,24993.25,78.0,12282.041666666668,12384.041666666668,-102.0,27.793281165992205,21.508135256796212,20.082073345184757,1.4260619116114555,SKIP_LOW_ADX,78.0,2026
2026-03-25,Long,2026-03-25 09:45:00-04:00,24452.25,2026-03-25 09:50:00-04:00,24412.25,-82.0,12200.041666666668,12384.041666666668,-184.0,18.494476593415435,18.185128797964115,27.39278537020868,9.207656572244566,SKIP_LOW_ADX,-82.0,2026
2026-03-26,Long,2026-03-26 09:45:00-04:00,24156.75,2026-03-26 09:51:00-04:00,24196.75,78.0,12278.041666666668,12384.041666666668,-106.0,13.642661326149554,25.168073988382236,15.008900939383048,10.159173048999188,SKIP_LOW_ADX,78.0,2026
2026-03-27,Long,2026-03-27 09:45:00-04:00,23591.0,2026-03-27 09:46:00-04:00,23631.0,78.0,12356.041666666668,12384.041666666668,-28.0,21.763733308251492,16.171111623080137,19.915167739849394,3.744056116769258,SKIP_LOW_ADX,78.0,2026
2026-03-30,Short,2026-03-30 09:45:00-04:00,23393.25,2026-03-30 09:49:00-04:00,23353.25,78.0,12434.041666666668,12434.041666666668,0.0,32.22180041802113,10.246980286718065,28.604440189005132,18.35745990228707,TAKE,,2026
2026-03-31,Long,2026-03-31 09:45:00-04:00,23449.9375,2026-03-31 09:47:00-04:00,23489.9375,78.0,12512.041666666668,12512.041666666668,0.0,18.514929832298595,21.36109970657634,18.745199771627185,2.615899934949155,SKIP_LOW_ADX,78.0,2026
2026-04-01,Short,2026-04-01 09:45:00-04:00,24095.75,2026-04-01 09:53:00-04:00,24135.75,-82.0,12430.041666666668,12512.041666666668,-82.0,21.36235519772357,18.18975023248724,29.938082536178985,11.748332303691747,SKIP_LOW_ADX,-82.0,2026
2026-04-02,Long,2026-04-02 09:45:00-04:00,23741.875,2026-04-02 09:46:00-04:00,23701.875,-82.0,12348.041666666668,12512.041666666668,-164.0,19.9106448358456,17.30001612222408,23.697981553825603,6.3979654316015235,SKIP_LOW_ADX,-82.0,2026
2026-04-08,Long,2026-04-08 09:45:00-04:00,25114.083333333332,2026-04-08 09:47:00-04:00,25154.083333333332,78.0,12426.041666666668,12512.041666666668,-86.0,22.291781899633328,16.181315687255474,25.114064879698816,8.932749192443342,SKIP_LOW_ADX,78.0,2026
2026-04-09,Short,2026-04-09 09:45:00-04:00,25090.125,2026-04-09 09:51:00-04:00,25050.125,78.0,12504.041666666668,12512.041666666668,-8.0,21.5728595986557,30.930074930814047,14.36808051991309,16.561994410900958,SKIP_LOW_ADX,78.0,2026
2026-04-10,Long,2026-04-10 09:45:00-04:00,25324.5,2026-04-10 10:01:00-04:00,25284.5,-82.0,12422.041666666668,12512.041666666668,-90.0,15.279299829092242,24.87224385489174,23.277518159316056,1.5947256955756828,SKIP_LOW_ADX,-82.0,2026
2026-04-13,Short,2026-04-13 09:45:00-04:00,25182.5,2026-04-13 09:48:00-04:00,25222.5,-82.0,12340.041666666668,12512.041666666668,-172.0,23.01090540146976,19.256869832937802,21.559694362332085,2.3028245293942824,SKIP_LOW_ADX,-82.0,2026
2026-04-14,Long,2026-04-14 09:45:00-04:00,25748.5,2026-04-14 10:21:00-04:00,25788.5,78.0,12418.041666666668,12512.041666666668,-94.0,25.55974103455695,29.754053820301397,14.080003300374281,15.674050519927116,SKIP_LOW_ADX,78.0,2026
2026-04-15,Short,2026-04-15 09:45:00-04:00,25989.75,2026-04-15 09:47:00-04:00,26029.75,-82.0,12336.041666666668,12512.041666666668,-176.0,25.33560410945752,16.208786959824632,28.616237761933387,12.407450802108755,SKIP_LOW_ADX,-82.0,2026
