session_date,side,entry_ts,entry_price,exit_ts,exit_price,pnl_dollars,cum_pnl,peak,drawdown,year
2020-02-18,Long,2020-02-18 09:45:00-05:00,9602.75,2020-02-18 11:30:00-05:00,9596.0,-15.5,-15.5,-15.5,0.0,2020
2020-02-21,Short,2020-02-21 09:45:00-05:00,9539.75,2020-02-21 09:49:00-05:00,9499.75,78.0,62.5,62.5,0.0,2020
2020-02-24,Long,2020-02-24 09:45:00-05:00,9177.5,2020-02-24 10:31:00-05:00,9137.5,-82.0,-19.5,62.5,-82.0,2020
2020-02-25,Short,2020-02-25 09:45:00-05:00,9122.25,2020-02-25 10:23:00-05:00,9082.25,78.0,58.5,62.5,-4.0,2020
2020-02-26,Short,2020-02-26 09:45:00-05:00,8997.5,2020-02-26 09:51:00-05:00,8957.5,78.0,136.5,136.5,0.0,2020
2020-02-27,Short,2020-02-27 09:45:00-05:00,8666.25,2020-02-27 09:46:00-05:00,8626.25,78.0,214.5,214.5,0.0,2020
2020-02-28,Short,2020-02-28 09:45:00-05:00,8234.75,2020-02-28 09:48:00-05:00,8274.75,-82.0,132.5,214.5,-82.0,2020
2020-03-03,Short,2020-03-03 09:45:00-05:00,8824.75,2020-03-03 09:52:00-05:00,8784.75,78.0,210.5,214.5,-4.0,2020
2020-03-04,Short,2020-03-04 09:45:00-05:00,8721.0,2020-03-04 09:54:00-05:00,8681.0,78.0,288.5,288.5,0.0,2020
2020-03-05,Short,2020-03-05 09:45:00-05:00,8768.0,2020-03-05 09:52:00-05:00,8728.0,78.0,366.5,366.5,0.0,2020
2020-03-06,Short,2020-03-06 09:45:00-05:00,8426.214285714286,2020-03-06 09:50:00-05:00,8386.214285714286,78.0,444.5,444.5,0.0,2020
2020-03-09,Long,2020-03-09 09:49:00-04:00,7857.009615384615,2020-03-09 09:50:00-04:00,7817.009615384615,-82.0,362.5,444.5,-82.0,2020
2020-03-10,Short,2020-03-10 09:45:00-04:00,8164.25,2020-03-10 09:58:00-04:00,8204.25,-82.0,280.5,444.5,-164.0,2020
2020-03-11,Long,2020-03-11 09:45:00-04:00,8158.25,2020-03-11 10:05:00-04:00,8198.25,78.0,358.5,444.5,-86.0,2020
2020-03-12,Short,2020-03-12 09:50:00-04:00,7433.5,2020-03-12 09:51:00-04:00,7393.5,78.0,436.5,444.5,-8.0,2020
2020-03-13,Long,2020-03-13 09:45:00-04:00,7554.25,2020-03-13 09:46:00-04:00,7514.25,-82.0,354.5,444.5,-90.0,2020
2020-03-20,Short,2020-03-20 09:45:00-04:00,7320.0,2020-03-20 09:53:00-04:00,7360.0,-82.0,272.5,444.5,-172.0,2020
2020-03-24,Short,2020-03-24 09:45:00-04:00,7341.75,2020-03-24 09:52:00-04:00,7381.75,-82.0,190.5,444.5,-254.0,2020
2020-03-25,Short,2020-03-25 09:45:00-04:00,7609.0,2020-03-25 09:47:00-04:00,7569.0,78.0,268.5,444.5,-176.0,2020
2020-03-26,Short,2020-03-26 09:45:00-04:00,7593.0,2020-03-26 09:50:00-04:00,7553.0,78.0,346.5,444.5,-98.0,2020
2020-03-27,Short,2020-03-27 09:45:00-04:00,7599.75,2020-03-27 09:58:00-04:00,7639.75,-82.0,264.5,444.5,-180.0,2020
2020-03-30,Short,2020-03-30 09:45:00-04:00,7660.5,2020-03-30 09:52:00-04:00,7700.5,-82.0,182.5,444.5,-262.0,2020
2020-03-31,Short,2020-03-31 09:45:00-04:00,7848.75,2020-03-31 09:52:00-04:00,7808.75,78.0,260.5,444.5,-184.0,2020
2020-04-01,Short,2020-04-01 09:45:00-04:00,7598.25,2020-04-01 10:33:00-04:00,7638.25,-82.0,178.5,444.5,-266.0,2020
2020-04-02,Short,2020-04-02 09:45:00-04:00,7440.75,2020-04-02 10:00:00-04:00,7480.75,-82.0,96.5,444.5,-348.0,2020
2020-04-03,Short,2020-04-03 09:45:00-04:00,7643.25,2020-04-03 09:53:00-04:00,7603.25,78.0,174.5,444.5,-270.0,2020
2020-04-06,Long,2020-04-06 09:45:00-04:00,7781.0,2020-04-06 09:50:00-04:00,7821.0,78.0,252.5,444.5,-192.0,2020
2020-04-07,Long,2020-04-07 09:45:00-04:00,8234.75,2020-04-07 09:55:00-04:00,8274.75,78.0,330.5,444.5,-114.0,2020
2020-04-08,Short,2020-04-08 09:45:00-04:00,8128.25,2020-04-08 09:50:00-04:00,8088.25,78.0,408.5,444.5,-36.0,2020
2020-04-09,Short,2020-04-09 09:45:00-04:00,8318.75,2020-04-09 09:51:00-04:00,8278.75,78.0,486.5,486.5,0.0,2020
2020-04-13,Short,2020-04-13 09:45:00-04:00,8196.75,2020-04-13 10:25:00-04:00,8156.75,78.0,564.5,564.5,0.0,2020
2020-04-14,Long,2020-04-14 09:45:00-04:00,8538.0,2020-04-14 09:55:00-04:00,8578.0,78.0,642.5,642.5,0.0,2020
2020-04-16,Short,2020-04-16 09:45:00-04:00,8670.0,2020-04-16 10:02:00-04:00,8630.0,78.0,720.5,720.5,0.0,2020
2020-04-17,Long,2020-04-17 09:45:00-04:00,8795.25,2020-04-17 10:06:00-04:00,8835.25,78.0,798.5,798.5,0.0,2020
2020-04-20,Long,2020-04-20 09:45:00-04:00,8745.0,2020-04-20 10:24:00-04:00,8785.0,78.0,876.5,876.5,0.0,2020
2020-04-21,Short,2020-04-21 09:45:00-04:00,8540.75,2020-04-21 09:46:00-04:00,8580.75,-82.0,794.5,876.5,-82.0,2020
2020-04-22,Long,2020-04-22 09:45:00-04:00,8569.875,2020-04-22 11:30:00-04:00,8586.25,30.75,825.25,876.5,-51.25,2020
2020-04-23,Short,2020-04-23 09:45:00-04:00,8730.5,2020-04-23 10:33:00-04:00,8770.5,-82.0,743.25,876.5,-133.25,2020
2020-04-24,Long,2020-04-24 09:45:00-04:00,8626.75,2020-04-24 09:49:00-04:00,8586.75,-82.0,661.25,876.5,-215.25,2020
2020-04-27,Short,2020-04-27 09:45:00-04:00,8831.75,2020-04-27 10:03:00-04:00,8871.75,-82.0,579.25,876.5,-297.25,2020
2020-04-28,Long,2020-04-28 09:45:00-04:00,8859.0,2020-04-28 10:00:00-04:00,8819.0,-82.0,497.25,876.5,-379.25,2020
2020-04-29,Long,2020-04-29 09:45:00-04:00,8863.75,2020-04-29 10:16:00-04:00,8903.75,78.0,575.25,876.5,-301.25,2020
2020-04-30,Short,2020-04-30 09:45:00-04:00,8967.0,2020-04-30 09:57:00-04:00,9007.0,-82.0,493.25,876.5,-383.25,2020
2020-05-01,Long,2020-05-01 09:45:00-04:00,8817.125,2020-05-01 10:01:00-04:00,8857.125,78.0,571.25,876.5,-305.25,2020
2020-05-04,Long,2020-05-04 09:45:00-04:00,8672.5,2020-05-04 09:52:00-04:00,8712.5,78.0,649.25,876.5,-227.25,2020
2020-05-05,Long,2020-05-05 09:45:00-04:00,8932.5,2020-05-05 11:21:00-04:00,8972.5,78.0,727.25,876.5,-149.25,2020
2020-05-06,Long,2020-05-06 09:45:00-04:00,9009.0,2020-05-06 09:57:00-04:00,8969.0,-82.0,645.25,876.5,-231.25,2020
2020-05-07,Short,2020-05-07 09:45:00-04:00,9086.0,2020-05-07 10:12:00-04:00,9046.0,78.0,723.25,876.5,-153.25,2020
2020-05-08,Long,2020-05-08 09:45:00-04:00,9138.25,2020-05-08 10:19:00-04:00,9178.25,78.0,801.25,876.5,-75.25,2020
2020-05-11,Long,2020-05-11 09:45:00-04:00,9202.5,2020-05-11 10:06:00-04:00,9242.5,78.0,879.25,879.25,0.0,2020
2020-05-13,Long,2020-05-13 09:45:00-04:00,9088.0,2020-05-13 10:01:00-04:00,9128.0,78.0,957.25,957.25,0.0,2020
2020-05-14,Short,2020-05-14 09:45:00-04:00,8922.0,2020-05-14 09:52:00-04:00,8882.0,78.0,1035.25,1035.25,0.0,2020
2020-05-15,Short,2020-05-15 09:45:00-04:00,9001.0,2020-05-15 10:10:00-04:00,9041.0,-82.0,953.25,1035.25,-82.0,2020
2020-05-18,Long,2020-05-18 09:45:00-04:00,9280.25,2020-05-18 09:55:00-04:00,9240.25,-82.0,871.25,1035.25,-164.0,2020
2020-05-26,Long,2020-05-26 09:45:00-04:00,9539.25,2020-05-26 09:56:00-04:00,9499.25,-82.0,789.25,1035.25,-246.0,2020
2020-05-27,Short,2020-05-27 09:45:00-04:00,9340.75,2020-05-27 09:48:00-04:00,9300.75,78.0,867.25,1035.25,-168.0,2020
2020-05-28,Long,2020-05-28 09:45:00-04:00,9455.0,2020-05-28 10:00:00-04:00,9415.0,-82.0,785.25,1035.25,-250.0,2020
2020-05-29,Long,2020-05-29 09:45:00-04:00,9454.75,2020-05-29 10:08:00-04:00,9414.75,-82.0,703.25,1035.25,-332.0,2020
2020-06-01,Long,2020-06-01 09:45:00-04:00,9556.0,2020-06-01 11:30:00-04:00,9550.5,-13.0,690.25,1035.25,-345.0,2020
2020-06-02,Long,2020-06-02 09:45:00-04:00,9586.0,2020-06-02 10:49:00-04:00,9546.0,-82.0,608.25,1035.25,-427.0,2020
2020-06-03,Long,2020-06-03 09:45:00-04:00,9684.875,2020-06-03 11:30:00-04:00,9682.25,-7.25,601.0,1035.25,-434.25,2020
2020-06-04,Long,2020-06-04 09:45:00-04:00,9706.25,2020-06-04 11:13:00-04:00,9666.25,-82.0,519.0,1035.25,-516.25,2020
2020-06-05,Long,2020-06-05 09:45:00-04:00,9761.0,2020-06-05 11:24:00-04:00,9801.0,78.0,597.0,1035.25,-438.25,2020
2020-06-15,Short,2020-06-15 09:45:00-04:00,9521.5,2020-06-15 09:55:00-04:00,9561.5,-82.0,515.0,1035.25,-520.25,2020
2020-06-22,Long,2020-06-22 09:45:00-04:00,9989.5,2020-06-22 10:00:00-04:00,10029.5,78.0,593.0,1035.25,-442.25,2020
2020-06-25,Short,2020-06-25 09:45:00-04:00,9926.5,2020-06-25 09:50:00-04:00,9886.5,78.0,671.0,1035.25,-364.25,2020
2020-06-26,Short,2020-06-26 09:45:00-04:00,10005.5,2020-06-26 10:11:00-04:00,9965.5,78.0,749.0,1035.25,-286.25,2020
2020-06-29,Short,2020-06-29 09:45:00-04:00,9757.75,2020-06-29 10:00:00-04:00,9797.75,-82.0,667.0,1035.25,-368.25,2020
2020-06-30,Long,2020-06-30 09:45:00-04:00,10006.5,2020-06-30 20:00:00-04:00,10046.5,78.0,745.0,1035.25,-290.25,2020
2020-07-01,Long,2020-07-01 09:45:00-04:00,10171.0,2020-07-01 09:54:00-04:00,10131.0,-82.0,663.0,1035.25,-372.25,2020
2020-07-14,Short,2020-07-14 09:45:00-04:00,10608.0,2020-07-14 09:47:00-04:00,10568.0,78.0,741.0,1035.25,-294.25,2020
2020-07-15,Short,2020-07-15 09:45:00-04:00,10747.375,2020-07-15 09:54:00-04:00,10707.375,78.0,819.0,1035.25,-216.25,2020
2020-07-17,Short,2020-07-17 09:45:00-04:00,10585.0,2020-07-17 10:26:00-04:00,10545.0,78.0,897.0,1035.25,-138.25,2020
2020-07-20,Long,2020-07-20 09:45:00-04:00,10628.25,2020-07-20 09:51:00-04:00,10668.25,78.0,975.0,1035.25,-60.25,2020
2020-07-27,Short,2020-07-27 09:45:00-04:00,10601.875,2020-07-27 11:16:00-04:00,10561.875,78.0,1053.0,1053.0,0.0,2020
2020-07-28,Long,2020-07-28 09:45:00-04:00,10613.0,2020-07-28 09:52:00-04:00,10573.0,-82.0,971.0,1053.0,-82.0,2020
2020-07-29,Long,2020-07-29 09:45:00-04:00,10584.25,2020-07-29 10:03:00-04:00,10624.25,78.0,1049.0,1053.0,-4.0,2020
2020-07-30,Long,2020-07-30 09:45:00-04:00,10586.25,2020-07-30 09:55:00-04:00,10546.25,-82.0,967.0,1053.0,-86.0,2020
2020-08-03,Long,2020-08-03 09:45:00-04:00,11042.5,2020-08-03 10:46:00-04:00,11002.5,-82.0,885.0,1053.0,-168.0,2020
2020-08-11,Long,2020-08-11 09:45:00-04:00,11013.25,2020-08-11 10:03:00-04:00,10973.25,-82.0,803.0,1053.0,-250.0,2020
2020-08-12,Short,2020-08-12 09:45:00-04:00,10989.0,2020-08-12 09:49:00-04:00,11029.0,-82.0,721.0,1053.0,-332.0,2020
2020-09-08,Long,2020-09-08 09:45:00-04:00,11158.25,2020-09-08 09:46:00-04:00,11198.25,78.0,799.0,1053.0,-254.0,2020
2020-09-09,Short,2020-09-09 09:45:00-04:00,11261.5,2020-09-09 09:49:00-04:00,11221.5,78.0,877.0,1053.0,-176.0,2020
2020-09-11,Long,2020-09-11 09:45:00-04:00,11207.916666666666,2020-09-11 09:48:00-04:00,11247.916666666666,78.0,955.0,1053.0,-98.0,2020
2020-09-14,Long,2020-09-14 09:45:00-04:00,11267.25,2020-09-14 10:02:00-04:00,11307.25,78.0,1033.0,1053.0,-20.0,2020
2020-09-16,Short,2020-09-16 09:45:00-04:00,11423.75,2020-09-16 10:34:00-04:00,11383.75,78.0,1111.0,1111.0,0.0,2020
2020-09-17,Long,2020-09-17 09:45:00-04:00,10990.0,2020-09-17 09:47:00-04:00,11030.0,78.0,1189.0,1189.0,0.0,2020
2020-09-18,Short,2020-09-18 09:45:00-04:00,11092.0,2020-09-18 09:47:00-04:00,11052.0,78.0,1267.0,1267.0,0.0,2020
2020-09-21,Long,2020-09-21 09:45:00-04:00,10776.75,2020-09-21 09:49:00-04:00,10816.75,78.0,1345.0,1345.0,0.0,2020
2020-09-22,Short,2020-09-22 09:45:00-04:00,10993.25,2020-09-22 09:51:00-04:00,10953.25,78.0,1423.0,1423.0,0.0,2020
2020-09-23,Long,2020-09-23 09:45:00-04:00,11137.75,2020-09-23 09:52:00-04:00,11097.75,-82.0,1341.0,1423.0,-82.0,2020
2020-09-24,Long,2020-09-24 09:45:00-04:00,10761.5,2020-09-24 09:46:00-04:00,10801.5,78.0,1419.0,1423.0,-4.0,2020
2020-09-25,Short,2020-09-25 09:45:00-04:00,10872.75,2020-09-25 09:48:00-04:00,10832.75,78.0,1497.0,1497.0,0.0,2020
2020-09-29,Long,2020-09-29 09:45:00-04:00,11342.875,2020-09-29 10:11:00-04:00,11382.875,78.0,1575.0,1575.0,0.0,2020
2020-09-30,Short,2020-09-30 09:45:00-04:00,11332.75,2020-09-30 09:51:00-04:00,11372.75,-82.0,1493.0,1575.0,-82.0,2020
2020-10-02,Long,2020-10-02 09:45:00-04:00,11401.25,2020-10-02 10:05:00-04:00,11441.25,78.0,1571.0,1575.0,-4.0,2020
2020-10-05,Long,2020-10-05 09:45:00-04:00,11355.25,2020-10-05 10:08:00-04:00,11395.25,78.0,1649.0,1649.0,0.0,2020
2020-10-06,Short,2020-10-06 09:45:00-04:00,11451.75,2020-10-06 10:12:00-04:00,11491.75,-82.0,1567.0,1649.0,-82.0,2020
2020-10-07,Short,2020-10-07 09:45:00-04:00,11418.5,2020-10-07 10:13:00-04:00,11378.5,78.0,1645.0,1649.0,-4.0,2020
2020-10-08,Short,2020-10-08 09:45:00-04:00,11532.75,2020-10-08 10:25:00-04:00,11492.75,78.0,1723.0,1723.0,0.0,2020
2020-10-20,Long,2020-10-20 09:45:00-04:00,11682.25,2020-10-20 09:52:00-04:00,11642.25,-82.0,1641.0,1723.0,-82.0,2020
2020-10-21,Long,2020-10-21 09:45:00-04:00,11733.75,2020-10-21 09:58:00-04:00,11773.75,78.0,1719.0,1723.0,-4.0,2020
2020-10-22,Long,2020-10-22 09:45:00-04:00,11704.5,2020-10-22 09:59:00-04:00,11664.5,-82.0,1637.0,1723.0,-86.0,2020
2020-10-23,Short,2020-10-23 09:45:00-04:00,11614.0,2020-10-23 10:02:00-04:00,11574.0,78.0,1715.0,1723.0,-8.0,2020
2020-10-26,Long,2020-10-26 09:45:00-04:00,11638.75,2020-10-26 09:57:00-04:00,11678.75,78.0,1793.0,1793.0,0.0,2020
2020-10-27,Long,2020-10-27 09:45:00-04:00,11558.75,2020-10-27 09:49:00-04:00,11518.75,-82.0,1711.0,1793.0,-82.0,2020
2020-10-28,Long,2020-10-28 09:45:00-04:00,11342.875,2020-10-28 09:50:00-04:00,11302.875,-82.0,1629.0,1793.0,-164.0,2020
2020-10-29,Short,2020-10-29 09:45:00-04:00,11191.0,2020-10-29 09:52:00-04:00,11231.0,-82.0,1547.0,1793.0,-246.0,2020
2020-10-30,Short,2020-10-30 09:45:00-04:00,11177.75,2020-10-30 09:50:00-04:00,11137.75,78.0,1625.0,1793.0,-168.0,2020
2020-11-02,Long,2020-11-02 09:45:00-05:00,11165.75,2020-11-02 09:54:00-05:00,11205.75,78.0,1703.0,1793.0,-90.0,2020
2020-11-03,Long,2020-11-03 09:45:00-05:00,11138.75,2020-11-03 09:50:00-05:00,11178.75,78.0,1781.0,1793.0,-12.0,2020
2020-11-04,Short,2020-11-04 09:45:00-05:00,11612.75,2020-11-04 09:51:00-05:00,11572.75,78.0,1859.0,1859.0,0.0,2020
2020-11-05,Long,2020-11-05 09:45:00-05:00,12042.125,2020-11-05 09:51:00-05:00,12082.125,78.0,1937.0,1937.0,0.0,2020
2020-11-06,Short,2020-11-06 09:45:00-05:00,11919.5,2020-11-06 10:11:00-05:00,11959.5,-82.0,1855.0,1937.0,-82.0,2020
2020-11-09,Long,2020-11-09 09:45:00-05:00,12109.0,2020-11-09 09:46:00-05:00,12149.0,78.0,1933.0,1937.0,-4.0,2020
2020-11-10,Short,2020-11-10 09:45:00-05:00,11652.5,2020-11-10 09:48:00-05:00,11612.5,78.0,2011.0,2011.0,0.0,2020
2020-11-11,Long,2020-11-11 09:45:00-05:00,11820.75,2020-11-11 09:56:00-05:00,11780.75,-82.0,1929.0,2011.0,-82.0,2020
2020-11-12,Short,2020-11-12 09:45:00-05:00,11940.0,2020-11-12 09:47:00-05:00,11900.0,78.0,2007.0,2011.0,-4.0,2020
2020-11-13,Long,2020-11-13 09:45:00-05:00,11909.0,2020-11-13 10:00:00-05:00,11869.0,-82.0,1925.0,2011.0,-86.0,2020
2020-11-16,Long,2020-11-16 09:45:00-05:00,11979.75,2020-11-16 09:54:00-05:00,11939.75,-82.0,1843.0,2011.0,-168.0,2020
2020-11-18,Short,2020-11-18 09:45:00-05:00,11976.25,2020-11-18 09:52:00-05:00,11936.25,78.0,1921.0,2011.0,-90.0,2020
2020-11-19,Long,2020-11-19 09:45:00-05:00,11893.75,2020-11-19 10:38:00-05:00,11933.75,78.0,1999.0,2011.0,-12.0,2020
2020-11-20,Short,2020-11-20 09:45:00-05:00,11968.75,2020-11-20 11:08:00-05:00,12008.75,-82.0,1917.0,2011.0,-94.0,2020
2020-11-23,Long,2020-11-23 09:45:00-05:00,11974.5,2020-11-23 10:09:00-05:00,11934.5,-82.0,1835.0,2011.0,-176.0,2020
2020-11-24,Long,2020-11-24 09:45:00-05:00,11891.0,2020-11-24 10:06:00-05:00,11931.0,78.0,1913.0,2011.0,-98.0,2020
2020-12-10,Long,2020-12-10 09:45:00-05:00,12311.5,2020-12-10 09:50:00-05:00,12351.5,78.0,1991.0,2011.0,-20.0,2020
2020-12-11,Short,2020-12-11 09:45:00-05:00,12277.5,2020-12-11 09:52:00-05:00,12317.5,-82.0,1909.0,2011.0,-102.0,2020
2020-12-16,Long,2020-12-16 09:45:00-05:00,12586.75,2020-12-16 10:34:00-05:00,12626.75,78.0,1987.0,2011.0,-24.0,2020
2020-12-21,Long,2020-12-21 09:45:00-05:00,12607.75,2020-12-21 09:49:00-05:00,12567.75,-82.0,1905.0,2011.0,-106.0,2020
2021-01-04,Long,2021-01-04 09:45:00-05:00,12890.5,2021-01-04 10:11:00-05:00,12850.5,-82.0,1823.0,2011.0,-188.0,2021
2021-01-05,Long,2021-01-05 09:45:00-05:00,12747.75,2021-01-05 11:12:00-05:00,12707.75,-82.0,1741.0,2011.0,-270.0,2021
2021-01-06,Long,2021-01-06 09:45:00-05:00,12612.25,2021-01-06 09:48:00-05:00,12652.25,78.0,1819.0,2011.0,-192.0,2021
2021-01-07,Long,2021-01-07 09:45:00-05:00,12804.75,2021-01-07 10:01:00-05:00,12844.75,78.0,1897.0,2011.0,-114.0,2021
2021-01-13,Short,2021-01-13 09:45:00-05:00,12868.25,2021-01-13 09:48:00-05:00,12908.25,-82.0,1815.0,2011.0,-196.0,2021
2021-01-15,Long,2021-01-15 09:45:00-05:00,12903.75,2021-01-15 10:04:00-05:00,12863.75,-82.0,1733.0,2011.0,-278.0,2021
2021-01-18,Long,2021-01-18 09:45:00-05:00,12793.25,2021-01-18 11:30:00-05:00,12807.25,26.0,1759.0,2011.0,-252.0,2021
2021-01-19,Long,2021-01-19 09:45:00-05:00,12896.0,2021-01-19 11:18:00-05:00,12856.0,-82.0,1677.0,2011.0,-334.0,2021
2021-02-05,Long,2021-02-05 09:45:00-05:00,13565.75,2021-02-05 10:18:00-05:00,13525.75,-82.0,1595.0,2011.0,-416.0,2021
2021-02-17,Short,2021-02-17 09:45:00-05:00,13644.5,2021-02-17 09:51:00-05:00,13684.5,-82.0,1513.0,2011.0,-498.0,2021
2021-02-18,Long,2021-02-18 09:45:00-05:00,13563.0,2021-02-18 10:05:00-05:00,13523.0,-82.0,1431.0,2011.0,-580.0,2021
2021-02-19,Short,2021-02-19 09:45:00-05:00,13669.75,2021-02-19 10:20:00-05:00,13629.75,78.0,1509.0,2011.0,-502.0,2021
2021-02-23,Short,2021-02-23 09:45:00-05:00,12827.5,2021-02-23 09:47:00-05:00,12787.5,78.0,1587.0,2011.0,-424.0,2021
2021-02-24,Long,2021-02-24 09:45:00-05:00,13029.25,2021-02-24 09:46:00-05:00,13069.25,78.0,1665.0,2011.0,-346.0,2021
2021-02-26,Short,2021-02-26 09:45:00-05:00,12986.25,2021-02-26 09:48:00-05:00,12946.25,78.0,1743.0,2011.0,-268.0,2021
2021-03-01,Long,2021-03-01 09:45:00-05:00,13079.75,2021-03-01 10:02:00-05:00,13119.75,78.0,1821.0,2011.0,-190.0,2021
2021-03-02,Short,2021-03-02 09:45:00-05:00,13227.75,2021-03-02 09:49:00-05:00,13187.75,78.0,1899.0,2011.0,-112.0,2021
2021-03-03,Short,2021-03-03 09:45:00-05:00,12950.0,2021-03-03 09:58:00-05:00,12910.0,78.0,1977.0,2011.0,-34.0,2021
2021-03-04,Short,2021-03-04 09:45:00-05:00,12717.5,2021-03-04 09:47:00-05:00,12677.5,78.0,2055.0,2055.0,0.0,2021
2021-03-05,Short,2021-03-05 09:45:00-05:00,12493.5,2021-03-05 09:49:00-05:00,12453.5,78.0,2133.0,2133.0,0.0,2021
2021-03-08,Long,2021-03-08 09:45:00-05:00,12676.5,2021-03-08 09:49:00-05:00,12636.5,-82.0,2051.0,2133.0,-82.0,2021
2021-03-09,Short,2021-03-09 09:45:00-05:00,12602.75,2021-03-09 09:47:00-05:00,12642.75,-82.0,1969.0,2133.0,-164.0,2021
2021-03-10,Long,2021-03-10 09:45:00-05:00,12913.0,2021-03-10 09:50:00-05:00,12953.0,78.0,2047.0,2133.0,-86.0,2021
2021-03-11,Long,2021-03-11 09:45:00-05:00,12945.375,2021-03-11 10:01:00-05:00,12985.375,78.0,2125.0,2133.0,-8.0,2021
2021-03-12,Long,2021-03-12 09:45:00-05:00,12843.25,2021-03-12 09:56:00-05:00,12883.25,78.0,2203.0,2203.0,0.0,2021
2021-03-15,Long,2021-03-15 09:45:00-04:00,12914.0,2021-03-15 09:52:00-04:00,12954.0,78.0,2281.0,2281.0,0.0,2021
2021-03-17,Short,2021-03-17 09:45:00-04:00,12994.75,2021-03-17 09:59:00-04:00,13034.75,-82.0,2199.0,2281.0,-82.0,2021
2021-03-18,Short,2021-03-18 09:45:00-04:00,12967.25,2021-03-18 10:09:00-04:00,12927.25,78.0,2277.0,2281.0,-4.0,2021
2021-03-19,Short,2021-03-19 09:45:00-04:00,12745.75,2021-03-19 09:53:00-04:00,12785.75,-82.0,2195.0,2281.0,-86.0,2021
2021-03-22,Short,2021-03-22 09:45:00-04:00,12962.0,2021-03-22 09:53:00-04:00,13002.0,-82.0,2113.0,2281.0,-168.0,2021
2021-03-23,Short,2021-03-23 09:45:00-04:00,13079.25,2021-03-23 10:09:00-04:00,13119.25,-82.0,2031.0,2281.0,-250.0,2021
2021-03-24,Long,2021-03-24 09:45:00-04:00,13009.75,2021-03-24 09:50:00-04:00,12969.75,-82.0,1949.0,2281.0,-332.0,2021
2021-03-25,Short,2021-03-25 09:45:00-04:00,12772.5,2021-03-25 09:50:00-04:00,12732.5,78.0,2027.0,2281.0,-254.0,2021
2021-03-26,Long,2021-03-26 09:45:00-04:00,12792.75,2021-03-26 10:02:00-04:00,12832.75,78.0,2105.0,2281.0,-176.0,2021
2021-03-29,Short,2021-03-29 09:45:00-04:00,12924.5,2021-03-29 09:55:00-04:00,12884.5,78.0,2183.0,2281.0,-98.0,2021
2021-03-30,Short,2021-03-30 09:45:00-04:00,12822.25,2021-03-30 10:20:00-04:00,12782.25,78.0,2261.0,2281.0,-20.0,2021
2021-03-31,Long,2021-03-31 09:45:00-04:00,13001.0,2021-03-31 09:50:00-04:00,13041.0,78.0,2339.0,2339.0,0.0,2021
2021-04-01,Long,2021-04-01 09:45:00-04:00,13287.5,2021-04-01 11:30:00-04:00,13295.5,14.0,2353.0,2353.0,0.0,2021
2021-04-06,Long,2021-04-06 09:45:00-04:00,13582.75,2021-04-06 11:10:00-04:00,13622.75,78.0,2431.0,2431.0,0.0,2021
2021-04-07,Long,2021-04-07 09:45:00-04:00,13556.25,2021-04-07 10:06:00-04:00,13596.25,78.0,2509.0,2509.0,0.0,2021
2021-04-09,Short,2021-04-09 09:45:00-04:00,13698.75,2021-04-09 10:04:00-04:00,13738.75,-82.0,2427.0,2509.0,-82.0,2021
2021-04-15,Long,2021-04-15 09:45:00-04:00,13961.5,2021-04-15 10:40:00-04:00,14001.5,78.0,2505.0,2509.0,-4.0,2021
2021-04-19,Long,2021-04-19 09:45:00-04:00,14005.0,2021-04-19 10:04:00-04:00,13965.0,-82.0,2423.0,2509.0,-86.0,2021
2021-04-20,Long,2021-04-20 09:45:00-04:00,13895.0,2021-04-20 10:40:00-04:00,13855.0,-82.0,2341.0,2509.0,-168.0,2021
2021-04-21,Long,2021-04-21 09:45:00-04:00,13728.0,2021-04-21 09:48:00-04:00,13768.0,78.0,2419.0,2509.0,-90.0,2021
2021-04-23,Short,2021-04-23 09:45:00-04:00,13803.5,2021-04-23 10:09:00-04:00,13843.5,-82.0,2337.0,2509.0,-172.0,2021
2021-04-26,Short,2021-04-26 09:45:00-04:00,13937.0,2021-04-26 10:51:00-04:00,13977.0,-82.0,2255.0,2509.0,-254.0,2021
2021-04-28,Long,2021-04-28 09:45:00-04:00,13916.0625,2021-04-28 09:55:00-04:00,13956.0625,78.0,2333.0,2509.0,-176.0,2021
2021-04-29,Short,2021-04-29 09:45:00-04:00,14022.5,2021-04-29 09:53:00-04:00,13982.5,78.0,2411.0,2509.0,-98.0,2021
2021-04-30,Long,2021-04-30 09:45:00-04:00,13873.25,2021-04-30 10:11:00-04:00,13913.25,78.0,2489.0,2509.0,-20.0,2021
2021-05-03,Short,2021-05-03 09:45:00-04:00,13867.25,2021-05-03 10:07:00-04:00,13907.25,-82.0,2407.0,2509.0,-102.0,2021
2021-05-04,Short,2021-05-04 09:45:00-04:00,13594.75,2021-05-04 09:55:00-04:00,13554.75,78.0,2485.0,2509.0,-24.0,2021
2021-05-05,Long,2021-05-05 09:45:00-04:00,13647.333333333334,2021-05-05 09:57:00-04:00,13607.333333333334,-82.0,2403.0,2509.0,-106.0,2021
2021-05-07,Short,2021-05-07 09:45:00-04:00,13703.5,2021-05-07 09:49:00-04:00,13743.5,-82.0,2321.0,2509.0,-188.0,2021
2021-05-10,Long,2021-05-10 09:45:00-04:00,13553.25,2021-05-10 09:55:00-04:00,13513.25,-82.0,2239.0,2509.0,-270.0,2021
2021-05-11,Long,2021-05-11 09:45:00-04:00,13216.75,2021-05-11 09:58:00-04:00,13256.75,78.0,2317.0,2509.0,-192.0,2021
2021-05-12,Long,2021-05-12 09:45:00-04:00,13178.75,2021-05-12 09:46:00-04:00,13218.75,78.0,2395.0,2509.0,-114.0,2021
2021-05-13,Long,2021-05-13 09:45:00-04:00,13120.4,2021-05-13 09:55:00-04:00,13160.4,78.0,2473.0,2509.0,-36.0,2021
2021-05-14,Long,2021-05-14 09:45:00-04:00,13223.0,2021-05-14 09:58:00-04:00,13263.0,78.0,2551.0,2551.0,0.0,2021
2021-05-17,Long,2021-05-17 09:45:00-04:00,13309.25,2021-05-17 10:01:00-04:00,13269.25,-82.0,2469.0,2551.0,-82.0,2021
2021-05-18,Short,2021-05-18 09:45:00-04:00,13329.5,2021-05-18 10:27:00-04:00,13369.5,-82.0,2387.0,2551.0,-164.0,2021
2021-05-19,Long,2021-05-19 09:45:00-04:00,13059.25,2021-05-19 10:02:00-04:00,13019.25,-82.0,2305.0,2551.0,-246.0,2021
2021-05-20,Long,2021-05-20 09:45:00-04:00,13376.5,2021-05-20 10:17:00-04:00,13416.5,78.0,2383.0,2551.0,-168.0,2021
2021-05-21,Short,2021-05-21 09:45:00-04:00,13500.5,2021-05-21 09:58:00-04:00,13540.5,-82.0,2301.0,2551.0,-250.0,2021
2021-05-24,Long,2021-05-24 09:45:00-04:00,13573.0,2021-05-24 10:13:00-04:00,13613.0,78.0,2379.0,2551.0,-172.0,2021
2021-05-25,Short,2021-05-25 09:45:00-04:00,13688.0,2021-05-25 10:02:00-04:00,13648.0,78.0,2457.0,2551.0,-94.0,2021
2021-05-26,Short,2021-05-26 09:45:00-04:00,13680.5,2021-05-26 11:30:00-04:00,13697.0,-35.0,2422.0,2551.0,-129.0,2021
2021-05-27,Long,2021-05-27 09:45:00-04:00,13667.28125,2021-05-27 10:30:00-04:00,13707.28125,78.0,2500.0,2551.0,-51.0,2021
2021-05-28,Short,2021-05-28 09:45:00-04:00,13727.5,2021-05-28 11:30:00-04:00,13725.75,1.5,2501.5,2551.0,-49.5,2021
2021-06-01,Long,2021-06-01 09:45:00-04:00,13753.5,2021-06-01 09:54:00-04:00,13713.5,-82.0,2419.5,2551.0,-131.5,2021
2021-06-02,Long,2021-06-02 09:45:00-04:00,13682.75,2021-06-02 11:30:00-04:00,13697.0,26.5,2446.0,2551.0,-105.0,2021
2021-06-03,Long,2021-06-03 09:45:00-04:00,13497.0,2021-06-03 10:09:00-04:00,13537.0,78.0,2524.0,2551.0,-27.0,2021
2021-06-04,Long,2021-06-04 09:45:00-04:00,13676.5,2021-06-04 10:01:00-04:00,13716.5,78.0,2602.0,2602.0,0.0,2021
2021-06-07,Long,2021-06-07 09:45:00-04:00,13740.5,2021-06-07 11:30:00-04:00,13721.5,-40.0,2562.0,2602.0,-40.0,2021
2021-06-08,Long,2021-06-08 09:45:00-04:00,13910.25,2021-06-08 09:52:00-04:00,13870.25,-82.0,2480.0,2602.0,-122.0,2021
2021-06-09,Long,2021-06-09 09:45:00-04:00,13883.25,2021-06-09 09:53:00-04:00,13843.25,-82.0,2398.0,2602.0,-204.0,2021
2021-06-10,Long,2021-06-10 09:45:00-04:00,13917.25,2021-06-10 09:55:00-04:00,13957.25,78.0,2476.0,2602.0,-126.0,2021
2021-06-11,Short,2021-06-11 09:45:00-04:00,13949.75,2021-06-11 11:30:00-04:00,13961.75,-26.0,2450.0,2602.0,-152.0,2021
2021-06-14,Long,2021-06-14 09:45:00-04:00,14001.75,2021-06-14 11:30:00-04:00,14029.0,52.5,2502.5,2602.0,-99.5,2021
2021-06-16,Long,2021-06-16 09:45:00-04:00,14065.5,2021-06-16 11:30:00-04:00,14048.5,-36.0,2466.5,2602.0,-135.5,2021
2021-06-17,Long,2021-06-17 09:45:00-04:00,13989.75,2021-06-17 09:58:00-04:00,14029.75,78.0,2544.5,2602.0,-57.5,2021
2021-06-18,Long,2021-06-18 09:45:00-04:00,14114.25,2021-06-18 09:51:00-04:00,14074.25,-82.0,2462.5,2602.0,-139.5,2021
2021-06-21,Short,2021-06-21 09:45:00-04:00,14011.0,2021-06-21 09:47:00-04:00,13971.0,78.0,2540.5,2602.0,-61.5,2021
2021-07-01,Long,2021-07-01 09:45:00-04:00,14551.5,2021-07-01 10:20:00-04:00,14511.5,-82.0,2458.5,2602.0,-143.5,2021
2021-07-15,Long,2021-07-15 09:45:00-04:00,14821.5,2021-07-15 09:49:00-04:00,14861.5,78.0,2536.5,2602.0,-65.5,2021
2021-07-19,Short,2021-07-19 09:45:00-04:00,14566.083333333334,2021-07-19 09:50:00-04:00,14526.083333333334,78.0,2614.5,2614.5,0.0,2021
2021-07-20,Long,2021-07-20 09:45:00-04:00,14535.25,2021-07-20 09:48:00-04:00,14575.25,78.0,2692.5,2692.5,0.0,2021
2021-07-22,Short,2021-07-22 09:45:00-04:00,14883.583333333334,2021-07-22 11:30:00-04:00,14891.5,-17.83333333333212,2674.666666666668,2692.5,-17.83333333333212,2021
2021-07-28,Short,2021-07-28 09:45:00-04:00,14908.5,2021-07-28 09:52:00-04:00,14948.5,-82.0,2592.666666666668,2692.5,-99.83333333333212,2021
2021-07-29,Long,2021-07-29 09:45:00-04:00,15056.75,2021-07-29 11:30:00-04:00,15070.0,24.5,2617.166666666668,2692.5,-75.33333333333212,2021
2021-07-30,Long,2021-07-30 09:45:00-04:00,14913.75,2021-07-30 10:00:00-04:00,14953.75,78.0,2695.166666666668,2695.166666666668,0.0,2021
2021-08-02,Short,2021-08-02 09:45:00-04:00,14955.25,2021-08-02 10:12:00-04:00,14995.25,-82.0,2613.166666666668,2695.166666666668,-82.0,2021
2021-08-03,Long,2021-08-03 09:45:00-04:00,14993.75,2021-08-03 09:52:00-04:00,14953.75,-82.0,2531.166666666668,2695.166666666668,-164.0,2021
2021-08-04,Long,2021-08-04 09:45:00-04:00,15054.25,2021-08-04 10:20:00-04:00,15014.25,-82.0,2449.166666666668,2695.166666666668,-246.0,2021
2021-08-09,Long,2021-08-09 09:45:00-04:00,15093.5,2021-08-09 10:30:00-04:00,15133.5,78.0,2527.166666666668,2695.166666666668,-168.0,2021
2021-08-11,Short,2021-08-11 09:45:00-04:00,15071.0,2021-08-11 10:32:00-04:00,15031.0,78.0,2605.166666666668,2695.166666666668,-90.0,2021
2021-08-12,Short,2021-08-12 09:45:00-04:00,14958.5,2021-08-12 10:19:00-04:00,14998.5,-82.0,2523.166666666668,2695.166666666668,-172.0,2021
2021-08-16,Long,2021-08-16 09:45:00-04:00,15093.875,2021-08-16 09:50:00-04:00,15053.875,-82.0,2441.166666666668,2695.166666666668,-254.0,2021
2021-08-17,Long,2021-08-17 09:45:00-04:00,15030.25,2021-08-17 09:52:00-04:00,14990.25,-82.0,2359.166666666668,2695.166666666668,-336.0,2021
2021-08-18,Long,2021-08-18 09:45:00-04:00,14998.3125,2021-08-18 11:30:00-04:00,14981.75,-35.125,2324.041666666668,2695.166666666668,-371.125,2021
2021-08-19,Short,2021-08-19 09:45:00-04:00,14800.75,2021-08-19 10:01:00-04:00,14840.75,-82.0,2242.041666666668,2695.166666666668,-453.125,2021
2021-08-23,Long,2021-08-23 09:45:00-04:00,15184.75,2021-08-23 10:02:00-04:00,15224.75,78.0,2320.041666666668,2695.166666666668,-375.125,2021
2021-09-08,Long,2021-09-08 09:45:00-04:00,15624.875,2021-09-08 10:35:00-04:00,15584.875,-82.0,2238.041666666668,2695.166666666668,-457.125,2021
2021-09-09,Short,2021-09-09 09:45:00-04:00,15668.583333333334,2021-09-09 11:24:00-04:00,15628.583333333334,78.0,2316.041666666668,2695.166666666668,-379.125,2021
2021-09-15,Long,2021-09-15 09:45:00-04:00,15342.5,2021-09-15 11:30:00-04:00,15337.25,-12.5,2303.541666666668,2695.166666666668,-391.625,2021
2021-09-16,Short,2021-09-16 09:45:00-04:00,15428.5,2021-09-16 09:54:00-04:00,15388.5,78.0,2381.541666666668,2695.166666666668,-313.625,2021
2021-09-17,Short,2021-09-17 09:45:00-04:00,15423.0,2021-09-17 10:05:00-04:00,15383.0,78.0,2459.541666666668,2695.166666666668,-235.625,2021
2021-09-20,Long,2021-09-20 09:45:00-04:00,15139.75,2021-09-20 09:50:00-04:00,15099.75,-82.0,2377.541666666668,2695.166666666668,-317.625,2021
2021-09-21,Long,2021-09-21 09:45:00-04:00,15081.5,2021-09-21 09:47:00-04:00,15121.5,78.0,2455.541666666668,2695.166666666668,-239.625,2021
2021-09-22,Short,2021-09-22 09:45:00-04:00,15021.5,2021-09-22 09:56:00-04:00,15061.5,-82.0,2373.541666666668,2695.166666666668,-321.625,2021
2021-09-27,Long,2021-09-27 09:45:00-04:00,15109.275,2021-09-27 10:07:00-04:00,15149.275,78.0,2451.541666666668,2695.166666666668,-243.625,2021
2021-09-28,Short,2021-09-28 09:45:00-04:00,14928.5,2021-09-28 10:06:00-04:00,14888.5,78.0,2529.541666666668,2695.166666666668,-165.625,2021
2021-09-29,Short,2021-09-29 09:45:00-04:00,14795.25,2021-09-29 09:48:00-04:00,14835.25,-82.0,2447.541666666668,2695.166666666668,-247.625,2021
2021-09-30,Short,2021-09-30 09:45:00-04:00,14838.25,2021-09-30 09:50:00-04:00,14878.25,-82.0,2365.541666666668,2695.166666666668,-329.625,2021
2021-10-01,Short,2021-10-01 09:45:00-04:00,14631.75,2021-10-01 10:15:00-04:00,14591.75,78.0,2443.541666666668,2695.166666666668,-251.625,2021
2021-10-04,Short,2021-10-04 09:45:00-04:00,14596.25,2021-10-04 10:02:00-04:00,14556.25,78.0,2521.541666666668,2695.166666666668,-173.625,2021
2021-10-05,Long,2021-10-05 09:45:00-04:00,14538.75,2021-10-05 09:50:00-04:00,14578.75,78.0,2599.541666666668,2695.166666666668,-95.625,2021
2021-10-06,Long,2021-10-06 09:45:00-04:00,14630.25,2021-10-06 09:49:00-04:00,14590.25,-82.0,2517.541666666668,2695.166666666668,-177.625,2021
2021-10-07,Short,2021-10-07 09:45:00-04:00,14928.5,2021-10-07 10:01:00-04:00,14968.5,-82.0,2435.541666666668,2695.166666666668,-259.625,2021
2021-10-08,Short,2021-10-08 09:45:00-04:00,14889.25,2021-10-08 09:46:00-04:00,14849.25,78.0,2513.541666666668,2695.166666666668,-181.625,2021
2021-10-11,Long,2021-10-11 09:45:00-04:00,14824.5,2021-10-11 10:00:00-04:00,14864.5,78.0,2591.541666666668,2695.166666666668,-103.625,2021
2021-10-12,Short,2021-10-12 09:45:00-04:00,14691.5,2021-10-12 10:17:00-04:00,14651.5,78.0,2669.541666666668,2695.166666666668,-25.625,2021
2021-10-13,Short,2021-10-13 09:45:00-04:00,14757.0,2021-10-13 09:50:00-04:00,14717.0,78.0,2747.541666666668,2747.541666666668,0.0,2021
2021-10-14,Long,2021-10-14 09:45:00-04:00,14925.75,2021-10-14 10:01:00-04:00,14965.75,78.0,2825.541666666668,2825.541666666668,0.0,2021
2021-10-15,Short,2021-10-15 09:45:00-04:00,15060.5,2021-10-15 10:57:00-04:00,15100.5,-82.0,2743.541666666668,2825.541666666668,-82.0,2021
2021-10-18,Long,2021-10-18 09:45:00-04:00,15111.0,2021-10-18 10:06:00-04:00,15151.0,78.0,2821.541666666668,2825.541666666668,-4.0,2021
2021-10-19,Long,2021-10-19 09:45:00-04:00,15333.833333333334,2021-10-19 10:58:00-04:00,15373.833333333334,78.0,2899.541666666668,2899.541666666668,0.0,2021
2021-10-20,Long,2021-10-20 09:45:00-04:00,15419.0,2021-10-20 11:30:00-04:00,15402.0,-36.0,2863.541666666668,2899.541666666668,-36.0,2021
2021-10-21,Long,2021-10-21 09:45:00-04:00,15374.25,2021-10-21 10:26:00-04:00,15414.25,78.0,2941.541666666668,2941.541666666668,0.0,2021
2021-10-22,Short,2021-10-22 09:45:00-04:00,15448.0,2021-10-22 09:48:00-04:00,15408.0,78.0,3019.541666666668,3019.541666666668,0.0,2021
2021-10-25,Long,2021-10-25 09:45:00-04:00,15355.75,2021-10-25 10:00:00-04:00,15395.75,78.0,3097.541666666668,3097.541666666668,0.0,2021
2021-10-26,Long,2021-10-26 09:45:00-04:00,15646.25,2021-10-26 10:17:00-04:00,15686.25,78.0,3175.541666666668,3175.541666666668,0.0,2021
2021-10-27,Long,2021-10-27 09:45:00-04:00,15625.0,2021-10-27 10:04:00-04:00,15585.0,-82.0,3093.541666666668,3175.541666666668,-82.0,2021
2021-10-28,Long,2021-10-28 09:45:00-04:00,15666.25,2021-10-28 10:26:00-04:00,15706.25,78.0,3171.541666666668,3175.541666666668,-4.0,2021
2021-10-29,Short,2021-10-29 09:45:00-04:00,15668.8125,2021-10-29 11:08:00-04:00,15708.8125,-82.0,3089.541666666668,3175.541666666668,-86.0,2021
2021-11-16,Long,2021-11-16 09:45:00-05:00,16240.75,2021-11-16 10:29:00-05:00,16200.75,-82.0,3007.541666666668,3175.541666666668,-168.0,2021
2021-11-18,Short,2021-11-18 09:45:00-05:00,16382.0,2021-11-18 10:12:00-05:00,16342.0,78.0,3085.541666666668,3175.541666666668,-90.0,2021
2021-11-23,Long,2021-11-23 09:45:00-05:00,16354.75,2021-11-23 09:47:00-05:00,16394.75,78.0,3163.541666666668,3175.541666666668,-12.0,2021
2021-11-25,Long,2021-11-25 09:45:00-05:00,16397.75,2021-11-25 11:30:00-05:00,16395.5,-6.5,3157.041666666668,3175.541666666668,-18.5,2021
2021-11-26,Short,2021-11-26 09:45:00-05:00,16205.25,2021-11-26 09:57:00-05:00,16245.25,-82.0,3075.041666666668,3175.541666666668,-100.5,2021
2021-11-29,Short,2021-11-29 09:45:00-05:00,16251.875,2021-11-29 09:46:00-05:00,16211.875,78.0,3153.041666666668,3175.541666666668,-22.5,2021
2021-11-30,Long,2021-11-30 09:45:00-05:00,16355.75,2021-11-30 09:55:00-05:00,16395.75,78.0,3231.041666666668,3231.041666666668,0.0,2021
2021-12-01,Long,2021-12-01 09:45:00-05:00,16302.0,2021-12-01 10:00:00-05:00,16342.0,78.0,3309.041666666668,3309.041666666668,0.0,2021
2021-12-02,Short,2021-12-02 09:45:00-05:00,15941.75,2021-12-02 09:48:00-05:00,15981.75,-82.0,3227.041666666668,3309.041666666668,-82.0,2021
2021-12-03,Long,2021-12-03 09:45:00-05:00,15950.0,2021-12-03 09:50:00-05:00,15910.0,-82.0,3145.041666666668,3309.041666666668,-164.0,2021
2021-12-06,Short,2021-12-06 09:45:00-05:00,15669.0,2021-12-06 09:55:00-05:00,15629.0,78.0,3223.041666666668,3309.041666666668,-86.0,2021
2021-12-08,Long,2021-12-08 09:45:00-05:00,16318.25,2021-12-08 09:55:00-05:00,16278.25,-82.0,3141.041666666668,3309.041666666668,-168.0,2021
2021-12-09,Long,2021-12-09 09:45:00-05:00,16398.0,2021-12-09 09:52:00-05:00,16358.0,-82.0,3059.041666666668,3309.041666666668,-250.0,2021
2021-12-10,Short,2021-12-10 09:45:00-05:00,16246.0,2021-12-10 09:47:00-05:00,16206.0,78.0,3137.041666666668,3309.041666666668,-172.0,2021
2021-12-13,Long,2021-12-13 09:45:00-05:00,16310.25,2021-12-13 09:53:00-05:00,16270.25,-82.0,3055.041666666668,3309.041666666668,-254.0,2021
2021-12-14,Long,2021-12-14 09:45:00-05:00,15991.25,2021-12-14 09:47:00-05:00,15951.25,-82.0,2973.041666666668,3309.041666666668,-336.0,2021
2021-12-15,Long,2021-12-15 09:45:00-05:00,15878.25,2021-12-15 09:49:00-05:00,15838.25,-82.0,2891.041666666668,3309.041666666668,-418.0,2021
2021-12-16,Long,2021-12-16 09:45:00-05:00,16253.416666666666,2021-12-16 09:52:00-05:00,16213.416666666666,-82.0,2809.041666666668,3309.041666666668,-500.0,2021
2021-12-17,Long,2021-12-17 09:45:00-05:00,15676.5,2021-12-17 09:46:00-05:00,15716.5,78.0,2887.041666666668,3309.041666666668,-422.0,2021
2021-12-20,Short,2021-12-20 09:45:00-05:00,15619.975,2021-12-20 09:47:00-05:00,15579.975,78.0,2965.041666666668,3309.041666666668,-344.0,2021
2021-12-21,Short,2021-12-21 09:45:00-05:00,15723.5,2021-12-21 09:46:00-05:00,15683.5,78.0,3043.041666666668,3309.041666666668,-266.0,2021
2021-12-22,Long,2021-12-22 09:45:00-05:00,16009.75,2021-12-22 10:04:00-05:00,15969.75,-82.0,2961.041666666668,3309.041666666668,-348.0,2021
2021-12-23,Short,2021-12-23 09:45:00-05:00,16207.25,2021-12-23 10:00:00-05:00,16247.25,-82.0,2879.041666666668,3309.041666666668,-430.0,2021
2021-12-27,Long,2021-12-27 09:45:00-05:00,16435.0,2021-12-27 10:08:00-05:00,16475.0,78.0,2957.041666666668,3309.041666666668,-352.0,2021
2021-12-29,Short,2021-12-29 09:45:00-05:00,16504.25,2021-12-29 10:11:00-05:00,16464.25,78.0,3035.041666666668,3309.041666666668,-274.0,2021
2021-12-31,Short,2021-12-31 09:45:00-05:00,16424.0,2021-12-31 09:49:00-05:00,16384.0,78.0,3113.041666666668,3309.041666666668,-196.0,2021
2022-01-03,Short,2022-01-03 09:45:00-05:00,16444.5,2022-01-03 09:47:00-05:00,16404.5,78.0,3191.041666666668,3309.041666666668,-118.0,2022
2022-01-05,Short,2022-01-05 09:45:00-05:00,16178.75,2022-01-05 09:52:00-05:00,16218.75,-82.0,3109.041666666668,3309.041666666668,-200.0,2022
2022-01-06,Long,2022-01-06 09:45:00-05:00,15837.25,2022-01-06 09:48:00-05:00,15797.25,-82.0,3027.041666666668,3309.041666666668,-282.0,2022
2022-01-07,Long,2022-01-07 09:45:00-05:00,15800.75,2022-01-07 10:04:00-05:00,15760.75,-82.0,2945.041666666668,3309.041666666668,-364.0,2022
2022-01-10,Short,2022-01-10 09:45:00-05:00,15318.75,2022-01-10 09:55:00-05:00,15278.75,78.0,3023.041666666668,3309.041666666668,-286.0,2022
2022-01-11,Short,2022-01-11 09:45:00-05:00,15498.0,2022-01-11 09:47:00-05:00,15538.0,-82.0,2941.041666666668,3309.041666666668,-368.0,2022
2022-01-12,Short,2022-01-12 09:45:00-05:00,15912.5,2022-01-12 09:53:00-05:00,15952.5,-82.0,2859.041666666668,3309.041666666668,-450.0,2022
2022-01-13,Short,2022-01-13 09:45:00-05:00,15945.625,2022-01-13 10:04:00-05:00,15905.625,78.0,2937.041666666668,3309.041666666668,-372.0,2022
2022-01-14,Long,2022-01-14 09:45:00-05:00,15523.75,2022-01-14 09:55:00-05:00,15563.75,78.0,3015.041666666668,3309.041666666668,-294.0,2022
2022-01-18,Short,2022-01-18 09:45:00-05:00,15353.75,2022-01-18 09:47:00-05:00,15313.75,78.0,3093.041666666668,3309.041666666668,-216.0,2022
2022-01-19,Long,2022-01-19 09:45:00-05:00,15300.5,2022-01-19 09:46:00-05:00,15340.5,78.0,3171.041666666668,3309.041666666668,-138.0,2022
2022-01-20,Long,2022-01-20 09:45:00-05:00,15258.0,2022-01-20 10:19:00-05:00,15218.0,-82.0,3089.041666666668,3309.041666666668,-220.0,2022
2022-01-21,Long,2022-01-21 09:45:00-05:00,14693.333333333334,2022-01-21 09:46:00-05:00,14733.333333333334,78.0,3167.041666666668,3309.041666666668,-142.0,2022
2022-01-26,Long,2022-01-26 09:45:00-05:00,14390.333333333334,2022-01-26 09:51:00-05:00,14430.333333333334,78.0,3245.041666666668,3309.041666666668,-64.0,2022
2022-01-27,Short,2022-01-27 09:45:00-05:00,14344.75,2022-01-27 09:48:00-05:00,14384.75,-82.0,3163.041666666668,3309.041666666668,-146.0,2022
2022-01-28,Short,2022-01-28 09:45:00-05:00,13897.5,2022-01-28 09:51:00-05:00,13937.5,-82.0,3081.041666666668,3309.041666666668,-228.0,2022
2022-01-31,Long,2022-01-31 09:45:00-05:00,14561.0,2022-01-31 09:50:00-05:00,14521.0,-82.0,2999.041666666668,3309.041666666668,-310.0,2022
2022-02-01,Short,2022-02-01 09:45:00-05:00,14804.25,2022-02-01 09:49:00-05:00,14844.25,-82.0,2917.041666666668,3309.041666666668,-392.0,2022
2022-02-02,Long,2022-02-02 09:45:00-05:00,15085.25,2022-02-02 09:49:00-05:00,15045.25,-82.0,2835.041666666668,3309.041666666668,-474.0,2022
2022-02-03,Short,2022-02-03 09:45:00-05:00,14753.5,2022-02-03 09:47:00-05:00,14713.5,78.0,2913.041666666668,3309.041666666668,-396.0,2022
2022-02-04,Long,2022-02-04 09:45:00-05:00,14559.0,2022-02-04 09:46:00-05:00,14599.0,78.0,2991.041666666668,3309.041666666668,-318.0,2022
2022-02-07,Long,2022-02-07 09:45:00-05:00,14763.5,2022-02-07 09:49:00-05:00,14723.5,-82.0,2909.041666666668,3309.041666666668,-400.0,2022
2022-02-08,Short,2022-02-08 09:45:00-05:00,14548.0,2022-02-08 10:00:00-05:00,14508.0,78.0,2987.041666666668,3309.041666666668,-322.0,2022
2022-02-09,Short,2022-02-09 09:45:00-05:00,14917.0,2022-02-09 09:51:00-05:00,14877.0,78.0,3065.041666666668,3309.041666666668,-244.0,2022
2022-02-10,Long,2022-02-10 09:45:00-05:00,14829.5,2022-02-10 09:50:00-05:00,14869.5,78.0,3143.041666666668,3309.041666666668,-166.0,2022
2022-02-11,Long,2022-02-11 09:45:00-05:00,14669.8,2022-02-11 09:46:00-05:00,14709.8,78.0,3221.041666666668,3309.041666666668,-88.0,2022
2022-02-15,Long,2022-02-15 09:45:00-05:00,14497.6875,2022-02-15 09:50:00-05:00,14457.6875,-82.0,3139.041666666668,3309.041666666668,-170.0,2022
2022-02-16,Short,2022-02-16 09:45:00-05:00,14432.0,2022-02-16 09:52:00-05:00,14392.0,78.0,3217.041666666668,3309.041666666668,-92.0,2022
2022-02-18,Long,2022-02-18 09:45:00-05:00,14110.9375,2022-02-18 09:50:00-05:00,14150.9375,78.0,3295.041666666668,3309.041666666668,-14.0,2022
2022-02-21,Short,2022-02-21 09:45:00-05:00,13820.75,2022-02-21 10:11:00-05:00,13860.75,-82.0,3213.041666666668,3309.041666666668,-96.0,2022
2022-02-22,Long,2022-02-22 09:45:00-05:00,13979.0,2022-02-22 09:48:00-05:00,14019.0,78.0,3291.041666666668,3309.041666666668,-18.0,2022
2022-02-23,Long,2022-02-23 09:45:00-05:00,13961.416666666666,2022-02-23 09:50:00-05:00,13921.416666666666,-82.0,3209.041666666668,3309.041666666668,-100.0,2022
2022-02-25,Long,2022-02-25 09:45:00-05:00,13890.333333333334,2022-02-25 09:46:00-05:00,13930.333333333334,78.0,3287.041666666668,3309.041666666668,-22.0,2022
2022-02-28,Long,2022-02-28 09:45:00-05:00,14047.75,2022-02-28 09:46:00-05:00,14087.75,78.0,3365.041666666668,3365.041666666668,0.0,2022
2022-03-01,Short,2022-03-01 09:45:00-05:00,14180.0,2022-03-01 09:47:00-05:00,14220.0,-82.0,3283.041666666668,3365.041666666668,-82.0,2022
2022-03-02,Short,2022-03-02 09:45:00-05:00,14097.0,2022-03-02 10:06:00-05:00,14057.0,78.0,3361.041666666668,3365.041666666668,-4.0,2022
2022-03-03,Long,2022-03-03 09:45:00-05:00,14303.25,2022-03-03 09:48:00-05:00,14263.25,-82.0,3279.041666666668,3365.041666666668,-86.0,2022
2022-03-04,Short,2022-03-04 09:45:00-05:00,13902.75,2022-03-04 09:46:00-05:00,13862.75,78.0,3357.041666666668,3365.041666666668,-8.0,2022
2022-03-07,Short,2022-03-07 09:45:00-05:00,13757.75,2022-03-07 09:53:00-05:00,13717.75,78.0,3435.041666666668,3435.041666666668,0.0,2022
2022-03-17,Long,2022-03-17 09:45:00-04:00,13889.25,2022-03-17 09:46:00-04:00,13929.25,78.0,3513.041666666668,3513.041666666668,0.0,2022
2022-03-18,Long,2022-03-18 09:45:00-04:00,14067.75,2022-03-18 09:49:00-04:00,14107.75,78.0,3591.041666666668,3591.041666666668,0.0,2022
2022-03-21,Short,2022-03-21 09:45:00-04:00,14441.0,2022-03-21 09:47:00-04:00,14401.0,78.0,3669.041666666668,3669.041666666668,0.0,2022
2022-03-22,Short,2022-03-22 09:45:00-04:00,14467.375,2022-03-22 09:46:00-04:00,14427.375,78.0,3747.041666666668,3747.041666666668,0.0,2022
2022-03-23,Short,2022-03-23 09:45:00-04:00,14510.25,2022-03-23 09:46:00-04:00,14470.25,78.0,3825.041666666668,3825.041666666668,0.0,2022
2022-03-24,Short,2022-03-24 09:45:00-04:00,14517.82142857143,2022-03-24 09:50:00-04:00,14477.82142857143,78.0,3903.041666666668,3903.041666666668,0.0,2022
2022-03-25,Short,2022-03-25 09:45:00-04:00,14742.5,2022-03-25 10:02:00-04:00,14702.5,78.0,3981.041666666668,3981.041666666668,0.0,2022
2022-03-28,Short,2022-03-28 09:45:00-04:00,14853.0,2022-03-28 09:55:00-04:00,14893.0,-82.0,3899.041666666668,3981.041666666668,-82.0,2022
2022-03-29,Long,2022-03-29 09:45:00-04:00,15158.25,2022-03-29 09:50:00-04:00,15118.25,-82.0,3817.041666666668,3981.041666666668,-164.0,2022
2022-03-30,Short,2022-03-30 09:45:00-04:00,15181.5,2022-03-30 10:15:00-04:00,15221.5,-82.0,3735.041666666668,3981.041666666668,-246.0,2022
2022-03-31,Short,2022-03-31 09:45:00-04:00,15007.5,2022-03-31 10:03:00-04:00,14967.5,78.0,3813.041666666668,3981.041666666668,-168.0,2022
2022-04-01,Short,2022-04-01 09:45:00-04:00,14876.25,2022-04-01 09:51:00-04:00,14836.25,78.0,3891.041666666668,3981.041666666668,-90.0,2022
2022-04-04,Long,2022-04-04 09:45:00-04:00,14990.75,2022-04-04 09:55:00-04:00,15030.75,78.0,3969.041666666668,3981.041666666668,-12.0,2022
2022-04-05,Long,2022-04-05 09:45:00-04:00,15106.32142857143,2022-04-05 09:52:00-04:00,15066.32142857143,-82.0,3887.041666666668,3981.041666666668,-94.0,2022
2022-04-06,Short,2022-04-06 09:45:00-04:00,14534.25,2022-04-06 10:00:00-04:00,14494.25,78.0,3965.041666666668,3981.041666666668,-16.0,2022
2022-04-07,Short,2022-04-07 09:45:00-04:00,14505.75,2022-04-07 09:49:00-04:00,14465.75,78.0,4043.041666666668,4043.041666666668,0.0,2022
2022-04-08,Short,2022-04-08 09:45:00-04:00,14371.25,2022-04-08 09:52:00-04:00,14331.25,78.0,4121.041666666668,4121.041666666668,0.0,2022
2022-04-11,Long,2022-04-11 09:45:00-04:00,14161.25,2022-04-11 10:05:00-04:00,14121.25,-82.0,4039.041666666668,4121.041666666668,-82.0,2022
2022-04-12,Short,2022-04-12 09:45:00-04:00,14175.75,2022-04-12 09:47:00-04:00,14215.75,-82.0,3957.041666666668,4121.041666666668,-164.0,2022
2022-04-13,Long,2022-04-13 09:45:00-04:00,14019.75,2022-04-13 09:47:00-04:00,14059.75,78.0,4035.041666666668,4121.041666666668,-86.0,2022
2022-04-14,Short,2022-04-14 09:45:00-04:00,14136.5,2022-04-14 10:05:00-04:00,14096.5,78.0,4113.041666666668,4121.041666666668,-8.0,2022
2022-04-18,Short,2022-04-18 09:45:00-04:00,13885.5625,2022-04-18 09:53:00-04:00,13845.5625,78.0,4191.041666666668,4191.041666666668,0.0,2022
2022-04-19,Long,2022-04-19 09:45:00-04:00,13909.25,2022-04-19 09:52:00-04:00,13949.25,78.0,4269.041666666668,4269.041666666668,0.0,2022
2022-04-20,Short,2022-04-20 09:45:00-04:00,14127.0,2022-04-20 09:56:00-04:00,14087.0,78.0,4347.041666666668,4347.041666666668,0.0,2022
2022-04-21,Short,2022-04-21 09:45:00-04:00,14267.5,2022-04-21 09:54:00-04:00,14227.5,78.0,4425.041666666668,4425.041666666668,0.0,2022
2022-04-22,Short,2022-04-22 09:45:00-04:00,13639.0,2022-04-22 09:46:00-04:00,13679.0,-82.0,4343.041666666668,4425.041666666668,-82.0,2022
2022-04-28,Short,2022-04-28 09:45:00-04:00,13121.0,2022-04-28 09:46:00-04:00,13161.0,-82.0,4261.041666666668,4425.041666666668,-164.0,2022
2022-06-01,Long,2022-06-01 09:45:00-04:00,12778.75,2022-06-01 09:55:00-04:00,12818.75,78.0,4339.041666666668,4425.041666666668,-86.0,2022
2022-06-02,Long,2022-06-02 09:45:00-04:00,12543.5,2022-06-02 09:56:00-04:00,12503.5,-82.0,4257.041666666668,4425.041666666668,-168.0,2022
2022-06-06,Short,2022-06-06 09:45:00-04:00,12731.75,2022-06-06 09:48:00-04:00,12691.75,78.0,4335.041666666668,4425.041666666668,-90.0,2022
2022-06-07,Long,2022-06-07 09:45:00-04:00,12518.125,2022-06-07 09:51:00-04:00,12558.125,78.0,4413.041666666668,4425.041666666668,-12.0,2022
2022-06-08,Long,2022-06-08 09:45:00-04:00,12691.625,2022-06-08 09:49:00-04:00,12731.625,78.0,4491.041666666668,4491.041666666668,0.0,2022
2022-06-09,Short,2022-06-09 09:45:00-04:00,12534.0,2022-06-09 09:48:00-04:00,12574.0,-82.0,4409.041666666668,4491.041666666668,-82.0,2022
2022-06-10,Short,2022-06-10 09:45:00-04:00,12050.0,2022-06-10 09:48:00-04:00,12010.0,78.0,4487.041666666668,4491.041666666668,-4.0,2022
2022-06-23,Short,2022-06-23 09:45:00-04:00,11593.5,2022-06-23 09:52:00-04:00,11553.5,78.0,4565.041666666668,4565.041666666668,0.0,2022
2022-06-24,Long,2022-06-24 09:45:00-04:00,11959.0,2022-06-24 10:00:00-04:00,11999.0,78.0,4643.041666666668,4643.041666666668,0.0,2022
2022-06-27,Short,2022-06-27 09:45:00-04:00,12058.083333333334,2022-06-27 10:03:00-04:00,12098.083333333334,-82.0,4561.041666666668,4643.041666666668,-82.0,2022
2022-06-28,Long,2022-06-28 09:45:00-04:00,12154.75,2022-06-28 09:47:00-04:00,12114.75,-82.0,4479.041666666668,4643.041666666668,-164.0,2022
2022-06-29,Short,2022-06-29 09:45:00-04:00,11584.0,2022-06-29 09:47:00-04:00,11624.0,-82.0,4397.041666666668,4643.041666666668,-246.0,2022
2022-06-30,Long,2022-06-30 09:45:00-04:00,11445.5,2022-06-30 09:54:00-04:00,11405.5,-82.0,4315.041666666668,4643.041666666668,-328.0,2022
2022-07-01,Long,2022-07-01 09:45:00-04:00,11476.5,2022-07-01 09:46:00-04:00,11516.5,78.0,4393.041666666668,4643.041666666668,-250.0,2022
2022-07-05,Long,2022-07-05 09:45:00-04:00,11445.5,2022-07-05 09:46:00-04:00,11405.5,-82.0,4311.041666666668,4643.041666666668,-332.0,2022
2022-07-06,Short,2022-07-06 09:45:00-04:00,11819.75,2022-07-06 09:46:00-04:00,11779.75,78.0,4389.041666666668,4643.041666666668,-254.0,2022
2022-07-08,Long,2022-07-08 09:45:00-04:00,12066.0,2022-07-08 09:49:00-04:00,12026.0,-82.0,4307.041666666668,4643.041666666668,-336.0,2022
2022-07-11,Short,2022-07-11 09:45:00-04:00,11908.0,2022-07-11 09:51:00-04:00,11868.0,78.0,4385.041666666668,4643.041666666668,-258.0,2022
2022-07-13,Short,2022-07-13 09:45:00-04:00,11602.25,2022-07-13 09:47:00-04:00,11642.25,-82.0,4303.041666666668,4643.041666666668,-340.0,2022
2022-07-14,Long,2022-07-14 09:45:00-04:00,11573.25,2022-07-14 09:46:00-04:00,11613.25,78.0,4381.041666666668,4643.041666666668,-262.0,2022
2022-07-15,Short,2022-07-15 09:45:00-04:00,11927.875,2022-07-15 09:46:00-04:00,11887.875,78.0,4459.041666666668,4643.041666666668,-184.0,2022
2022-07-18,Long,2022-07-18 09:45:00-04:00,12134.25,2022-07-18 09:50:00-04:00,12174.25,78.0,4537.041666666668,4643.041666666668,-106.0,2022
2022-07-19,Short,2022-07-19 09:45:00-04:00,12020.0,2022-07-19 09:58:00-04:00,12060.0,-82.0,4455.041666666668,4643.041666666668,-188.0,2022
2022-07-25,Short,2022-07-25 09:45:00-04:00,12410.375,2022-07-25 10:05:00-04:00,12370.375,78.0,4533.041666666668,4643.041666666668,-110.0,2022
2022-07-27,Long,2022-07-27 09:45:00-04:00,12368.25,2022-07-27 10:05:00-04:00,12408.25,78.0,4611.041666666668,4643.041666666668,-32.0,2022
2022-07-28,Short,2022-07-28 09:45:00-04:00,12519.5,2022-07-28 09:47:00-04:00,12479.5,78.0,4689.041666666668,4689.041666666668,0.0,2022
2022-07-29,Long,2022-07-29 09:45:00-04:00,12842.5,2022-07-29 09:56:00-04:00,12882.5,78.0,4767.041666666668,4767.041666666668,0.0,2022
2022-08-03,Long,2022-08-03 09:45:00-04:00,13074.0,2022-08-03 09:56:00-04:00,13114.0,78.0,4845.041666666668,4845.041666666668,0.0,2022
2022-08-05,Short,2022-08-05 09:45:00-04:00,13173.0,2022-08-05 10:02:00-04:00,13213.0,-82.0,4763.041666666668,4845.041666666668,-82.0,2022
2022-08-08,Short,2022-08-08 09:45:00-04:00,13373.0,2022-08-08 10:02:00-04:00,13413.0,-82.0,4681.041666666668,4845.041666666668,-164.0,2022
2022-08-09,Short,2022-08-09 09:45:00-04:00,13078.75,2022-08-09 09:53:00-04:00,13038.75,78.0,4759.041666666668,4845.041666666668,-86.0,2022
2022-08-10,Short,2022-08-10 09:45:00-04:00,13314.75,2022-08-10 10:14:00-04:00,13274.75,78.0,4837.041666666668,4845.041666666668,-8.0,2022
2022-08-12,Long,2022-08-12 09:45:00-04:00,13427.5,2022-08-12 09:48:00-04:00,13387.5,-82.0,4755.041666666668,4845.041666666668,-90.0,2022
2022-08-16,Long,2022-08-16 09:45:00-04:00,13615.25,2022-08-16 10:01:00-04:00,13575.25,-82.0,4673.041666666668,4845.041666666668,-172.0,2022
2022-08-18,Long,2022-08-18 09:45:00-04:00,13496.5,2022-08-18 09:50:00-04:00,13456.5,-82.0,4591.041666666668,4845.041666666668,-254.0,2022
2022-08-19,Short,2022-08-19 09:45:00-04:00,13344.75,2022-08-19 09:55:00-04:00,13304.75,78.0,4669.041666666668,4845.041666666668,-176.0,2022
2022-08-22,Long,2022-08-22 09:45:00-04:00,13065.0,2022-08-22 09:49:00-04:00,13025.0,-82.0,4587.041666666668,4845.041666666668,-258.0,2022
2022-08-23,Short,2022-08-23 09:45:00-04:00,12867.75,2022-08-23 09:47:00-04:00,12907.75,-82.0,4505.041666666668,4845.041666666668,-340.0,2022
2022-08-24,Long,2022-08-24 09:45:00-04:00,12896.0,2022-08-24 10:19:00-04:00,12936.0,78.0,4583.041666666668,4845.041666666668,-262.0,2022
2022-08-25,Short,2022-08-25 09:45:00-04:00,12975.5,2022-08-25 09:55:00-04:00,13015.5,-82.0,4501.041666666668,4845.041666666668,-344.0,2022
2022-08-29,Long,2022-08-29 09:45:00-04:00,12575.0,2022-08-29 09:59:00-04:00,12535.0,-82.0,4419.041666666668,4845.041666666668,-426.0,2022
2022-08-30,Short,2022-08-30 09:45:00-04:00,12505.25,2022-08-30 09:59:00-04:00,12465.25,78.0,4497.041666666668,4845.041666666668,-348.0,2022
2022-08-31,Long,2022-08-31 09:45:00-04:00,12483.5,2022-08-31 10:00:00-04:00,12443.5,-82.0,4415.041666666668,4845.041666666668,-430.0,2022
2022-09-01,Short,2022-09-01 09:45:00-04:00,12197.0,2022-09-01 09:50:00-04:00,12157.0,78.0,4493.041666666668,4845.041666666668,-352.0,2022
2022-09-02,Short,2022-09-02 09:45:00-04:00,12303.25,2022-09-02 09:50:00-04:00,12343.25,-82.0,4411.041666666668,4845.041666666668,-434.0,2022
2022-09-05,Short,2022-09-05 09:45:00-04:00,12135.0,2022-09-05 11:30:00-04:00,12132.75,2.5,4413.541666666668,4845.041666666668,-431.5,2022
2022-09-06,Short,2022-09-06 09:45:00-04:00,12093.5,2022-09-06 09:52:00-04:00,12053.5,78.0,4491.541666666668,4845.041666666668,-353.5,2022
2022-09-07,Long,2022-09-07 09:45:00-04:00,12102.75,2022-09-07 10:00:00-04:00,12062.75,-82.0,4409.541666666668,4845.041666666668,-435.5,2022
2022-09-08,Long,2022-09-08 09:45:00-04:00,12215.25,2022-09-08 09:55:00-04:00,12255.25,78.0,4487.541666666668,4845.041666666668,-357.5,2022
2022-09-09,Long,2022-09-09 09:45:00-04:00,12445.75,2022-09-09 09:47:00-04:00,12485.75,78.0,4565.541666666668,4845.041666666668,-279.5,2022
2022-09-12,Long,2022-09-12 09:45:00-04:00,12764.5,2022-09-12 09:55:00-04:00,12804.5,78.0,4643.541666666668,4845.041666666668,-201.5,2022
2022-09-13,Short,2022-09-13 09:45:00-04:00,12424.0,2022-09-13 10:00:00-04:00,12384.0,78.0,4721.541666666668,4845.041666666668,-123.5,2022
2022-09-14,Long,2022-09-14 09:45:00-04:00,12183.0,2022-09-14 09:52:00-04:00,12143.0,-82.0,4639.541666666668,4845.041666666668,-205.5,2022
2022-09-15,Short,2022-09-15 09:45:00-04:00,12167.25,2022-09-15 09:50:00-04:00,12207.25,-82.0,4557.541666666668,4845.041666666668,-287.5,2022
2022-09-16,Short,2022-09-16 09:45:00-04:00,11813.25,2022-09-16 10:12:00-04:00,11853.25,-82.0,4475.541666666668,4845.041666666668,-369.5,2022
2022-09-19,Long,2022-09-19 09:45:00-04:00,11897.0,2022-09-19 10:35:00-04:00,11937.0,78.0,4553.541666666668,4845.041666666668,-291.5,2022
2022-09-20,Short,2022-09-20 09:45:00-04:00,11899.75,2022-09-20 10:06:00-04:00,11939.75,-82.0,4471.541666666668,4845.041666666668,-373.5,2022
2022-09-21,Long,2022-09-21 09:45:00-04:00,11947.375,2022-09-21 09:48:00-04:00,11987.375,78.0,4549.541666666668,4845.041666666668,-295.5,2022
2022-09-22,Short,2022-09-22 09:45:00-04:00,11600.75,2022-09-22 10:15:00-04:00,11640.75,-82.0,4467.541666666668,4845.041666666668,-377.5,2022
2022-09-23,Short,2022-09-23 09:45:00-04:00,11408.75,2022-09-23 09:51:00-04:00,11368.75,78.0,4545.541666666668,4845.041666666668,-299.5,2022
2022-09-26,Short,2022-09-26 09:45:00-04:00,11427.25,2022-09-26 09:50:00-04:00,11467.25,-82.0,4463.541666666668,4845.041666666668,-381.5,2022
2022-09-27,Short,2022-09-27 09:45:00-04:00,11540.5,2022-09-27 09:49:00-04:00,11500.5,78.0,4541.541666666668,4845.041666666668,-303.5,2022
2022-09-28,Short,2022-09-28 09:45:00-04:00,11339.75,2022-09-28 09:47:00-04:00,11299.75,78.0,4619.541666666668,4845.041666666668,-225.5,2022
2022-09-29,Long,2022-09-29 09:45:00-04:00,11266.0,2022-09-29 10:02:00-04:00,11226.0,-82.0,4537.541666666668,4845.041666666668,-307.5,2022
2022-10-04,Long,2022-10-04 09:45:00-04:00,11560.25,2022-10-04 09:51:00-04:00,11600.25,78.0,4615.541666666668,4845.041666666668,-229.5,2022
2022-10-05,Long,2022-10-05 09:45:00-04:00,11470.5,2022-10-05 09:49:00-04:00,11510.5,78.0,4693.541666666668,4845.041666666668,-151.5,2022
2022-10-06,Long,2022-10-06 09:45:00-04:00,11701.75,2022-10-06 09:57:00-04:00,11661.75,-82.0,4611.541666666668,4845.041666666668,-233.5,2022
2022-10-07,Short,2022-10-07 09:45:00-04:00,11275.0,2022-10-07 09:56:00-04:00,11235.0,78.0,4689.541666666668,4845.041666666668,-155.5,2022
2022-10-14,Short,2022-10-14 09:45:00-04:00,11101.75,2022-10-14 09:46:00-04:00,11061.75,78.0,4767.541666666668,4845.041666666668,-77.5,2022
2022-10-18,Short,2022-10-18 09:45:00-04:00,11369.5,2022-10-18 09:53:00-04:00,11329.5,78.0,4845.541666666668,4845.541666666668,0.0,2022
2022-10-19,Short,2022-10-19 09:45:00-04:00,11125.625,2022-10-19 09:51:00-04:00,11165.625,-82.0,4763.541666666668,4845.541666666668,-82.0,2022
2022-10-20,Long,2022-10-20 09:45:00-04:00,11162.75,2022-10-20 09:47:00-04:00,11202.75,78.0,4841.541666666668,4845.541666666668,-4.0,2022
2022-10-24,Long,2022-10-24 09:45:00-04:00,11346.541666666666,2022-10-24 09:46:00-04:00,11386.541666666666,78.0,4919.541666666668,4919.541666666668,0.0,2022
2022-10-25,Long,2022-10-25 09:45:00-04:00,11560.25,2022-10-25 09:46:00-04:00,11600.25,78.0,4997.541666666668,4997.541666666668,0.0,2022
2022-10-26,Long,2022-10-26 09:45:00-04:00,11468.5,2022-10-26 09:48:00-04:00,11508.5,78.0,5075.541666666668,5075.541666666668,0.0,2022
2022-10-27,Short,2022-10-27 09:45:00-04:00,11405.75,2022-10-27 09:48:00-04:00,11365.75,78.0,5153.541666666668,5153.541666666668,0.0,2022
2022-10-28,Short,2022-10-28 09:45:00-04:00,11344.541666666666,2022-10-28 10:02:00-04:00,11304.541666666666,78.0,5231.541666666668,5231.541666666668,0.0,2022
2022-10-31,Short,2022-10-31 09:45:00-04:00,11473.75,2022-10-31 09:46:00-04:00,11433.75,78.0,5309.541666666668,5309.541666666668,0.0,2022
2022-11-01,Short,2022-11-01 09:45:00-04:00,11582.25,2022-11-01 09:46:00-04:00,11542.25,78.0,5387.541666666668,5387.541666666668,0.0,2022
2022-11-02,Long,2022-11-02 09:45:00-04:00,11306.25,2022-11-02 10:14:00-04:00,11266.25,-82.0,5305.541666666668,5387.541666666668,-82.0,2022
2022-11-09,Long,2022-11-09 09:45:00-05:00,11016.0,2022-11-09 09:53:00-05:00,10976.0,-82.0,5223.541666666668,5387.541666666668,-164.0,2022
2022-11-10,Long,2022-11-10 09:45:00-05:00,11312.25,2022-11-10 09:47:00-05:00,11352.25,78.0,5301.541666666668,5387.541666666668,-86.0,2022
2022-11-11,Long,2022-11-11 09:45:00-05:00,11624.75,2022-11-11 09:46:00-05:00,11664.75,78.0,5379.541666666668,5387.541666666668,-8.0,2022
2022-11-15,Short,2022-11-15 09:45:00-05:00,12012.5,2022-11-15 09:49:00-05:00,11972.5,78.0,5457.541666666668,5457.541666666668,0.0,2022
2022-11-16,Long,2022-11-16 09:45:00-05:00,11817.875,2022-11-16 09:46:00-05:00,11777.875,-82.0,5375.541666666668,5457.541666666668,-82.0,2022
2022-11-17,Long,2022-11-17 09:45:00-05:00,11612.25,2022-11-17 10:03:00-05:00,11572.25,-82.0,5293.541666666668,5457.541666666668,-164.0,2022
2022-11-18,Short,2022-11-18 09:45:00-05:00,11763.25,2022-11-18 10:02:00-05:00,11723.25,78.0,5371.541666666668,5457.541666666668,-86.0,2022
2022-11-21,Short,2022-11-21 09:45:00-05:00,11652.5,2022-11-21 09:51:00-05:00,11692.5,-82.0,5289.541666666668,5457.541666666668,-168.0,2022
2022-11-22,Short,2022-11-22 09:45:00-05:00,11538.0,2022-11-22 10:02:00-05:00,11578.0,-82.0,5207.541666666668,5457.541666666668,-250.0,2022
2022-11-23,Long,2022-11-23 09:45:00-05:00,11789.5,2022-11-23 09:46:00-05:00,11829.5,78.0,5285.541666666668,5457.541666666668,-172.0,2022
2022-11-24,Long,2022-11-24 09:45:00-05:00,11910.0,2022-11-24 11:30:00-05:00,11916.5,11.0,5296.541666666668,5457.541666666668,-161.0,2022
2022-11-25,Short,2022-11-25 09:45:00-05:00,11789.25,2022-11-25 11:30:00-05:00,11786.0,4.5,5301.041666666668,5457.541666666668,-156.5,2022
2022-11-28,Long,2022-11-28 09:45:00-05:00,11776.75,2022-11-28 10:12:00-05:00,11736.75,-82.0,5219.041666666668,5457.541666666668,-238.5,2022
2022-11-29,Short,2022-11-29 09:45:00-05:00,11584.25,2022-11-29 10:29:00-05:00,11624.25,-82.0,5137.041666666668,5457.541666666668,-320.5,2022
2022-11-30,Short,2022-11-30 09:45:00-05:00,11573.541666666666,2022-11-30 10:00:00-05:00,11533.541666666666,78.0,5215.041666666668,5457.541666666668,-242.5,2022
2022-12-01,Long,2022-12-01 09:45:00-05:00,12099.25,2022-12-01 10:00:00-05:00,12139.25,78.0,5293.041666666668,5457.541666666668,-164.5,2022
2022-12-02,Long,2022-12-02 09:45:00-05:00,11883.0,2022-12-02 09:54:00-05:00,11843.0,-82.0,5211.041666666668,5457.541666666668,-246.5,2022
2022-12-05,Long,2022-12-05 09:45:00-05:00,11954.25,2022-12-05 10:00:00-05:00,11914.25,-82.0,5129.041666666668,5457.541666666668,-328.5,2022
2022-12-06,Short,2022-12-06 09:45:00-05:00,11723.0,2022-12-06 09:56:00-05:00,11683.0,78.0,5207.041666666668,5457.541666666668,-250.5,2022
2022-12-07,Long,2022-12-07 09:45:00-05:00,11528.0,2022-12-07 09:47:00-05:00,11488.0,-82.0,5125.041666666668,5457.541666666668,-332.5,2022
2022-12-08,Short,2022-12-08 09:45:00-05:00,11489.0,2022-12-08 09:50:00-05:00,11529.0,-82.0,5043.041666666668,5457.541666666668,-414.5,2022
2022-12-09,Long,2022-12-09 09:45:00-05:00,11640.25,2022-12-09 09:51:00-05:00,11600.25,-82.0,4961.041666666668,5457.541666666668,-496.5,2022
2022-12-12,Short,2022-12-12 09:45:00-05:00,11676.75,2022-12-12 09:50:00-05:00,11716.75,-82.0,4879.041666666668,5457.541666666668,-578.5,2022
2022-12-13,Long,2022-12-13 09:45:00-05:00,12265.0,2022-12-13 10:01:00-05:00,12225.0,-82.0,4797.041666666668,5457.541666666668,-660.5,2022
2022-12-14,Short,2022-12-14 09:45:00-05:00,11982.75,2022-12-14 10:05:00-05:00,12022.75,-82.0,4715.041666666668,5457.541666666668,-742.5,2022
2022-12-15,Short,2022-12-15 09:45:00-05:00,11651.0,2022-12-15 09:46:00-05:00,11611.0,78.0,4793.041666666668,5457.541666666668,-664.5,2022
2022-12-16,Long,2022-12-16 09:45:00-05:00,11440.75,2022-12-16 09:49:00-05:00,11480.75,78.0,4871.041666666668,5457.541666666668,-586.5,2022
2022-12-19,Short,2022-12-19 09:45:00-05:00,11313.0,2022-12-19 09:48:00-05:00,11273.0,78.0,4949.041666666668,5457.541666666668,-508.5,2022
2022-12-20,Short,2022-12-20 09:45:00-05:00,11084.25,2022-12-20 09:56:00-05:00,11124.25,-82.0,4867.041666666668,5457.541666666668,-590.5,2022
2022-12-21,Long,2022-12-21 09:45:00-05:00,11226.5,2022-12-21 09:48:00-05:00,11266.5,78.0,4945.041666666668,5457.541666666668,-512.5,2022
2022-12-22,Short,2022-12-22 09:45:00-05:00,11117.25,2022-12-22 10:02:00-05:00,11077.25,78.0,5023.041666666668,5457.541666666668,-434.5,2022
2022-12-23,Short,2022-12-23 09:45:00-05:00,10983.0,2022-12-23 09:48:00-05:00,10943.0,78.0,5101.041666666668,5457.541666666668,-356.5,2022
2022-12-27,Short,2022-12-27 09:45:00-05:00,10955.75,2022-12-27 09:46:00-05:00,10915.75,78.0,5179.041666666668,5457.541666666668,-278.5,2022
2022-12-28,Long,2022-12-28 09:45:00-05:00,10960.0,2022-12-28 10:25:00-05:00,10920.0,-82.0,5097.041666666668,5457.541666666668,-360.5,2022
2022-12-29,Long,2022-12-29 09:45:00-05:00,10950.0,2022-12-29 10:14:00-05:00,10990.0,78.0,5175.041666666668,5457.541666666668,-282.5,2022
2022-12-30,Short,2022-12-30 09:45:00-05:00,10924.0,2022-12-30 09:48:00-05:00,10884.0,78.0,5253.041666666668,5457.541666666668,-204.5,2022
2023-01-03,Short,2023-01-03 09:45:00-05:00,11125.625,2023-01-03 09:48:00-05:00,11085.625,78.0,5331.041666666668,5457.541666666668,-126.5,2023
2023-01-04,Short,2023-01-04 09:45:00-05:00,10970.75,2023-01-04 09:50:00-05:00,11010.75,-82.0,5249.041666666668,5457.541666666668,-208.5,2023
2023-01-05,Short,2023-01-05 09:45:00-05:00,10843.75,2023-01-05 09:58:00-05:00,10883.75,-82.0,5167.041666666668,5457.541666666668,-290.5,2023
2023-01-06,Short,2023-01-06 09:45:00-05:00,10786.5,2023-01-06 09:53:00-05:00,10826.5,-82.0,5085.041666666668,5457.541666666668,-372.5,2023
2023-01-09,Long,2023-01-09 09:45:00-05:00,11242.25,2023-01-09 09:50:00-05:00,11282.25,78.0,5163.041666666668,5457.541666666668,-294.5,2023
2023-01-10,Short,2023-01-10 09:45:00-05:00,11193.5,2023-01-10 09:46:00-05:00,11153.5,78.0,5241.041666666668,5457.541666666668,-216.5,2023
2023-01-11,Short,2023-01-11 09:45:00-05:00,11343.857142857143,2023-01-11 10:27:00-05:00,11383.857142857143,-82.0,5159.041666666668,5457.541666666668,-298.5,2023
2023-01-12,Short,2023-01-12 09:45:00-05:00,11357.25,2023-01-12 09:54:00-05:00,11317.25,78.0,5237.041666666668,5457.541666666668,-220.5,2023
2023-01-13,Long,2023-01-13 09:45:00-05:00,11434.333333333334,2023-01-13 09:56:00-05:00,11474.333333333334,78.0,5315.041666666668,5457.541666666668,-142.5,2023
2023-01-17,Long,2023-01-17 09:45:00-05:00,11587.511363636364,2023-01-17 10:00:00-05:00,11627.511363636364,78.0,5393.041666666668,5457.541666666668,-64.5,2023
2023-01-18,Long,2023-01-18 09:45:00-05:00,11689.785714285714,2023-01-18 10:00:00-05:00,11729.785714285714,78.0,5471.041666666668,5471.041666666668,0.0,2023
2023-01-19,Short,2023-01-19 09:45:00-05:00,11387.25,2023-01-19 10:46:00-05:00,11347.25,78.0,5549.041666666668,5549.041666666668,0.0,2023
2023-01-20,Short,2023-01-20 09:45:00-05:00,11432.333333333334,2023-01-20 09:52:00-05:00,11472.333333333334,-82.0,5467.041666666668,5549.041666666668,-82.0,2023
2023-01-23,Long,2023-01-23 09:45:00-05:00,11737.5,2023-01-23 09:47:00-05:00,11777.5,78.0,5545.041666666668,5549.041666666668,-4.0,2023
2023-01-24,Short,2023-01-24 09:45:00-05:00,11885.833333333334,2023-01-24 09:51:00-05:00,11925.833333333334,-82.0,5463.041666666668,5549.041666666668,-86.0,2023
2023-01-25,Short,2023-01-25 09:45:00-05:00,11685.5,2023-01-25 09:56:00-05:00,11645.5,78.0,5541.041666666668,5549.041666666668,-8.0,2023
2023-01-26,Long,2023-01-26 09:45:00-05:00,12013.5,2023-01-26 09:50:00-05:00,11973.5,-82.0,5459.041666666668,5549.041666666668,-90.0,2023
2023-01-27,Long,2023-01-27 09:45:00-05:00,12094.25,2023-01-27 09:48:00-05:00,12134.25,78.0,5537.041666666668,5549.041666666668,-12.0,2023
2023-01-30,Long,2023-01-30 09:45:00-05:00,12086.5,2023-01-30 09:48:00-05:00,12126.5,78.0,5615.041666666668,5615.041666666668,0.0,2023
2023-01-31,Long,2023-01-31 09:45:00-05:00,12006.0,2023-01-31 09:49:00-05:00,12046.0,78.0,5693.041666666668,5693.041666666668,0.0,2023
2023-02-01,Long,2023-02-01 09:45:00-05:00,12114.0,2023-02-01 09:55:00-05:00,12154.0,78.0,5771.041666666668,5771.041666666668,0.0,2023
2023-02-02,Short,2023-02-02 09:45:00-05:00,12708.75,2023-02-02 10:00:00-05:00,12668.75,78.0,5849.041666666668,5849.041666666668,0.0,2023
2023-02-03,Short,2023-02-03 09:45:00-05:00,12680.75,2023-02-03 09:47:00-05:00,12720.75,-82.0,5767.041666666668,5849.041666666668,-82.0,2023
2023-02-06,Long,2023-02-06 09:45:00-05:00,12534.0,2023-02-06 10:01:00-05:00,12574.0,78.0,5845.041666666668,5849.041666666668,-4.0,2023
2023-02-07,Long,2023-02-07 09:45:00-05:00,12532.25,2023-02-07 09:59:00-05:00,12492.25,-82.0,5763.041666666668,5849.041666666668,-86.0,2023
2023-02-08,Short,2023-02-08 09:45:00-05:00,12739.05,2023-02-08 09:50:00-05:00,12699.05,78.0,5841.041666666668,5849.041666666668,-8.0,2023
2023-02-09,Long,2023-02-09 09:45:00-05:00,12652.625,2023-02-09 09:51:00-05:00,12692.625,78.0,5919.041666666668,5919.041666666668,0.0,2023
2023-02-10,Long,2023-02-10 09:45:00-05:00,12358.75,2023-02-10 10:00:00-05:00,12318.75,-82.0,5837.041666666668,5919.041666666668,-82.0,2023
2023-02-13,Long,2023-02-13 09:45:00-05:00,12413.0,2023-02-13 09:58:00-05:00,12453.0,78.0,5915.041666666668,5919.041666666668,-4.0,2023
2023-02-14,Long,2023-02-14 09:45:00-05:00,12500.25,2023-02-14 09:46:00-05:00,12540.25,78.0,5993.041666666668,5993.041666666668,0.0,2023
2023-02-15,Long,2023-02-15 09:45:00-05:00,12596.75,2023-02-15 09:53:00-05:00,12556.75,-82.0,5911.041666666668,5993.041666666668,-82.0,2023
2023-02-16,Long,2023-02-16 09:45:00-05:00,12547.75,2023-02-16 09:53:00-05:00,12587.75,78.0,5989.041666666668,5993.041666666668,-4.0,2023
2023-02-17,Short,2023-02-17 09:45:00-05:00,12350.25,2023-02-17 09:53:00-05:00,12310.25,78.0,6067.041666666668,6067.041666666668,0.0,2023
2023-02-22,Long,2023-02-22 09:45:00-05:00,12153.5,2023-02-22 10:00:00-05:00,12113.5,-82.0,5985.041666666668,6067.041666666668,-82.0,2023
2023-02-23,Long,2023-02-23 09:45:00-05:00,12220.45,2023-02-23 10:07:00-05:00,12180.45,-82.0,5903.041666666668,6067.041666666668,-164.0,2023
2023-02-24,Short,2023-02-24 09:45:00-05:00,11984.75,2023-02-24 10:08:00-05:00,11944.75,78.0,5981.041666666668,6067.041666666668,-86.0,2023
2023-02-27,Short,2023-02-27 09:45:00-05:00,12117.25,2023-02-27 10:03:00-05:00,12157.25,-82.0,5899.041666666668,6067.041666666668,-168.0,2023
2023-02-28,Long,2023-02-28 09:45:00-05:00,12087.75,2023-02-28 10:52:00-05:00,12047.75,-82.0,5817.041666666668,6067.041666666668,-250.0,2023
2023-03-01,Long,2023-03-01 09:45:00-05:00,12038.475,2023-03-01 09:50:00-05:00,12078.475,78.0,5895.041666666668,6067.041666666668,-172.0,2023
2023-03-03,Long,2023-03-03 09:45:00-05:00,12143.583333333334,2023-03-03 09:53:00-05:00,12183.583333333334,78.0,5973.041666666668,6067.041666666668,-94.0,2023
2023-03-06,Short,2023-03-06 09:45:00-05:00,12385.5,2023-03-06 10:18:00-05:00,12425.5,-82.0,5891.041666666668,6067.041666666668,-176.0,2023
2023-03-07,Long,2023-03-07 09:45:00-05:00,12352.9375,2023-03-07 10:00:00-05:00,12312.9375,-82.0,5809.041666666668,6067.041666666668,-258.0,2023
2023-03-08,Long,2023-03-08 09:45:00-05:00,12171.96875,2023-03-08 10:00:00-05:00,12131.96875,-82.0,5727.041666666668,6067.041666666668,-340.0,2023
2023-03-09,Long,2023-03-09 09:45:00-05:00,12278.0,2023-03-09 09:47:00-05:00,12318.0,78.0,5805.041666666668,6067.041666666668,-262.0,2023
2023-03-10,Short,2023-03-10 09:45:00-05:00,11903.0,2023-03-10 10:00:00-05:00,11943.0,-82.0,5723.041666666668,6067.041666666668,-344.0,2023
2023-03-13,Long,2023-03-13 09:45:00-04:00,11842.416666666666,2023-03-13 09:47:00-04:00,11882.416666666666,78.0,5801.041666666668,6067.041666666668,-266.0,2023
2023-03-14,Long,2023-03-14 09:45:00-04:00,12267.75,2023-03-14 10:29:00-04:00,12307.75,78.0,5879.041666666668,6067.041666666668,-188.0,2023
2023-03-15,Short,2023-03-15 09:45:00-04:00,12257.125,2023-03-15 09:51:00-04:00,12217.125,78.0,5957.041666666668,6067.041666666668,-110.0,2023
2023-03-16,Long,2023-03-16 09:45:00-04:00,12370.0,2023-03-16 09:57:00-04:00,12410.0,78.0,6035.041666666668,6067.041666666668,-32.0,2023
2023-03-17,Short,2023-03-17 09:45:00-04:00,12724.25,2023-03-17 10:00:00-04:00,12764.25,-82.0,5953.041666666668,6067.041666666668,-114.0,2023
2023-03-20,Short,2023-03-20 09:45:00-04:00,12560.9,2023-03-20 10:02:00-04:00,12600.9,-82.0,5871.041666666668,6067.041666666668,-196.0,2023
2023-03-22,Long,2023-03-22 09:45:00-04:00,12867.75,2023-03-22 10:27:00-04:00,12907.75,78.0,5949.041666666668,6067.041666666668,-118.0,2023
2023-03-23,Long,2023-03-23 09:45:00-04:00,12874.75,2023-03-23 10:01:00-04:00,12914.75,78.0,6027.041666666668,6067.041666666668,-40.0,2023
2023-03-24,Long,2023-03-24 09:45:00-04:00,12777.75,2023-03-24 09:47:00-04:00,12737.75,-82.0,5945.041666666668,6067.041666666668,-122.0,2023
2023-03-28,Long,2023-03-28 09:45:00-04:00,12696.75,2023-03-28 10:33:00-04:00,12656.75,-82.0,5863.041666666668,6067.041666666668,-204.0,2023
2023-03-31,Long,2023-03-31 09:45:00-04:00,13133.0,2023-03-31 10:35:00-04:00,13173.0,78.0,5941.041666666668,6067.041666666668,-126.0,2023
2023-04-04,Short,2023-04-04 09:45:00-04:00,13238.75,2023-04-04 09:53:00-04:00,13278.75,-82.0,5859.041666666668,6067.041666666668,-208.0,2023
2023-04-06,Long,2023-04-06 09:45:00-04:00,12975.75,2023-04-06 10:02:00-04:00,13015.75,78.0,5937.041666666668,6067.041666666668,-130.0,2023
2023-04-10,Short,2023-04-10 09:45:00-04:00,13008.0,2023-04-10 09:52:00-04:00,12968.0,78.0,6015.041666666668,6067.041666666668,-52.0,2023
2023-04-11,Long,2023-04-11 09:45:00-04:00,13115.25,2023-04-11 10:17:00-04:00,13075.25,-82.0,5933.041666666668,6067.041666666668,-134.0,2023
2023-04-12,Short,2023-04-12 09:45:00-04:00,13093.0,2023-04-12 09:46:00-04:00,13053.0,78.0,6011.041666666668,6067.041666666668,-56.0,2023
2023-04-13,Long,2023-04-13 09:45:00-04:00,13056.5,2023-04-13 10:07:00-04:00,13096.5,78.0,6089.041666666668,6089.041666666668,0.0,2023
2023-04-14,Long,2023-04-14 09:45:00-04:00,13211.5,2023-04-14 10:04:00-04:00,13251.5,78.0,6167.041666666668,6167.041666666668,0.0,2023
2023-04-17,Short,2023-04-17 09:45:00-04:00,13172.25,2023-04-17 10:38:00-04:00,13132.25,78.0,6245.041666666668,6245.041666666668,0.0,2023
2023-04-19,Long,2023-04-19 09:45:00-04:00,13111.25,2023-04-19 11:01:00-04:00,13151.25,78.0,6323.041666666668,6323.041666666668,0.0,2023
2023-04-20,Long,2023-04-20 09:45:00-04:00,13109.75,2023-04-20 10:11:00-04:00,13149.75,78.0,6401.041666666668,6401.041666666668,0.0,2023
2023-04-21,Long,2023-04-21 09:45:00-04:00,13063.25,2023-04-21 09:51:00-04:00,13023.25,-82.0,6319.041666666668,6401.041666666668,-82.0,2023
2023-04-24,Long,2023-04-24 09:45:00-04:00,13125.0,2023-04-24 10:03:00-04:00,13085.0,-82.0,6237.041666666668,6401.041666666668,-164.0,2023
2023-04-25,Long,2023-04-25 09:45:00-04:00,13012.75,2023-04-25 09:46:00-04:00,12972.75,-82.0,6155.041666666668,6401.041666666668,-246.0,2023
2023-04-26,Short,2023-04-26 09:45:00-04:00,12911.0,2023-04-26 09:52:00-04:00,12951.0,-82.0,6073.041666666668,6401.041666666668,-328.0,2023
2023-04-27,Short,2023-04-27 09:45:00-04:00,13026.5,2023-04-27 10:14:00-04:00,13066.5,-82.0,5991.041666666668,6401.041666666668,-410.0,2023
2023-04-28,Short,2023-04-28 09:45:00-04:00,13187.0,2023-04-28 10:05:00-04:00,13227.0,-82.0,5909.041666666668,6401.041666666668,-492.0,2023
2023-05-02,Long,2023-05-02 09:45:00-04:00,13286.25,2023-05-02 10:11:00-04:00,13246.25,-82.0,5827.041666666668,6401.041666666668,-574.0,2023
2023-05-03,Long,2023-05-03 09:45:00-04:00,13217.75,2023-05-03 11:30:00-04:00,13177.75,-82.0,5745.041666666668,6401.041666666668,-656.0,2023
2023-05-04,Short,2023-05-04 09:45:00-04:00,13038.25,2023-05-04 11:08:00-04:00,13078.25,-82.0,5663.041666666668,6401.041666666668,-738.0,2023
2023-05-05,Long,2023-05-05 09:45:00-04:00,13165.0,2023-05-05 10:05:00-04:00,13205.0,78.0,5741.041666666668,6401.041666666668,-660.0,2023
2023-05-08,Short,2023-05-08 09:45:00-04:00,13276.5,2023-05-08 11:30:00-04:00,13285.0,-19.0,5722.041666666668,6401.041666666668,-679.0,2023
2023-05-09,Long,2023-05-09 09:45:00-04:00,13288.0,2023-05-09 11:30:00-04:00,13271.75,-34.5,5687.541666666668,6401.041666666668,-713.5,2023
2023-05-10,Long,2023-05-10 09:45:00-04:00,13358.0,2023-05-10 10:01:00-04:00,13398.0,78.0,5765.541666666668,6401.041666666668,-635.5,2023
2023-05-11,Short,2023-05-11 09:45:00-04:00,13405.75,2023-05-11 10:42:00-04:00,13365.75,78.0,5843.541666666668,6401.041666666668,-557.5,2023
2023-05-16,Long,2023-05-16 09:45:00-04:00,13500.25,2023-05-16 10:11:00-04:00,13460.25,-82.0,5761.541666666668,6401.041666666668,-639.5,2023
2023-05-24,Short,2023-05-24 09:45:00-04:00,13655.25,2023-05-24 10:04:00-04:00,13615.25,78.0,5839.541666666668,6401.041666666668,-561.5,2023
2023-05-25,Short,2023-05-25 09:45:00-04:00,13897.25,2023-05-25 09:50:00-04:00,13857.25,78.0,5917.541666666668,6401.041666666668,-483.5,2023
2023-06-09,Long,2023-06-09 09:45:00-04:00,14620.25,2023-06-09 09:53:00-04:00,14660.25,78.0,5995.541666666668,6401.041666666668,-405.5,2023
2023-06-23,Short,2023-06-23 09:45:00-04:00,15030.75,2023-06-23 09:46:00-04:00,14990.75,78.0,6073.541666666668,6401.041666666668,-327.5,2023
2023-06-26,Long,2023-06-26 09:45:00-04:00,15085.0,2023-06-26 09:54:00-04:00,15125.0,78.0,6151.541666666668,6401.041666666668,-249.5,2023
2023-06-28,Short,2023-06-28 09:45:00-04:00,15064.25,2023-06-28 09:57:00-04:00,15104.25,-82.0,6069.541666666668,6401.041666666668,-331.5,2023
2023-06-29,Short,2023-06-29 09:45:00-04:00,15087.5,2023-06-29 09:50:00-04:00,15127.5,-82.0,5987.541666666668,6401.041666666668,-413.5,2023
2023-07-05,Long,2023-07-05 09:45:00-04:00,15380.75,2023-07-05 10:27:00-04:00,15420.75,78.0,6065.541666666668,6401.041666666668,-335.5,2023
2023-07-07,Long,2023-07-07 09:45:00-04:00,15226.5,2023-07-07 09:52:00-04:00,15266.5,78.0,6143.541666666668,6401.041666666668,-257.5,2023
2023-07-10,Short,2023-07-10 09:45:00-04:00,15167.5,2023-07-10 09:50:00-04:00,15127.5,78.0,6221.541666666668,6401.041666666668,-179.5,2023
2023-07-11,Short,2023-07-11 09:45:00-04:00,15166.75,2023-07-11 10:05:00-04:00,15126.75,78.0,6299.541666666668,6401.041666666668,-101.5,2023
2023-07-25,Long,2023-07-25 09:45:00-04:00,15624.5,2023-07-25 09:57:00-04:00,15664.5,78.0,6377.541666666668,6401.041666666668,-23.5,2023
2023-07-26,Short,2023-07-26 09:45:00-04:00,15601.75,2023-07-26 10:55:00-04:00,15561.75,78.0,6455.541666666668,6455.541666666668,0.0,2023
2023-07-28,Long,2023-07-28 09:45:00-04:00,15774.25,2023-07-28 09:51:00-04:00,15814.25,78.0,6533.541666666668,6533.541666666668,0.0,2023
2023-07-31,Long,2023-07-31 09:45:00-04:00,15894.25,2023-07-31 09:53:00-04:00,15854.25,-82.0,6451.541666666668,6533.541666666668,-82.0,2023
2023-08-02,Long,2023-08-02 09:45:00-04:00,15617.75,2023-08-02 10:06:00-04:00,15577.75,-82.0,6369.541666666668,6533.541666666668,-164.0,2023
2023-08-03,Long,2023-08-03 09:45:00-04:00,15396.0,2023-08-03 09:47:00-04:00,15436.0,78.0,6447.541666666668,6533.541666666668,-86.0,2023
2023-08-07,Short,2023-08-07 09:45:00-04:00,15390.25,2023-08-07 09:53:00-04:00,15430.25,-82.0,6365.541666666668,6533.541666666668,-168.0,2023
2023-08-08,Short,2023-08-08 09:45:00-04:00,15330.5,2023-08-08 09:49:00-04:00,15290.5,78.0,6443.541666666668,6533.541666666668,-90.0,2023
2023-08-09,Long,2023-08-09 09:45:00-04:00,15295.0,2023-08-09 10:42:00-04:00,15255.0,-82.0,6361.541666666668,6533.541666666668,-172.0,2023
2023-08-10,Long,2023-08-10 09:45:00-04:00,15323.0,2023-08-10 09:46:00-04:00,15363.0,78.0,6439.541666666668,6533.541666666668,-94.0,2023
2023-08-11,Short,2023-08-11 09:45:00-04:00,15070.25,2023-08-11 10:02:00-04:00,15110.25,-82.0,6357.541666666668,6533.541666666668,-176.0,2023
2023-08-14,Long,2023-08-14 09:45:00-04:00,15098.75,2023-08-14 10:08:00-04:00,15138.75,78.0,6435.541666666668,6533.541666666668,-98.0,2023
2023-08-15,Short,2023-08-15 09:45:00-04:00,15208.0,2023-08-15 10:00:00-04:00,15168.0,78.0,6513.541666666668,6533.541666666668,-20.0,2023
2023-08-16,Short,2023-08-16 09:45:00-04:00,15095.25,2023-08-16 10:18:00-04:00,15135.25,-82.0,6431.541666666668,6533.541666666668,-102.0,2023
2023-08-17,Short,2023-08-17 09:45:00-04:00,14944.5,2023-08-17 10:06:00-04:00,14904.5,78.0,6509.541666666668,6533.541666666668,-24.0,2023
2023-08-18,Long,2023-08-18 09:45:00-04:00,14664.25,2023-08-18 10:03:00-04:00,14624.25,-82.0,6427.541666666668,6533.541666666668,-106.0,2023
2023-08-22,Short,2023-08-22 09:45:00-04:00,15043.75,2023-08-22 09:55:00-04:00,15003.75,78.0,6505.541666666668,6533.541666666668,-28.0,2023
2023-08-23,Long,2023-08-23 09:45:00-04:00,15027.75,2023-08-23 09:48:00-04:00,15067.75,78.0,6583.541666666668,6583.541666666668,0.0,2023
2023-08-24,Short,2023-08-24 09:45:00-04:00,15217.75,2023-08-24 10:08:00-04:00,15177.75,78.0,6661.541666666668,6661.541666666668,0.0,2023
2023-08-28,Short,2023-08-28 09:45:00-04:00,15066.5,2023-08-28 09:51:00-04:00,15026.5,78.0,6739.541666666668,6739.541666666668,0.0,2023
2023-08-29,Long,2023-08-29 09:45:00-04:00,15127.75,2023-08-29 09:50:00-04:00,15167.75,78.0,6817.541666666668,6817.541666666668,0.0,2023
2023-08-30,Long,2023-08-30 09:45:00-04:00,15411.75,2023-08-30 09:54:00-04:00,15451.75,78.0,6895.541666666668,6895.541666666668,0.0,2023
2023-09-01,Short,2023-09-01 09:45:00-04:00,15553.75,2023-09-01 09:48:00-04:00,15513.75,78.0,6973.541666666668,6973.541666666668,0.0,2023
2023-09-05,Long,2023-09-05 09:45:00-04:00,15475.375,2023-09-05 10:25:00-04:00,15515.375,78.0,7051.541666666668,7051.541666666668,0.0,2023
2023-09-06,Long,2023-09-06 09:45:00-04:00,15496.75,2023-09-06 10:00:00-04:00,15456.75,-82.0,6969.541666666668,7051.541666666668,-82.0,2023
2023-09-07,Short,2023-09-07 09:45:00-04:00,15227.0,2023-09-07 09:53:00-04:00,15187.0,78.0,7047.541666666668,7051.541666666668,-4.0,2023
2023-09-08,Long,2023-09-08 09:45:00-04:00,15352.5,2023-09-08 10:58:00-04:00,15312.5,-82.0,6965.541666666668,7051.541666666668,-86.0,2023
2023-09-11,Short,2023-09-11 09:45:00-04:00,15577.0,2023-09-11 10:17:00-04:00,15537.0,78.0,7043.541666666668,7051.541666666668,-8.0,2023
2023-09-12,Short,2023-09-12 09:45:00-04:00,15630.0,2023-09-12 10:26:00-04:00,15590.0,78.0,7121.541666666668,7121.541666666668,0.0,2023
2023-09-13,Short,2023-09-13 09:45:00-04:00,15552.416666666666,2023-09-13 09:53:00-04:00,15512.416666666666,78.0,7199.541666666668,7199.541666666668,0.0,2023
2023-09-14,Long,2023-09-14 09:45:00-04:00,15610.0,2023-09-14 09:51:00-04:00,15570.0,-82.0,7117.541666666668,7199.541666666668,-82.0,2023
2023-09-15,Short,2023-09-15 09:45:00-04:00,15536.25,2023-09-15 09:57:00-04:00,15496.25,78.0,7195.541666666668,7199.541666666668,-4.0,2023
2023-09-18,Short,2023-09-18 09:45:00-04:00,15396.25,2023-09-18 10:12:00-04:00,15436.25,-82.0,7113.541666666668,7199.541666666668,-86.0,2023
2023-09-19,Long,2023-09-19 09:45:00-04:00,15351.25,2023-09-19 09:56:00-04:00,15311.25,-82.0,7031.541666666668,7199.541666666668,-168.0,2023
2023-09-20,Long,2023-09-20 09:45:00-04:00,15417.25,2023-09-20 10:14:00-04:00,15377.25,-82.0,6949.541666666668,7199.541666666668,-250.0,2023
2023-09-21,Short,2023-09-21 09:45:00-04:00,14982.0,2023-09-21 09:53:00-04:00,14942.0,78.0,7027.541666666668,7199.541666666668,-172.0,2023
2023-09-22,Long,2023-09-22 09:45:00-04:00,14906.0,2023-09-22 09:48:00-04:00,14946.0,78.0,7105.541666666668,7199.541666666668,-94.0,2023
2023-09-27,Long,2023-09-27 09:45:00-04:00,14791.75,2023-09-27 10:01:00-04:00,14751.75,-82.0,7023.541666666668,7199.541666666668,-176.0,2023
2023-09-28,Long,2023-09-28 09:45:00-04:00,14675.75,2023-09-28 09:52:00-04:00,14715.75,78.0,7101.541666666668,7199.541666666668,-98.0,2023
2023-10-02,Short,2023-10-02 09:45:00-04:00,14942.416666666666,2023-10-02 10:03:00-04:00,14982.416666666666,-82.0,7019.541666666668,7199.541666666668,-180.0,2023
2023-10-03,Long,2023-10-03 09:45:00-04:00,14908.25,2023-10-03 09:51:00-04:00,14948.25,78.0,7097.541666666668,7199.541666666668,-102.0,2023
2023-10-04,Short,2023-10-04 09:45:00-04:00,14803.125,2023-10-04 10:02:00-04:00,14763.125,78.0,7175.541666666668,7199.541666666668,-24.0,2023
2023-10-05,Short,2023-10-05 09:45:00-04:00,14872.0,2023-10-05 09:52:00-04:00,14832.0,78.0,7253.541666666668,7253.541666666668,0.0,2023
2023-10-06,Long,2023-10-06 09:45:00-04:00,14749.625,2023-10-06 09:46:00-04:00,14789.625,78.0,7331.541666666668,7331.541666666668,0.0,2023
2023-10-09,Long,2023-10-09 09:45:00-04:00,15034.75,2023-10-09 10:04:00-04:00,14994.75,-82.0,7249.541666666668,7331.541666666668,-82.0,2023
2023-10-10,Short,2023-10-10 09:45:00-04:00,15207.25,2023-10-10 10:00:00-04:00,15247.25,-82.0,7167.541666666668,7331.541666666668,-164.0,2023
2023-10-11,Long,2023-10-11 09:45:00-04:00,15341.083333333334,2023-10-11 10:15:00-04:00,15301.083333333334,-82.0,7085.541666666668,7331.541666666668,-246.0,2023
2023-10-12,Short,2023-10-12 09:45:00-04:00,15379.5,2023-10-12 10:06:00-04:00,15419.5,-82.0,7003.541666666668,7331.541666666668,-328.0,2023
2023-10-13,Short,2023-10-13 09:45:00-04:00,15328.0,2023-10-13 10:07:00-04:00,15288.0,78.0,7081.541666666668,7331.541666666668,-250.0,2023
2023-10-16,Long,2023-10-16 09:45:00-04:00,15200.75,2023-10-16 10:06:00-04:00,15240.75,78.0,7159.541666666668,7331.541666666668,-172.0,2023
2023-10-17,Short,2023-10-17 09:45:00-04:00,15108.75,2023-10-17 09:52:00-04:00,15068.75,78.0,7237.541666666668,7331.541666666668,-94.0,2023
2023-10-18,Long,2023-10-18 09:45:00-04:00,15135.75,2023-10-18 10:06:00-04:00,15175.75,78.0,7315.541666666668,7331.541666666668,-16.0,2023
2023-10-19,Long,2023-10-19 09:45:00-04:00,15037.8125,2023-10-19 10:10:00-04:00,15077.8125,78.0,7393.541666666668,7393.541666666668,0.0,2023
2023-10-20,Short,2023-10-20 09:45:00-04:00,14859.5,2023-10-20 10:09:00-04:00,14819.5,78.0,7471.541666666668,7471.541666666668,0.0,2023
2023-10-23,Short,2023-10-23 09:45:00-04:00,14523.5,2023-10-23 09:48:00-04:00,14563.5,-82.0,7389.541666666668,7471.541666666668,-82.0,2023
2023-10-24,Short,2023-10-24 09:45:00-04:00,14803.875,2023-10-24 09:50:00-04:00,14763.875,78.0,7467.541666666668,7471.541666666668,-4.0,2023
2023-10-25,Short,2023-10-25 09:45:00-04:00,14631.25,2023-10-25 10:39:00-04:00,14671.25,-82.0,7385.541666666668,7471.541666666668,-86.0,2023
2023-10-26,Long,2023-10-26 09:45:00-04:00,14414.25,2023-10-26 09:48:00-04:00,14374.25,-82.0,7303.541666666668,7471.541666666668,-168.0,2023
2023-10-27,Long,2023-10-27 09:45:00-04:00,14342.5,2023-10-27 09:49:00-04:00,14302.5,-82.0,7221.541666666668,7471.541666666668,-250.0,2023
2023-10-30,Long,2023-10-30 09:45:00-04:00,14436.0,2023-10-30 09:51:00-04:00,14476.0,78.0,7299.541666666668,7471.541666666668,-172.0,2023
2023-10-31,Long,2023-10-31 09:45:00-04:00,14333.0,2023-10-31 10:10:00-04:00,14373.0,78.0,7377.541666666668,7471.541666666668,-94.0,2023
2023-11-01,Short,2023-11-01 09:45:00-04:00,14560.3125,2023-11-01 10:22:00-04:00,14600.3125,-82.0,7295.541666666668,7471.541666666668,-176.0,2023
2023-11-02,Short,2023-11-02 09:45:00-04:00,14935.25,2023-11-02 10:07:00-04:00,14895.25,78.0,7373.541666666668,7471.541666666668,-98.0,2023
2023-11-03,Long,2023-11-03 09:45:00-04:00,15094.25,2023-11-03 09:48:00-04:00,15134.25,78.0,7451.541666666668,7471.541666666668,-20.0,2023
2023-11-06,Long,2023-11-06 09:45:00-05:00,15219.25,2023-11-06 11:30:00-05:00,15221.5,2.5,7454.041666666668,7471.541666666668,-17.5,2023
2023-11-07,Short,2023-11-07 09:45:00-05:00,15264.75,2023-11-07 10:00:00-05:00,15304.75,-82.0,7372.041666666668,7471.541666666668,-99.5,2023
2023-11-08,Short,2023-11-08 09:45:00-05:00,15387.0,2023-11-08 10:21:00-05:00,15347.0,78.0,7450.041666666668,7471.541666666668,-21.5,2023
2023-11-09,Short,2023-11-09 09:45:00-05:00,15379.75,2023-11-09 09:59:00-05:00,15419.75,-82.0,7368.041666666668,7471.541666666668,-103.5,2023
2023-11-10,Long,2023-11-10 09:45:00-05:00,15380.25,2023-11-10 10:04:00-05:00,15340.25,-82.0,7286.041666666668,7471.541666666668,-185.5,2023
2023-11-13,Short,2023-11-13 09:45:00-05:00,15486.5,2023-11-13 10:28:00-05:00,15526.5,-82.0,7204.041666666668,7471.541666666668,-267.5,2023
2023-11-14,Long,2023-11-14 09:45:00-05:00,15853.25,2023-11-14 10:34:00-05:00,15893.25,78.0,7282.041666666668,7471.541666666668,-189.5,2023
2023-11-17,Short,2023-11-17 09:45:00-05:00,15840.5,2023-11-17 09:52:00-05:00,15880.5,-82.0,7200.041666666668,7471.541666666668,-271.5,2023
2023-11-20,Short,2023-11-20 09:45:00-05:00,15962.0,2023-11-20 10:06:00-05:00,16002.0,-82.0,7118.041666666668,7471.541666666668,-353.5,2023
2023-11-27,Long,2023-11-27 09:45:00-05:00,16001.25,2023-11-27 10:09:00-05:00,16041.25,78.0,7196.041666666668,7471.541666666668,-275.5,2023
2023-11-28,Long,2023-11-28 09:45:00-05:00,15978.15,2023-11-28 10:40:00-05:00,16018.15,78.0,7274.041666666668,7471.541666666668,-197.5,2023
2023-11-30,Short,2023-11-30 09:45:00-05:00,15983.5,2023-11-30 10:02:00-05:00,15943.5,78.0,7352.041666666668,7471.541666666668,-119.5,2023
2023-12-01,Long,2023-12-01 09:45:00-05:00,15932.5,2023-12-01 10:17:00-05:00,15892.5,-82.0,7270.041666666668,7471.541666666668,-201.5,2023
2023-12-04,Short,2023-12-04 09:45:00-05:00,15834.5,2023-12-04 10:22:00-05:00,15794.5,78.0,7348.041666666668,7471.541666666668,-123.5,2023
2023-12-05,Short,2023-12-05 09:45:00-05:00,15825.416666666666,2023-12-05 10:00:00-05:00,15865.416666666666,-82.0,7266.041666666668,7471.541666666668,-205.5,2023
2023-12-06,Short,2023-12-06 09:45:00-05:00,15948.5,2023-12-06 10:24:00-05:00,15908.5,78.0,7344.041666666668,7471.541666666668,-127.5,2023
2023-12-07,Short,2023-12-07 09:45:00-05:00,15952.0,2023-12-07 09:49:00-05:00,15912.0,78.0,7422.041666666668,7471.541666666668,-49.5,2023
2023-12-08,Short,2023-12-08 09:45:00-05:00,16003.75,2023-12-08 10:00:00-05:00,16043.75,-82.0,7340.041666666668,7471.541666666668,-131.5,2023
2024-01-05,Long,2024-01-05 09:45:00-05:00,16464.75,2024-01-05 10:00:00-05:00,16504.75,78.0,7418.041666666668,7471.541666666668,-53.5,2024
2024-01-11,Short,2024-01-11 09:45:00-05:00,16988.25,2024-01-11 09:48:00-05:00,16948.25,78.0,7496.041666666668,7496.041666666668,0.0,2024
2024-01-12,Long,2024-01-12 09:45:00-05:00,17036.0,2024-01-12 09:59:00-05:00,16996.0,-82.0,7414.041666666668,7496.041666666668,-82.0,2024
2024-01-16,Long,2024-01-16 09:45:00-05:00,16879.0,2024-01-16 09:59:00-05:00,16919.0,78.0,7492.041666666668,7496.041666666668,-4.0,2024
2024-01-17,Short,2024-01-17 09:45:00-05:00,16737.75,2024-01-17 10:00:00-05:00,16697.75,78.0,7570.041666666668,7570.041666666668,0.0,2024
2024-01-18,Short,2024-01-18 09:45:00-05:00,17029.25,2024-01-18 10:03:00-05:00,16989.25,78.0,7648.041666666668,7648.041666666668,0.0,2024
2024-02-02,Long,2024-02-02 09:45:00-05:00,17576.0,2024-02-02 09:47:00-05:00,17616.0,78.0,7726.041666666668,7726.041666666668,0.0,2024
2024-02-20,Long,2024-02-20 09:45:00-05:00,17582.15,2024-02-20 10:01:00-05:00,17542.15,-82.0,7644.041666666668,7726.041666666668,-82.0,2024
2024-02-21,Short,2024-02-21 09:45:00-05:00,17467.5,2024-02-21 10:04:00-05:00,17507.5,-82.0,7562.041666666668,7726.041666666668,-164.0,2024
2024-02-22,Long,2024-02-22 09:45:00-05:00,17901.5,2024-02-22 09:48:00-05:00,17941.5,78.0,7640.041666666668,7726.041666666668,-86.0,2024
2024-02-29,Short,2024-02-29 09:45:00-05:00,18043.5,2024-02-29 10:11:00-05:00,18003.5,78.0,7718.041666666668,7726.041666666668,-8.0,2024
2024-03-05,Short,2024-03-05 09:45:00-05:00,18064.75,2024-03-05 09:48:00-05:00,18024.75,78.0,7796.041666666668,7796.041666666668,0.0,2024
2024-03-06,Long,2024-03-06 09:45:00-05:00,18101.5,2024-03-06 09:50:00-05:00,18061.5,-82.0,7714.041666666668,7796.041666666668,-82.0,2024
2024-03-12,Short,2024-03-12 09:45:00-04:00,18203.0,2024-03-12 09:55:00-04:00,18243.0,-82.0,7632.041666666668,7796.041666666668,-164.0,2024
2024-03-14,Long,2024-03-14 09:45:00-04:00,18363.25,2024-03-14 09:47:00-04:00,18323.25,-82.0,7550.041666666668,7796.041666666668,-246.0,2024
2024-03-15,Long,2024-03-15 09:45:00-04:00,18096.25,2024-03-15 10:05:00-04:00,18056.25,-82.0,7468.041666666668,7796.041666666668,-328.0,2024
2024-03-18,Long,2024-03-18 09:45:00-04:00,18331.25,2024-03-18 09:57:00-04:00,18291.25,-82.0,7386.041666666668,7796.041666666668,-410.0,2024
2024-03-19,Long,2024-03-19 09:45:00-04:00,18071.875,2024-03-19 10:03:00-04:00,18111.875,78.0,7464.041666666668,7796.041666666668,-332.0,2024
2024-03-20,Short,2024-03-20 09:45:00-04:00,18255.25,2024-03-20 10:27:00-04:00,18295.25,-82.0,7382.041666666668,7796.041666666668,-414.0,2024
2024-03-27,Short,2024-03-27 09:45:00-04:00,18492.75,2024-03-27 09:56:00-04:00,18452.75,78.0,7460.041666666668,7796.041666666668,-336.0,2024
2024-03-28,Long,2024-03-28 09:45:00-04:00,18506.0,2024-03-28 11:30:00-04:00,18516.5,19.0,7479.041666666668,7796.041666666668,-317.0,2024
2024-04-01,Long,2024-04-01 09:45:00-04:00,18588.0,2024-04-01 10:04:00-04:00,18548.0,-82.0,7397.041666666668,7796.041666666668,-399.0,2024
2024-04-02,Short,2024-04-02 09:45:00-04:00,18240.75,2024-04-02 11:30:00-04:00,18266.0,-52.5,7344.541666666668,7796.041666666668,-451.5,2024
2024-04-03,Long,2024-04-03 09:45:00-04:00,18255.5,2024-04-03 10:00:00-04:00,18295.5,78.0,7422.541666666668,7796.041666666668,-373.5,2024
2024-04-04,Short,2024-04-04 09:45:00-04:00,18538.0,2024-04-04 10:23:00-04:00,18498.0,78.0,7500.541666666668,7796.041666666668,-295.5,2024
2024-04-05,Long,2024-04-05 09:45:00-04:00,18169.5,2024-04-05 09:52:00-04:00,18209.5,78.0,7578.541666666668,7796.041666666668,-217.5,2024
2024-04-08,Long,2024-04-08 09:45:00-04:00,18280.5,2024-04-08 10:15:00-04:00,18320.5,78.0,7656.541666666668,7796.041666666668,-139.5,2024
2024-04-09,Long,2024-04-09 09:45:00-04:00,18380.0,2024-04-09 09:50:00-04:00,18340.0,-82.0,7574.541666666668,7796.041666666668,-221.5,2024
2024-04-10,Short,2024-04-10 09:45:00-04:00,18152.625,2024-04-10 09:46:00-04:00,18112.625,78.0,7652.541666666668,7796.041666666668,-143.5,2024
2024-04-11,Long,2024-04-11 09:45:00-04:00,18237.0,2024-04-11 10:15:00-04:00,18197.0,-82.0,7570.541666666668,7796.041666666668,-225.5,2024
2024-04-12,Long,2024-04-12 09:45:00-04:00,18316.25,2024-04-12 10:07:00-04:00,18276.25,-82.0,7488.541666666668,7796.041666666668,-307.5,2024
2024-04-15,Long,2024-04-15 09:45:00-04:00,18307.75,2024-04-15 10:08:00-04:00,18267.75,-82.0,7406.541666666668,7796.041666666668,-389.5,2024
2024-04-16,Short,2024-04-16 09:45:00-04:00,17851.75,2024-04-16 09:57:00-04:00,17891.75,-82.0,7324.541666666668,7796.041666666668,-471.5,2024
2024-04-18,Long,2024-04-18 09:45:00-04:00,17594.75,2024-04-18 09:49:00-04:00,17634.75,78.0,7402.541666666668,7796.041666666668,-393.5,2024
2024-04-19,Long,2024-04-19 09:45:00-04:00,17491.0,2024-04-19 09:50:00-04:00,17451.0,-82.0,7320.541666666668,7796.041666666668,-475.5,2024
2024-04-23,Long,2024-04-23 09:45:00-04:00,17450.75,2024-04-23 09:46:00-04:00,17490.75,78.0,7398.541666666668,7796.041666666668,-397.5,2024
2024-04-24,Long,2024-04-24 09:45:00-04:00,17770.0,2024-04-24 09:56:00-04:00,17730.0,-82.0,7316.541666666668,7796.041666666668,-479.5,2024
2024-04-26,Long,2024-04-26 09:45:00-04:00,17734.25,2024-04-26 09:50:00-04:00,17774.25,78.0,7394.541666666668,7796.041666666668,-401.5,2024
2024-04-29,Long,2024-04-29 09:45:00-04:00,17846.0,2024-04-29 10:00:00-04:00,17886.0,78.0,7472.541666666668,7796.041666666668,-323.5,2024
2024-04-30,Short,2024-04-30 09:45:00-04:00,17875.375,2024-04-30 10:29:00-04:00,17835.375,78.0,7550.541666666668,7796.041666666668,-245.5,2024
2024-05-01,Long,2024-05-01 09:45:00-04:00,17491.0,2024-05-01 10:00:00-04:00,17451.0,-82.0,7468.541666666668,7796.041666666668,-327.5,2024
2024-05-02,Long,2024-05-02 09:45:00-04:00,17541.0,2024-05-02 09:49:00-04:00,17501.0,-82.0,7386.541666666668,7796.041666666668,-409.5,2024
2024-05-03,Long,2024-05-03 09:45:00-04:00,17970.75,2024-05-03 09:53:00-04:00,18010.75,78.0,7464.541666666668,7796.041666666668,-331.5,2024
2024-05-06,Long,2024-05-06 09:45:00-04:00,18085.75,2024-05-06 11:30:00-04:00,18100.75,28.0,7492.541666666668,7796.041666666668,-303.5,2024
2024-05-07,Long,2024-05-07 09:45:00-04:00,18220.25,2024-05-07 11:16:00-04:00,18260.25,78.0,7570.541666666668,7796.041666666668,-225.5,2024
2024-05-08,Long,2024-05-08 09:45:00-04:00,18124.25,2024-05-08 09:55:00-04:00,18164.25,78.0,7648.541666666668,7796.041666666668,-147.5,2024
2024-05-09,Short,2024-05-09 09:45:00-04:00,18131.5,2024-05-09 10:04:00-04:00,18171.5,-82.0,7566.541666666668,7796.041666666668,-229.5,2024
2024-05-10,Long,2024-05-10 09:45:00-04:00,18320.0,2024-05-10 10:11:00-04:00,18280.0,-82.0,7484.541666666668,7796.041666666668,-311.5,2024
2024-05-13,Short,2024-05-13 09:45:00-04:00,18273.75,2024-05-13 11:30:00-04:00,18271.0,3.5,7488.041666666668,7796.041666666668,-308.0,2024
2024-05-14,Long,2024-05-14 09:45:00-04:00,18312.0,2024-05-14 10:25:00-04:00,18352.0,78.0,7566.041666666668,7796.041666666668,-230.0,2024
2024-05-15,Short,2024-05-15 09:45:00-04:00,18501.0,2024-05-15 09:50:00-04:00,18461.0,78.0,7644.041666666668,7796.041666666668,-152.0,2024
2024-05-20,Long,2024-05-20 09:45:00-04:00,18705.75,2024-05-20 09:55:00-04:00,18745.75,78.0,7722.041666666668,7796.041666666668,-74.0,2024
2024-05-21,Short,2024-05-21 09:45:00-04:00,18704.0,2024-05-21 10:34:00-04:00,18744.0,-82.0,7640.041666666668,7796.041666666668,-156.0,2024
2024-05-28,Short,2024-05-28 09:45:00-04:00,18872.0,2024-05-28 10:44:00-04:00,18912.0,-82.0,7558.041666666668,7796.041666666668,-238.0,2024
2024-05-30,Long,2024-05-30 09:45:00-04:00,18735.0,2024-05-30 10:12:00-04:00,18695.0,-82.0,7476.041666666668,7796.041666666668,-320.0,2024
2024-06-03,Long,2024-06-03 09:45:00-04:00,18729.0,2024-06-03 09:51:00-04:00,18689.0,-82.0,7394.041666666668,7796.041666666668,-402.0,2024
2024-06-04,Short,2024-06-04 09:45:00-04:00,18615.0,2024-06-04 10:00:00-04:00,18655.0,-82.0,7312.041666666668,7796.041666666668,-484.0,2024
2024-07-01,Short,2024-07-01 09:45:00-04:00,19918.0,2024-07-01 09:47:00-04:00,19878.0,78.0,7390.041666666668,7796.041666666668,-406.0,2024
2024-07-02,Long,2024-07-02 09:45:00-04:00,20070.5,2024-07-02 10:10:00-04:00,20030.5,-82.0,7308.041666666668,7796.041666666668,-488.0,2024
2024-07-17,Long,2024-07-17 09:45:00-04:00,20218.625,2024-07-17 10:00:00-04:00,20178.625,-82.0,7226.041666666668,7796.041666666668,-570.0,2024
2024-07-18,Short,2024-07-18 09:45:00-04:00,20040.25,2024-07-18 10:04:00-04:00,20080.25,-82.0,7144.041666666668,7796.041666666668,-652.0,2024
2024-07-19,Short,2024-07-19 09:45:00-04:00,19901.0,2024-07-19 09:48:00-04:00,19861.0,78.0,7222.041666666668,7796.041666666668,-574.0,2024
2024-07-22,Long,2024-07-22 09:45:00-04:00,19956.5,2024-07-22 09:46:00-04:00,19996.5,78.0,7300.041666666668,7796.041666666668,-496.0,2024
2024-07-23,Long,2024-07-23 09:45:00-04:00,20031.5,2024-07-23 09:47:00-04:00,19991.5,-82.0,7218.041666666668,7796.041666666668,-578.0,2024
2024-07-26,Long,2024-07-26 09:45:00-04:00,19135.75,2024-07-26 09:47:00-04:00,19095.75,-82.0,7136.041666666668,7796.041666666668,-660.0,2024
2024-08-02,Long,2024-08-02 09:45:00-04:00,18676.5,2024-08-02 09:46:00-04:00,18636.5,-82.0,7054.041666666668,7796.041666666668,-742.0,2024
2024-08-05,Long,2024-08-05 09:45:00-04:00,17775.25,2024-08-05 09:46:00-04:00,17815.25,78.0,7132.041666666668,7796.041666666668,-664.0,2024
2024-08-06,Short,2024-08-06 09:45:00-04:00,17998.25,2024-08-06 09:47:00-04:00,18038.25,-82.0,7050.041666666668,7796.041666666668,-746.0,2024
2024-08-07,Short,2024-08-07 09:45:00-04:00,18520.25,2024-08-07 09:55:00-04:00,18480.25,78.0,7128.041666666668,7796.041666666668,-668.0,2024
2024-08-08,Long,2024-08-08 09:45:00-04:00,18145.75,2024-08-08 09:47:00-04:00,18105.75,-82.0,7046.041666666668,7796.041666666668,-750.0,2024
2024-08-09,Short,2024-08-09 09:45:00-04:00,18452.0,2024-08-09 09:55:00-04:00,18492.0,-82.0,6964.041666666668,7796.041666666668,-832.0,2024
2024-08-12,Short,2024-08-12 09:45:00-04:00,18563.25,2024-08-12 10:06:00-04:00,18603.25,-82.0,6882.041666666668,7796.041666666668,-914.0,2024
2024-08-14,Short,2024-08-14 09:45:00-04:00,19053.0,2024-08-14 09:47:00-04:00,19093.0,-82.0,6800.041666666668,7796.041666666668,-996.0,2024
2024-08-20,Long,2024-08-20 09:45:00-04:00,19867.5,2024-08-20 09:54:00-04:00,19907.5,78.0,6878.041666666668,7796.041666666668,-918.0,2024
2024-08-21,Long,2024-08-21 09:45:00-04:00,19858.0,2024-08-21 10:00:00-04:00,19898.0,78.0,6956.041666666668,7796.041666666668,-840.0,2024
2024-08-22,Short,2024-08-22 09:45:00-04:00,19978.321428571428,2024-08-22 10:06:00-04:00,19938.321428571428,78.0,7034.041666666668,7796.041666666668,-762.0,2024
2024-08-28,Short,2024-08-28 09:45:00-04:00,19586.5,2024-08-28 09:49:00-04:00,19546.5,78.0,7112.041666666668,7796.041666666668,-684.0,2024
2024-08-29,Long,2024-08-29 09:45:00-04:00,19543.25,2024-08-29 09:47:00-04:00,19583.25,78.0,7190.041666666668,7796.041666666668,-606.0,2024
2024-08-30,Long,2024-08-30 09:45:00-04:00,19559.25,2024-08-30 09:54:00-04:00,19599.25,78.0,7268.041666666668,7796.041666666668,-528.0,2024
2024-09-03,Short,2024-09-03 09:45:00-04:00,19390.0,2024-09-03 09:54:00-04:00,19350.0,78.0,7346.041666666668,7796.041666666668,-450.0,2024
2024-09-04,Long,2024-09-04 09:45:00-04:00,18944.5,2024-09-04 09:49:00-04:00,18984.5,78.0,7424.041666666668,7796.041666666668,-372.0,2024
2024-09-05,Long,2024-09-05 09:45:00-04:00,18994.5,2024-09-05 09:46:00-04:00,19034.5,78.0,7502.041666666668,7796.041666666668,-294.0,2024
2024-09-06,Long,2024-09-06 09:45:00-04:00,18849.25,2024-09-06 09:50:00-04:00,18809.25,-82.0,7420.041666666668,7796.041666666668,-376.0,2024
2024-09-09,Long,2024-09-09 09:45:00-04:00,18653.25,2024-09-09 09:58:00-04:00,18693.25,78.0,7498.041666666668,7796.041666666668,-298.0,2024
2024-09-10,Short,2024-09-10 09:45:00-04:00,18766.75,2024-09-10 09:50:00-04:00,18726.75,78.0,7576.041666666668,7796.041666666668,-220.0,2024
2024-09-11,Short,2024-09-11 09:45:00-04:00,18847.25,2024-09-11 09:46:00-04:00,18807.25,78.0,7654.041666666668,7796.041666666668,-142.0,2024
2024-09-12,Long,2024-09-12 09:45:00-04:00,19267.5,2024-09-12 09:47:00-04:00,19227.5,-82.0,7572.041666666668,7796.041666666668,-224.0,2024
2024-09-13,Short,2024-09-13 09:45:00-04:00,19480.0,2024-09-13 10:00:00-04:00,19440.0,78.0,7650.041666666668,7796.041666666668,-146.0,2024
2024-09-16,Short,2024-09-16 09:45:00-04:00,19613.5,2024-09-16 09:50:00-04:00,19653.5,-82.0,7568.041666666668,7796.041666666668,-228.0,2024
2024-09-17,Short,2024-09-17 09:45:00-04:00,19788.5,2024-09-17 09:49:00-04:00,19748.5,78.0,7646.041666666668,7796.041666666668,-150.0,2024
2024-09-19,Long,2024-09-19 09:45:00-04:00,20033.95,2024-09-19 09:50:00-04:00,19993.95,-82.0,7564.041666666668,7796.041666666668,-232.0,2024
2024-09-20,Long,2024-09-20 09:45:00-04:00,20045.0,2024-09-20 09:58:00-04:00,20005.0,-82.0,7482.041666666668,7796.041666666668,-314.0,2024
2024-09-23,Long,2024-09-23 09:45:00-04:00,20052.75,2024-09-23 09:49:00-04:00,20092.75,78.0,7560.041666666668,7796.041666666668,-236.0,2024
2024-09-24,Long,2024-09-24 09:45:00-04:00,20105.5,2024-09-24 10:00:00-04:00,20065.5,-82.0,7478.041666666668,7796.041666666668,-318.0,2024
2024-09-25,Long,2024-09-25 09:45:00-04:00,20177.0,2024-09-25 09:56:00-04:00,20217.0,78.0,7556.041666666668,7796.041666666668,-240.0,2024
2024-09-30,Long,2024-09-30 09:45:00-04:00,20247.75,2024-09-30 09:59:00-04:00,20207.75,-82.0,7474.041666666668,7796.041666666668,-322.0,2024
2024-10-01,Short,2024-10-01 09:45:00-04:00,20102.5,2024-10-01 09:47:00-04:00,20062.5,78.0,7552.041666666668,7796.041666666668,-244.0,2024
2024-10-02,Long,2024-10-02 09:45:00-04:00,19839.75,2024-10-02 09:48:00-04:00,19879.75,78.0,7630.041666666668,7796.041666666668,-166.0,2024
2024-10-03,Long,2024-10-03 09:45:00-04:00,19994.25,2024-10-03 09:55:00-04:00,20034.25,78.0,7708.041666666668,7796.041666666668,-88.0,2024
2024-10-04,Long,2024-10-04 09:45:00-04:00,20211.3,2024-10-04 09:53:00-04:00,20171.3,-82.0,7626.041666666668,7796.041666666668,-170.0,2024
2024-10-07,Short,2024-10-07 09:45:00-04:00,20118.0,2024-10-07 10:15:00-04:00,20158.0,-82.0,7544.041666666668,7796.041666666668,-252.0,2024
2024-10-08,Short,2024-10-08 09:45:00-04:00,20101.0625,2024-10-08 09:54:00-04:00,20141.0625,-82.0,7462.041666666668,7796.041666666668,-334.0,2024
2024-10-09,Short,2024-10-09 09:45:00-04:00,20251.0,2024-10-09 10:04:00-04:00,20291.0,-82.0,7380.041666666668,7796.041666666668,-416.0,2024
2024-10-10,Short,2024-10-10 09:45:00-04:00,20379.0,2024-10-10 09:47:00-04:00,20339.0,78.0,7458.041666666668,7796.041666666668,-338.0,2024
2024-10-14,Long,2024-10-14 09:45:00-04:00,20603.25,2024-10-14 09:50:00-04:00,20643.25,78.0,7536.041666666668,7796.041666666668,-260.0,2024
2024-10-16,Short,2024-10-16 09:45:00-04:00,20245.5,2024-10-16 10:01:00-04:00,20205.5,78.0,7614.041666666668,7796.041666666668,-182.0,2024
2024-10-17,Long,2024-10-17 09:45:00-04:00,20448.0,2024-10-17 09:52:00-04:00,20488.0,78.0,7692.041666666668,7796.041666666668,-104.0,2024
2024-10-21,Long,2024-10-21 09:45:00-04:00,20476.25,2024-10-21 10:06:00-04:00,20516.25,78.0,7770.041666666668,7796.041666666668,-26.0,2024
2024-10-22,Long,2024-10-22 09:45:00-04:00,20444.75,2024-10-22 10:06:00-04:00,20484.75,78.0,7848.041666666668,7848.041666666668,0.0,2024
2024-10-23,Short,2024-10-23 09:45:00-04:00,20427.0,2024-10-23 10:04:00-04:00,20387.0,78.0,7926.041666666668,7926.041666666668,0.0,2024
2024-10-24,Short,2024-10-24 09:45:00-04:00,20343.0,2024-10-24 09:48:00-04:00,20303.0,78.0,8004.041666666668,8004.041666666668,0.0,2024
2024-10-25,Long,2024-10-25 09:45:00-04:00,20586.75,2024-10-25 09:52:00-04:00,20626.75,78.0,8082.041666666668,8082.041666666668,0.0,2024
2024-10-28,Short,2024-10-28 09:45:00-04:00,20569.25,2024-10-28 09:54:00-04:00,20529.25,78.0,8160.041666666668,8160.041666666668,0.0,2024
2024-10-29,Long,2024-10-29 09:45:00-04:00,20489.5,2024-10-29 10:00:00-04:00,20529.5,78.0,8238.041666666668,8238.041666666668,0.0,2024
2024-10-30,Short,2024-10-30 09:45:00-04:00,20556.25,2024-10-30 09:51:00-04:00,20596.25,-82.0,8156.041666666668,8238.041666666668,-82.0,2024
2024-10-31,Short,2024-10-31 09:45:00-04:00,20260.0,2024-10-31 09:47:00-04:00,20220.0,78.0,8234.041666666668,8238.041666666668,-4.0,2024
2024-11-01,Short,2024-11-01 09:45:00-04:00,20150.25,2024-11-01 10:08:00-04:00,20190.25,-82.0,8152.041666666668,8238.041666666668,-86.0,2024
2024-11-04,Long,2024-11-04 09:45:00-05:00,20110.5,2024-11-04 10:02:00-05:00,20150.5,78.0,8230.041666666668,8238.041666666668,-8.0,2024
2024-11-05,Long,2024-11-05 09:45:00-05:00,20217.0,2024-11-05 09:50:00-05:00,20257.0,78.0,8308.041666666668,8308.041666666668,0.0,2024
2024-11-06,Long,2024-11-06 09:45:00-05:00,20744.0,2024-11-06 09:46:00-05:00,20704.0,-82.0,8226.041666666668,8308.041666666668,-82.0,2024
2024-11-13,Short,2024-11-13 09:45:00-05:00,21178.75,2024-11-13 09:49:00-05:00,21138.75,78.0,8304.041666666668,8308.041666666668,-4.0,2024
2024-11-15,Short,2024-11-15 09:45:00-05:00,20701.0,2024-11-15 09:49:00-05:00,20741.0,-82.0,8222.041666666668,8308.041666666668,-86.0,2024
2024-11-18,Short,2024-11-18 09:45:00-05:00,20538.25,2024-11-18 10:04:00-05:00,20578.25,-82.0,8140.041666666668,8308.041666666668,-168.0,2024
2024-11-19,Short,2024-11-19 09:45:00-05:00,20572.75,2024-11-19 09:50:00-05:00,20532.75,78.0,8218.041666666668,8308.041666666668,-90.0,2024
2024-11-20,Short,2024-11-20 09:45:00-05:00,20655.0,2024-11-20 09:59:00-05:00,20615.0,78.0,8296.041666666668,8308.041666666668,-12.0,2024
2024-11-21,Long,2024-11-21 09:45:00-05:00,20695.25,2024-11-21 09:47:00-05:00,20735.25,78.0,8374.041666666668,8374.041666666668,0.0,2024
2024-11-27,Short,2024-11-27 09:45:00-05:00,20883.75,2024-11-27 09:53:00-05:00,20843.75,78.0,8452.041666666668,8452.041666666668,0.0,2024
2024-11-29,Long,2024-11-29 09:45:00-05:00,20874.75,2024-11-29 09:59:00-05:00,20914.75,78.0,8530.041666666668,8530.041666666668,0.0,2024
2024-12-02,Long,2024-12-02 09:45:00-05:00,21114.25,2024-12-02 09:50:00-05:00,21154.25,78.0,8608.041666666668,8608.041666666668,0.0,2024
2024-12-03,Long,2024-12-03 09:45:00-05:00,21191.0,2024-12-03 10:06:00-05:00,21231.0,78.0,8686.041666666668,8686.041666666668,0.0,2024
2024-12-10,Long,2024-12-10 09:45:00-05:00,21575.75,2024-12-10 09:53:00-05:00,21535.75,-82.0,8604.041666666668,8686.041666666668,-82.0,2024
2024-12-11,Long,2024-12-11 09:45:00-05:00,21636.25,2024-12-11 09:47:00-05:00,21676.25,78.0,8682.041666666668,8686.041666666668,-4.0,2024
2024-12-19,Long,2024-12-19 09:45:00-05:00,21586.5,2024-12-19 09:46:00-05:00,21626.5,78.0,8760.041666666668,8760.041666666668,0.0,2024
2024-12-20,Long,2024-12-20 09:45:00-05:00,21264.25,2024-12-20 09:48:00-05:00,21224.25,-82.0,8678.041666666668,8760.041666666668,-82.0,2024
2024-12-23,Short,2024-12-23 09:45:00-05:00,21615.5,2024-12-23 09:49:00-05:00,21575.5,78.0,8756.041666666668,8760.041666666668,-4.0,2024
2024-12-27,Long,2024-12-27 09:45:00-05:00,21698.25,2024-12-27 09:48:00-05:00,21738.25,78.0,8834.041666666668,8834.041666666668,0.0,2024
2025-01-02,Long,2025-01-02 09:45:00-05:00,21214.0,2025-01-02 09:46:00-05:00,21254.0,78.0,8912.041666666668,8912.041666666668,0.0,2025
2025-01-03,Long,2025-01-03 09:45:00-05:00,21423.75,2025-01-03 09:47:00-05:00,21383.75,-82.0,8830.041666666668,8912.041666666668,-82.0,2025
2025-01-07,Long,2025-01-07 09:45:00-05:00,21765.75,2025-01-07 09:57:00-05:00,21725.75,-82.0,8748.041666666668,8912.041666666668,-164.0,2025
2025-01-08,Short,2025-01-08 09:45:00-05:00,21355.5,2025-01-08 09:46:00-05:00,21315.5,78.0,8826.041666666668,8912.041666666668,-86.0,2025
2025-01-10,Long,2025-01-10 09:45:00-05:00,21120.5,2025-01-10 09:46:00-05:00,21080.5,-82.0,8744.041666666668,8912.041666666668,-168.0,2025
2025-01-13,Short,2025-01-13 09:45:00-05:00,20769.0,2025-01-13 09:54:00-05:00,20809.0,-82.0,8662.041666666668,8912.041666666668,-250.0,2025
2025-01-14,Long,2025-01-14 09:45:00-05:00,21109.75,2025-01-14 09:47:00-05:00,21069.75,-82.0,8580.041666666668,8912.041666666668,-332.0,2025
2025-01-15,Long,2025-01-15 09:45:00-05:00,21298.0,2025-01-15 09:48:00-05:00,21338.0,78.0,8658.041666666668,8912.041666666668,-254.0,2025
2025-01-16,Short,2025-01-16 09:45:00-05:00,21418.0,2025-01-16 09:47:00-05:00,21378.0,78.0,8736.041666666668,8912.041666666668,-176.0,2025
2025-01-17,Short,2025-01-17 09:45:00-05:00,21516.25,2025-01-17 09:52:00-05:00,21556.25,-82.0,8654.041666666668,8912.041666666668,-258.0,2025
2025-01-21,Short,2025-01-21 09:45:00-05:00,21618.25,2025-01-21 09:48:00-05:00,21658.25,-82.0,8572.041666666668,8912.041666666668,-340.0,2025
2025-01-22,Long,2025-01-22 09:45:00-05:00,21960.25,2025-01-22 09:53:00-05:00,22000.25,78.0,8650.041666666668,8912.041666666668,-262.0,2025
2025-01-23,Long,2025-01-23 09:45:00-05:00,21914.5,2025-01-23 10:02:00-05:00,21874.5,-82.0,8568.041666666668,8912.041666666668,-344.0,2025
2025-01-27,Long,2025-01-27 09:45:00-05:00,21272.25,2025-01-27 09:47:00-05:00,21312.25,78.0,8646.041666666668,8912.041666666668,-266.0,2025
2025-01-28,Long,2025-01-28 09:45:00-05:00,21184.5,2025-01-28 09:51:00-05:00,21224.5,78.0,8724.041666666668,8912.041666666668,-188.0,2025
2025-01-29,Short,2025-01-29 09:45:00-05:00,21508.75,2025-01-29 09:53:00-05:00,21548.75,-82.0,8642.041666666668,8912.041666666668,-270.0,2025
2025-01-30,Long,2025-01-30 09:45:00-05:00,21647.75,2025-01-30 09:47:00-05:00,21687.75,78.0,8720.041666666668,8912.041666666668,-192.0,2025
2025-02-03,Short,2025-02-03 09:45:00-05:00,21259.25,2025-02-03 09:46:00-05:00,21219.25,78.0,8798.041666666668,8912.041666666668,-114.0,2025
2025-02-04,Long,2025-02-04 09:45:00-05:00,21506.75,2025-02-04 09:53:00-05:00,21546.75,78.0,8876.041666666668,8912.041666666668,-36.0,2025
2025-02-05,Long,2025-02-05 09:45:00-05:00,21571.5,2025-02-05 10:03:00-05:00,21531.5,-82.0,8794.041666666668,8912.041666666668,-118.0,2025
2025-02-07,Long,2025-02-07 09:45:00-05:00,21938.5,2025-02-07 09:57:00-05:00,21898.5,-82.0,8712.041666666668,8912.041666666668,-200.0,2025
2025-02-10,Long,2025-02-10 09:45:00-05:00,21799.0,2025-02-10 09:51:00-05:00,21759.0,-82.0,8630.041666666668,8912.041666666668,-282.0,2025
2025-02-11,Long,2025-02-11 09:45:00-05:00,21789.5,2025-02-11 10:28:00-05:00,21829.5,78.0,8708.041666666668,8912.041666666668,-204.0,2025
2025-02-12,Long,2025-02-12 09:45:00-05:00,21661.0,2025-02-12 09:53:00-05:00,21701.0,78.0,8786.041666666668,8912.041666666668,-126.0,2025
2025-02-13,Short,2025-02-13 09:45:00-05:00,21886.5,2025-02-13 09:59:00-05:00,21926.5,-82.0,8704.041666666668,8912.041666666668,-208.0,2025
2025-02-19,Short,2025-02-19 09:45:00-05:00,22182.5,2025-02-19 10:03:00-05:00,22142.5,78.0,8782.041666666668,8912.041666666668,-130.0,2025
2025-02-20,Short,2025-02-20 09:45:00-05:00,22166.0,2025-02-20 09:51:00-05:00,22126.0,78.0,8860.041666666668,8912.041666666668,-52.0,2025
2025-02-21,Short,2025-02-21 09:45:00-05:00,22122.5,2025-02-21 09:59:00-05:00,22082.5,78.0,8938.041666666668,8938.041666666668,0.0,2025
2025-02-24,Long,2025-02-24 09:45:00-05:00,21711.75,2025-02-24 09:50:00-05:00,21671.75,-82.0,8856.041666666668,8938.041666666668,-82.0,2025
2025-02-25,Short,2025-02-25 09:45:00-05:00,21313.25,2025-02-25 09:51:00-05:00,21273.25,78.0,8934.041666666668,8938.041666666668,-4.0,2025
2025-02-26,Long,2025-02-26 09:45:00-05:00,21233.75,2025-02-26 09:49:00-05:00,21273.75,78.0,9012.041666666668,9012.041666666668,0.0,2025
2025-02-27,Long,2025-02-27 09:45:00-05:00,21192.75,2025-02-27 09:51:00-05:00,21152.75,-82.0,8930.041666666668,9012.041666666668,-82.0,2025
2025-02-28,Short,2025-02-28 09:45:00-05:00,20608.75,2025-02-28 09:55:00-05:00,20568.75,78.0,9008.041666666668,9012.041666666668,-4.0,2025
2025-03-03,Short,2025-03-03 09:45:00-05:00,20970.0,2025-03-03 09:49:00-05:00,20930.0,78.0,9086.041666666668,9086.041666666668,0.0,2025
2025-03-04,Short,2025-03-04 09:45:00-05:00,20331.0,2025-03-04 09:46:00-05:00,20371.0,-82.0,9004.041666666668,9086.041666666668,-82.0,2025
2025-03-05,Long,2025-03-05 09:45:00-05:00,20424.75,2025-03-05 09:47:00-05:00,20384.75,-82.0,8922.041666666668,9086.041666666668,-164.0,2025
2025-03-06,Long,2025-03-06 09:45:00-05:00,20248.25,2025-03-06 09:47:00-05:00,20288.25,78.0,9000.041666666668,9086.041666666668,-86.0,2025
2025-03-07,Long,2025-03-07 09:45:00-05:00,20149.0,2025-03-07 09:48:00-05:00,20189.0,78.0,9078.041666666668,9086.041666666668,-8.0,2025
2025-03-10,Short,2025-03-10 09:45:00-04:00,19881.5,2025-03-10 09:47:00-04:00,19841.5,78.0,9156.041666666668,9156.041666666668,0.0,2025
2025-03-11,Short,2025-03-11 09:45:00-04:00,19536.5,2025-03-11 09:46:00-04:00,19496.5,78.0,9234.041666666668,9234.041666666668,0.0,2025
2025-03-12,Short,2025-03-12 09:45:00-04:00,19686.75,2025-03-12 09:46:00-04:00,19726.75,-82.0,9152.041666666668,9234.041666666668,-82.0,2025
2025-03-13,Long,2025-03-13 09:45:00-04:00,19482.0,2025-03-13 09:52:00-04:00,19442.0,-82.0,9070.041666666668,9234.041666666668,-164.0,2025
2025-03-14,Long,2025-03-14 09:45:00-04:00,19576.5,2025-03-14 09:50:00-04:00,19616.5,78.0,9148.041666666668,9234.041666666668,-86.0,2025
2025-03-17,Short,2025-03-17 09:45:00-04:00,19812.25,2025-03-17 09:49:00-04:00,19772.25,78.0,9226.041666666668,9234.041666666668,-8.0,2025
2025-03-18,Short,2025-03-18 09:45:00-04:00,19712.0,2025-03-18 09:57:00-04:00,19672.0,78.0,9304.041666666668,9304.041666666668,0.0,2025
2025-03-19,Long,2025-03-19 09:45:00-04:00,19725.75,2025-03-19 09:46:00-04:00,19765.75,78.0,9382.041666666668,9382.041666666668,0.0,2025
2025-03-20,Long,2025-03-20 09:45:00-04:00,19882.5,2025-03-20 09:47:00-04:00,19922.5,78.0,9460.041666666668,9460.041666666668,0.0,2025
2025-03-21,Short,2025-03-21 09:45:00-04:00,19684.5,2025-03-21 09:50:00-04:00,19724.5,-82.0,9378.041666666668,9460.041666666668,-82.0,2025
2025-03-24,Long,2025-03-24 09:45:00-04:00,20280.25,2025-03-24 09:51:00-04:00,20320.25,78.0,9456.041666666668,9460.041666666668,-4.0,2025
2025-03-25,Long,2025-03-25 09:45:00-04:00,20394.25,2025-03-25 10:00:00-04:00,20434.25,78.0,9534.041666666668,9534.041666666668,0.0,2025
2025-03-26,Short,2025-03-26 09:45:00-04:00,20445.5,2025-03-26 09:48:00-04:00,20405.5,78.0,9612.041666666668,9612.041666666668,0.0,2025
2025-03-27,Long,2025-03-27 09:45:00-04:00,19979.75,2025-03-27 09:49:00-04:00,20019.75,78.0,9690.041666666668,9690.041666666668,0.0,2025
2025-03-28,Long,2025-03-28 09:45:00-04:00,19881.75,2025-03-28 09:50:00-04:00,19921.75,78.0,9768.041666666668,9768.041666666668,0.0,2025
2025-04-01,Long,2025-04-01 09:45:00-04:00,19400.5,2025-04-01 09:48:00-04:00,19440.5,78.0,9846.041666666668,9846.041666666668,0.0,2025
2025-04-02,Long,2025-04-02 09:45:00-04:00,19529.75,2025-04-02 09:49:00-04:00,19569.75,78.0,9924.041666666668,9924.041666666668,0.0,2025
2025-04-03,Short,2025-04-03 09:45:00-04:00,18965.5,2025-04-03 09:50:00-04:00,19005.5,-82.0,9842.041666666668,9924.041666666668,-82.0,2025
2025-04-10,Long,2025-04-10 09:45:00-04:00,18764.75,2025-04-10 09:46:00-04:00,18724.75,-82.0,9760.041666666668,9924.041666666668,-164.0,2025
2025-04-11,Long,2025-04-11 09:45:00-04:00,18537.0,2025-04-11 09:46:00-04:00,18577.0,78.0,9838.041666666668,9924.041666666668,-86.0,2025
2025-04-14,Long,2025-04-14 09:45:00-04:00,19077.375,2025-04-14 09:46:00-04:00,19037.375,-82.0,9756.041666666668,9924.041666666668,-168.0,2025
2025-04-15,Short,2025-04-15 09:45:00-04:00,19070.25,2025-04-15 09:51:00-04:00,19110.25,-82.0,9674.041666666668,9924.041666666668,-250.0,2025
2025-04-16,Short,2025-04-16 09:45:00-04:00,18637.0,2025-04-16 09:46:00-04:00,18597.0,78.0,9752.041666666668,9924.041666666668,-172.0,2025
2025-04-17,Short,2025-04-17 09:45:00-04:00,18417.5,2025-04-17 09:46:00-04:00,18377.5,78.0,9830.041666666668,9924.041666666668,-94.0,2025
2025-04-23,Long,2025-04-23 09:45:00-04:00,19035.75,2025-04-23 09:46:00-04:00,19075.75,78.0,9908.041666666668,9924.041666666668,-16.0,2025
2025-04-24,Long,2025-04-24 09:45:00-04:00,18954.5,2025-04-24 09:51:00-04:00,18994.5,78.0,9986.041666666668,9986.041666666668,0.0,2025
2025-04-25,Long,2025-04-25 09:45:00-04:00,19316.583333333332,2025-04-25 09:47:00-04:00,19276.583333333332,-82.0,9904.041666666668,9986.041666666668,-82.0,2025
2025-04-28,Long,2025-04-28 09:45:00-04:00,19597.5,2025-04-28 09:51:00-04:00,19557.5,-82.0,9822.041666666668,9986.041666666668,-164.0,2025
2025-04-29,Long,2025-04-29 09:45:00-04:00,19472.25,2025-04-29 09:47:00-04:00,19512.25,78.0,9900.041666666668,9986.041666666668,-86.0,2025
2025-04-30,Short,2025-04-30 09:45:00-04:00,19180.25,2025-04-30 09:56:00-04:00,19140.25,78.0,9978.041666666668,9986.041666666668,-8.0,2025
2025-05-01,Long,2025-05-01 09:45:00-04:00,19931.75,2025-05-01 09:47:00-04:00,19971.75,78.0,10056.041666666668,10056.041666666668,0.0,2025
2025-05-02,Long,2025-05-02 09:45:00-04:00,20100.5,2025-05-02 09:48:00-04:00,20060.5,-82.0,9974.041666666668,10056.041666666668,-82.0,2025
2025-05-05,Short,2025-05-05 09:45:00-04:00,20028.791666666668,2025-05-05 09:57:00-04:00,20068.791666666668,-82.0,9892.041666666668,10056.041666666668,-164.0,2025
2025-05-06,Long,2025-05-06 09:45:00-04:00,19847.25,2025-05-06 09:47:00-04:00,19807.25,-82.0,9810.041666666668,10056.041666666668,-246.0,2025
2025-05-07,Long,2025-05-07 09:45:00-04:00,19924.0,2025-05-07 09:48:00-04:00,19884.0,-82.0,9728.041666666668,10056.041666666668,-328.0,2025
2025-05-08,Short,2025-05-08 09:45:00-04:00,20123.25,2025-05-08 09:48:00-04:00,20083.25,78.0,9806.041666666668,10056.041666666668,-250.0,2025
2025-05-09,Short,2025-05-09 09:45:00-04:00,20227.25,2025-05-09 10:06:00-04:00,20267.25,-82.0,9724.041666666668,10056.041666666668,-332.0,2025
2025-05-12,Long,2025-05-12 09:45:00-04:00,20778.0,2025-05-12 09:52:00-04:00,20818.0,78.0,9802.041666666668,10056.041666666668,-254.0,2025
2025-05-13,Short,2025-05-13 09:45:00-04:00,21066.75,2025-05-13 09:53:00-04:00,21106.75,-82.0,9720.041666666668,10056.041666666668,-336.0,2025
2025-05-14,Short,2025-05-14 09:45:00-04:00,21341.75,2025-05-14 09:48:00-04:00,21301.75,78.0,9798.041666666668,10056.041666666668,-258.0,2025
2025-05-15,Short,2025-05-15 09:45:00-04:00,21310.09375,2025-05-15 09:46:00-04:00,21270.09375,78.0,9876.041666666668,10056.041666666668,-180.0,2025
2025-05-16,Long,2025-05-16 09:45:00-04:00,21415.25,2025-05-16 10:19:00-04:00,21455.25,78.0,9954.041666666668,10056.041666666668,-102.0,2025
2025-05-19,Long,2025-05-19 09:45:00-04:00,21332.25,2025-05-19 09:49:00-04:00,21372.25,78.0,10032.041666666668,10056.041666666668,-24.0,2025
2025-05-20,Long,2025-05-20 09:45:00-04:00,21413.75,2025-05-20 09:47:00-04:00,21373.75,-82.0,9950.041666666668,10056.041666666668,-106.0,2025
2025-05-21,Long,2025-05-21 09:45:00-04:00,21364.25,2025-05-21 09:52:00-04:00,21404.25,78.0,10028.041666666668,10056.041666666668,-28.0,2025
2025-05-22,Long,2025-05-22 09:45:00-04:00,21164.0,2025-05-22 09:50:00-04:00,21204.0,78.0,10106.041666666668,10106.041666666668,0.0,2025
2025-05-23,Short,2025-05-23 09:45:00-04:00,20907.25,2025-05-23 09:46:00-04:00,20867.25,78.0,10184.041666666668,10184.041666666668,0.0,2025
2025-05-26,Long,2025-05-26 09:45:00-04:00,21302.75,2025-05-26 10:21:00-04:00,21262.75,-82.0,10102.041666666668,10184.041666666668,-82.0,2025
2025-05-27,Long,2025-05-27 09:45:00-04:00,21242.5,2025-05-27 09:51:00-04:00,21282.5,78.0,10180.041666666668,10184.041666666668,-4.0,2025
2025-05-28,Short,2025-05-28 09:45:00-04:00,21542.0,2025-05-28 09:47:00-04:00,21502.0,78.0,10258.041666666668,10258.041666666668,0.0,2025
2025-05-29,Short,2025-05-29 09:45:00-04:00,21527.0,2025-05-29 09:49:00-04:00,21487.0,78.0,10336.041666666668,10336.041666666668,0.0,2025
2025-05-30,Long,2025-05-30 09:45:00-04:00,21311.722222222223,2025-05-30 09:50:00-04:00,21271.722222222223,-82.0,10254.041666666668,10336.041666666668,-82.0,2025
2025-06-02,Short,2025-06-02 09:45:00-04:00,21422.5,2025-06-02 09:47:00-04:00,21382.5,78.0,10332.041666666668,10336.041666666668,-4.0,2025
2025-06-03,Long,2025-06-03 09:45:00-04:00,21563.5,2025-06-03 09:57:00-04:00,21603.5,78.0,10410.041666666668,10410.041666666668,0.0,2025
2025-06-04,Long,2025-06-04 09:45:00-04:00,21761.5,2025-06-04 10:00:00-04:00,21721.5,-82.0,10328.041666666668,10410.041666666668,-82.0,2025
2025-06-05,Short,2025-06-05 09:45:00-04:00,21778.5,2025-06-05 09:46:00-04:00,21738.5,78.0,10406.041666666668,10410.041666666668,-4.0,2025
2025-06-06,Long,2025-06-06 09:45:00-04:00,21840.5,2025-06-06 10:28:00-04:00,21800.5,-82.0,10324.041666666668,10410.041666666668,-86.0,2025
2025-06-09,Short,2025-06-09 09:45:00-04:00,21795.25,2025-06-09 10:11:00-04:00,21835.25,-82.0,10242.041666666668,10410.041666666668,-168.0,2025
2025-06-10,Short,2025-06-10 09:45:00-04:00,21852.0,2025-06-10 09:53:00-04:00,21892.0,-82.0,10160.041666666668,10410.041666666668,-250.0,2025
2025-06-12,Short,2025-06-12 09:45:00-04:00,21867.375,2025-06-12 10:13:00-04:00,21907.375,-82.0,10078.041666666668,10410.041666666668,-332.0,2025
2025-06-13,Short,2025-06-13 09:45:00-04:00,21765.0,2025-06-13 09:55:00-04:00,21725.0,78.0,10156.041666666668,10410.041666666668,-254.0,2025
2025-06-17,Short,2025-06-17 09:45:00-04:00,22035.5,2025-06-17 09:51:00-04:00,22075.5,-82.0,10074.041666666668,10410.041666666668,-336.0,2025
2025-06-18,Long,2025-06-18 09:45:00-04:00,21977.25,2025-06-18 09:52:00-04:00,22017.25,78.0,10152.041666666668,10410.041666666668,-258.0,2025
2025-06-19,Short,2025-06-19 09:45:00-04:00,21722.5,2025-06-19 09:48:00-04:00,21682.5,78.0,10230.041666666668,10410.041666666668,-180.0,2025
2025-06-20,Short,2025-06-20 09:45:00-04:00,22096.75,2025-06-20 09:50:00-04:00,22056.75,78.0,10308.041666666668,10410.041666666668,-102.0,2025
2025-06-23,Short,2025-06-23 09:45:00-04:00,21867.375,2025-06-23 09:48:00-04:00,21907.375,-82.0,10226.041666666668,10410.041666666668,-184.0,2025
2025-07-07,Short,2025-07-07 09:45:00-04:00,22928.5,2025-07-07 09:51:00-04:00,22968.5,-82.0,10144.041666666668,10410.041666666668,-266.0,2025
2025-07-08,Short,2025-07-08 09:45:00-04:00,22904.75,2025-07-08 10:24:00-04:00,22864.75,78.0,10222.041666666668,10410.041666666668,-188.0,2025
2025-07-11,Short,2025-07-11 09:45:00-04:00,22877.75,2025-07-11 09:48:00-04:00,22917.75,-82.0,10140.041666666668,10410.041666666668,-270.0,2025
2025-07-14,Short,2025-07-14 09:45:00-04:00,22853.75,2025-07-14 09:48:00-04:00,22893.75,-82.0,10058.041666666668,10410.041666666668,-352.0,2025
2025-07-17,Long,2025-07-17 09:45:00-04:00,23122.5,2025-07-17 10:01:00-04:00,23162.5,78.0,10136.041666666668,10410.041666666668,-274.0,2025
2025-07-23,Short,2025-07-23 09:45:00-04:00,23198.0,2025-07-23 09:59:00-04:00,23158.0,78.0,10214.041666666668,10410.041666666668,-196.0,2025
2025-07-24,Long,2025-07-24 09:45:00-04:00,23360.0,2025-07-24 09:48:00-04:00,23400.0,78.0,10292.041666666668,10410.041666666668,-118.0,2025
2025-07-25,Long,2025-07-25 09:45:00-04:00,23361.5,2025-07-25 09:55:00-04:00,23401.5,78.0,10370.041666666668,10410.041666666668,-40.0,2025
2025-08-01,Short,2025-08-01 09:45:00-04:00,22919.75,2025-08-01 09:48:00-04:00,22879.75,78.0,10448.041666666668,10448.041666666668,0.0,2025
2025-08-04,Long,2025-08-04 09:45:00-04:00,23189.5,2025-08-04 09:54:00-04:00,23229.5,78.0,10526.041666666668,10526.041666666668,0.0,2025
2025-08-05,Long,2025-08-05 09:45:00-04:00,23357.75,2025-08-05 10:00:00-04:00,23317.75,-82.0,10444.041666666668,10526.041666666668,-82.0,2025
2025-08-20,Short,2025-08-20 09:45:00-04:00,23323.5,2025-08-20 09:46:00-04:00,23283.5,78.0,10522.041666666668,10526.041666666668,-4.0,2025
2025-08-21,Short,2025-08-21 09:45:00-04:00,23256.0,2025-08-21 09:46:00-04:00,23216.0,78.0,10600.041666666668,10600.041666666668,0.0,2025
2025-08-22,Long,2025-08-22 09:45:00-04:00,23322.5,2025-08-22 09:57:00-04:00,23282.5,-82.0,10518.041666666668,10600.041666666668,-82.0,2025
2025-08-25,Short,2025-08-25 09:45:00-04:00,23480.75,2025-08-25 10:00:00-04:00,23520.75,-82.0,10436.041666666668,10600.041666666668,-164.0,2025
2025-08-26,Short,2025-08-26 09:45:00-04:00,23498.0,2025-08-26 09:46:00-04:00,23458.0,78.0,10514.041666666668,10600.041666666668,-86.0,2025
2025-08-27,Short,2025-08-27 09:45:00-04:00,23517.5,2025-08-27 10:08:00-04:00,23557.5,-82.0,10432.041666666668,10600.041666666668,-168.0,2025
2025-08-28,Long,2025-08-28 09:45:00-04:00,23702.5,2025-08-28 09:49:00-04:00,23662.5,-82.0,10350.041666666668,10600.041666666668,-250.0,2025
2025-08-29,Short,2025-08-29 09:45:00-04:00,23600.5,2025-08-29 09:46:00-04:00,23560.5,78.0,10428.041666666668,10600.041666666668,-172.0,2025
2025-09-01,Long,2025-09-01 09:45:00-04:00,23481.25,2025-09-01 11:30:00-04:00,23504.25,44.0,10472.041666666668,10600.041666666668,-128.0,2025
2025-09-02,Long,2025-09-02 09:45:00-04:00,23150.75,2025-09-02 09:48:00-04:00,23190.75,78.0,10550.041666666668,10600.041666666668,-50.0,2025
2025-09-04,Long,2025-09-04 09:45:00-04:00,23487.75,2025-09-04 10:02:00-04:00,23447.75,-82.0,10468.041666666668,10600.041666666668,-132.0,2025
2025-09-05,Short,2025-09-05 09:45:00-04:00,23837.0,2025-09-05 09:49:00-04:00,23877.0,-82.0,10386.041666666668,10600.041666666668,-214.0,2025
2025-09-08,Long,2025-09-08 09:45:00-04:00,23830.75,2025-09-08 09:55:00-04:00,23870.75,78.0,10464.041666666668,10600.041666666668,-136.0,2025
2025-09-09,Short,2025-09-09 09:45:00-04:00,23839.916666666668,2025-09-09 10:00:00-04:00,23799.916666666668,78.0,10542.041666666668,10600.041666666668,-58.0,2025
2025-09-11,Short,2025-09-11 09:45:00-04:00,23920.0,2025-09-11 09:48:00-04:00,23960.0,-82.0,10460.041666666668,10600.041666666668,-140.0,2025
2025-10-06,Short,2025-10-06 09:45:00-04:00,25140.25,2025-10-06 10:21:00-04:00,25180.25,-82.0,10378.041666666668,10600.041666666668,-222.0,2025
2025-10-08,Long,2025-10-08 09:45:00-04:00,25132.0,2025-10-08 09:56:00-04:00,25172.0,78.0,10456.041666666668,10600.041666666668,-144.0,2025
2025-10-13,Long,2025-10-13 09:45:00-04:00,24812.0,2025-10-13 09:46:00-04:00,24772.0,-82.0,10374.041666666668,10600.041666666668,-226.0,2025
2025-10-14,Short,2025-10-14 09:45:00-04:00,24452.75,2025-10-14 09:46:00-04:00,24492.75,-82.0,10292.041666666668,10600.041666666668,-308.0,2025
2025-10-17,Short,2025-10-17 09:45:00-04:00,24693.25,2025-10-17 09:48:00-04:00,24733.25,-82.0,10210.041666666668,10600.041666666668,-390.0,2025
2025-10-20,Long,2025-10-20 09:45:00-04:00,25188.75,2025-10-20 09:49:00-04:00,25228.75,78.0,10288.041666666668,10600.041666666668,-312.0,2025
2025-10-21,Short,2025-10-21 09:45:00-04:00,25255.75,2025-10-21 09:57:00-04:00,25215.75,78.0,10366.041666666668,10600.041666666668,-234.0,2025
2025-10-22,Short,2025-10-22 09:45:00-04:00,25259.5,2025-10-22 10:13:00-04:00,25219.5,78.0,10444.041666666668,10600.041666666668,-156.0,2025
2025-10-23,Long,2025-10-23 09:45:00-04:00,25092.0,2025-10-23 09:49:00-04:00,25132.0,78.0,10522.041666666668,10600.041666666668,-78.0,2025
2025-11-07,Long,2025-11-07 09:45:00-05:00,24975.5,2025-11-07 09:48:00-05:00,24935.5,-82.0,10440.041666666668,10600.041666666668,-160.0,2025
2025-11-12,Long,2025-11-12 09:45:00-05:00,25645.0,2025-11-12 09:46:00-05:00,25605.0,-82.0,10358.041666666668,10600.041666666668,-242.0,2025
2025-11-14,Long,2025-11-14 09:45:00-05:00,24834.5,2025-11-14 09:46:00-05:00,24874.5,78.0,10436.041666666668,10600.041666666668,-164.0,2025
2025-11-17,Long,2025-11-17 09:45:00-05:00,25159.25,2025-11-17 09:46:00-05:00,25199.25,78.0,10514.041666666668,10600.041666666668,-86.0,2025
2025-11-18,Long,2025-11-18 09:45:00-05:00,24714.0,2025-11-18 09:46:00-05:00,24674.0,-82.0,10432.041666666668,10600.041666666668,-168.0,2025
2025-11-19,Long,2025-11-19 09:45:00-05:00,24743.0,2025-11-19 09:51:00-05:00,24783.0,78.0,10510.041666666668,10600.041666666668,-90.0,2025
2025-11-20,Short,2025-11-20 09:45:00-05:00,25212.0,2025-11-20 09:46:00-05:00,25172.0,78.0,10588.041666666668,10600.041666666668,-12.0,2025
2025-11-24,Long,2025-11-24 09:45:00-05:00,24624.0,2025-11-24 09:47:00-05:00,24664.0,78.0,10666.041666666668,10666.041666666668,0.0,2025
2025-11-25,Short,2025-11-25 09:45:00-05:00,24729.25,2025-11-25 09:46:00-05:00,24689.25,78.0,10744.041666666668,10744.041666666668,0.0,2025
2025-11-26,Long,2025-11-26 09:45:00-05:00,25233.0,2025-11-26 09:50:00-05:00,25273.0,78.0,10822.041666666668,10822.041666666668,0.0,2025
2025-12-01,Long,2025-12-01 09:45:00-05:00,25247.0,2025-12-01 09:46:00-05:00,25287.0,78.0,10900.041666666668,10900.041666666668,0.0,2025
2025-12-02,Long,2025-12-02 09:45:00-05:00,25595.5,2025-12-02 10:01:00-05:00,25635.5,78.0,10978.041666666668,10978.041666666668,0.0,2025
2025-12-03,Short,2025-12-03 09:45:00-05:00,25475.5,2025-12-03 09:53:00-05:00,25435.5,78.0,11056.041666666668,11056.041666666668,0.0,2025
2025-12-04,Short,2025-12-04 09:45:00-05:00,25590.75,2025-12-04 09:58:00-05:00,25550.75,78.0,11134.041666666668,11134.041666666668,0.0,2025
2025-12-08,Long,2025-12-08 09:45:00-05:00,25805.0,2025-12-08 09:48:00-05:00,25765.0,-82.0,11052.041666666668,11134.041666666668,-82.0,2025
2025-12-09,Short,2025-12-09 09:45:00-05:00,25613.0,2025-12-09 10:02:00-05:00,25653.0,-82.0,10970.041666666668,11134.041666666668,-164.0,2025
2025-12-10,Long,2025-12-10 09:45:00-05:00,25643.25,2025-12-10 09:55:00-05:00,25603.25,-82.0,10888.041666666668,11134.041666666668,-246.0,2025
2025-12-11,Short,2025-12-11 09:45:00-05:00,25587.0,2025-12-11 09:46:00-05:00,25547.0,78.0,10966.041666666668,11134.041666666668,-168.0,2025
2025-12-12,Short,2025-12-12 09:45:00-05:00,25554.0,2025-12-12 09:48:00-05:00,25514.0,78.0,11044.041666666668,11134.041666666668,-90.0,2025
2025-12-15,Short,2025-12-15 09:45:00-05:00,25543.0,2025-12-15 09:52:00-05:00,25503.0,78.0,11122.041666666668,11134.041666666668,-12.0,2025
2025-12-16,Short,2025-12-16 09:45:00-05:00,25265.5,2025-12-16 09:46:00-05:00,25225.5,78.0,11200.041666666668,11200.041666666668,0.0,2025
2025-12-17,Short,2025-12-17 09:45:00-05:00,25317.0,2025-12-17 09:46:00-05:00,25277.0,78.0,11278.041666666668,11278.041666666668,0.0,2025
2025-12-18,Long,2025-12-18 09:45:00-05:00,25210.375,2025-12-18 09:49:00-05:00,25170.375,-82.0,11196.041666666668,11278.041666666668,-82.0,2025
2025-12-19,Long,2025-12-19 09:45:00-05:00,25547.75,2025-12-19 10:00:00-05:00,25587.75,78.0,11274.041666666668,11278.041666666668,-4.0,2025
2025-12-22,Short,2025-12-22 09:45:00-05:00,25693.25,2025-12-22 09:51:00-05:00,25733.25,-82.0,11192.041666666668,11278.041666666668,-86.0,2025
2025-12-23,Long,2025-12-23 09:45:00-05:00,25730.0,2025-12-23 09:56:00-05:00,25690.0,-82.0,11110.041666666668,11278.041666666668,-168.0,2025
2025-12-24,Long,2025-12-24 09:45:00-05:00,25796.625,2025-12-24 10:13:00-05:00,25836.625,78.0,11188.041666666668,11278.041666666668,-90.0,2025
2025-12-29,Short,2025-12-29 09:45:00-05:00,25793.0,2025-12-29 09:46:00-05:00,25753.0,78.0,11266.041666666668,11278.041666666668,-12.0,2025
2025-12-31,Short,2025-12-31 09:45:00-05:00,25620.0,2025-12-31 10:18:00-05:00,25580.0,78.0,11344.041666666668,11344.041666666668,0.0,2025
2026-01-02,Long,2026-01-02 09:45:00-05:00,25691.0,2026-01-02 09:47:00-05:00,25731.0,78.0,11422.041666666668,11422.041666666668,0.0,2026
2026-01-05,Long,2026-01-05 09:45:00-05:00,25602.5,2026-01-05 09:49:00-05:00,25562.5,-82.0,11340.041666666668,11422.041666666668,-82.0,2026
2026-01-06,Long,2026-01-06 09:45:00-05:00,25666.25,2026-01-06 09:47:00-05:00,25706.25,78.0,11418.041666666668,11422.041666666668,-4.0,2026
2026-01-07,Short,2026-01-07 09:45:00-05:00,25854.5,2026-01-07 10:01:00-05:00,25814.5,78.0,11496.041666666668,11496.041666666668,0.0,2026
2026-01-08,Short,2026-01-08 09:45:00-05:00,25622.25,2026-01-08 09:47:00-05:00,25662.25,-82.0,11414.041666666668,11496.041666666668,-82.0,2026
2026-01-09,Long,2026-01-09 09:45:00-05:00,25751.5,2026-01-09 09:48:00-05:00,25711.5,-82.0,11332.041666666668,11496.041666666668,-164.0,2026
2026-01-12,Short,2026-01-12 09:45:00-05:00,25853.75,2026-01-12 09:50:00-05:00,25893.75,-82.0,11250.041666666668,11496.041666666668,-246.0,2026
2026-01-14,Short,2026-01-14 09:45:00-05:00,25631.75,2026-01-14 09:49:00-05:00,25671.75,-82.0,11168.041666666668,11496.041666666668,-328.0,2026
2026-01-15,Short,2026-01-15 09:45:00-05:00,25927.0,2026-01-15 09:50:00-05:00,25887.0,78.0,11246.041666666668,11496.041666666668,-250.0,2026
2026-01-16,Short,2026-01-16 09:45:00-05:00,25820.5,2026-01-16 09:54:00-05:00,25780.5,78.0,11324.041666666668,11496.041666666668,-172.0,2026
2026-01-19,Short,2026-01-19 09:45:00-05:00,25246.0,2026-01-19 09:54:00-05:00,25286.0,-82.0,11242.041666666668,11496.041666666668,-254.0,2026
2026-01-20,Short,2026-01-20 09:45:00-05:00,25334.25,2026-01-20 09:46:00-05:00,25294.25,78.0,11320.041666666668,11496.041666666668,-176.0,2026
2026-01-21,Long,2026-01-21 09:45:00-05:00,25201.5,2026-01-21 09:49:00-05:00,25241.5,78.0,11398.041666666668,11496.041666666668,-98.0,2026
2026-01-22,Short,2026-01-22 09:45:00-05:00,25646.25,2026-01-22 09:46:00-05:00,25606.25,78.0,11476.041666666668,11496.041666666668,-20.0,2026
2026-01-23,Long,2026-01-23 09:45:00-05:00,25616.0,2026-01-23 09:56:00-05:00,25656.0,78.0,11554.041666666668,11554.041666666668,0.0,2026
2026-01-26,Long,2026-01-26 09:45:00-05:00,25816.5,2026-01-26 10:17:00-05:00,25856.5,78.0,11632.041666666668,11632.041666666668,0.0,2026
2026-01-27,Long,2026-01-27 09:45:00-05:00,25959.0,2026-01-27 09:51:00-05:00,25999.0,78.0,11710.041666666668,11710.041666666668,0.0,2026
2026-01-29,Short,2026-01-29 09:45:00-05:00,25951.25,2026-01-29 09:46:00-05:00,25911.25,78.0,11788.041666666668,11788.041666666668,0.0,2026
2026-01-30,Short,2026-01-30 09:45:00-05:00,25871.25,2026-01-30 09:50:00-05:00,25911.25,-82.0,11706.041666666668,11788.041666666668,-82.0,2026
2026-02-02,Long,2026-02-02 09:45:00-05:00,25718.75,2026-02-02 09:50:00-05:00,25758.75,78.0,11784.041666666668,11788.041666666668,-4.0,2026
2026-02-03,Long,2026-02-03 09:45:00-05:00,25752.25,2026-02-03 09:47:00-05:00,25792.25,78.0,11862.041666666668,11862.041666666668,0.0,2026
2026-02-04,Short,2026-02-04 09:45:00-05:00,25330.25,2026-02-04 09:48:00-05:00,25370.25,-82.0,11780.041666666668,11862.041666666668,-82.0,2026
2026-02-05,Short,2026-02-05 09:45:00-05:00,24913.75,2026-02-05 09:49:00-05:00,24873.75,78.0,11858.041666666668,11862.041666666668,-4.0,2026
2026-02-06,Long,2026-02-06 09:45:00-05:00,24927.25,2026-02-06 09:51:00-05:00,24967.25,78.0,11936.041666666668,11936.041666666668,0.0,2026
2026-02-09,Long,2026-02-09 09:45:00-05:00,25150.0,2026-02-09 09:52:00-05:00,25110.0,-82.0,11854.041666666668,11936.041666666668,-82.0,2026
2026-02-10,Short,2026-02-10 09:45:00-05:00,25309.75,2026-02-10 09:47:00-05:00,25269.75,78.0,11932.041666666668,11936.041666666668,-4.0,2026
2026-02-11,Long,2026-02-11 09:45:00-05:00,25391.75,2026-02-11 09:46:00-05:00,25431.75,78.0,12010.041666666668,12010.041666666668,0.0,2026
2026-02-12,Short,2026-02-12 09:45:00-05:00,25309.5,2026-02-12 09:46:00-05:00,25269.5,78.0,12088.041666666668,12088.041666666668,0.0,2026
2026-02-13,Long,2026-02-13 09:45:00-05:00,24715.25,2026-02-13 09:46:00-05:00,24755.25,78.0,12166.041666666668,12166.041666666668,0.0,2026
2026-02-16,Short,2026-02-16 09:45:00-05:00,24722.75,2026-02-16 09:55:00-05:00,24762.75,-82.0,12084.041666666668,12166.041666666668,-82.0,2026
2026-02-17,Short,2026-02-17 09:45:00-05:00,24701.25,2026-02-17 09:46:00-05:00,24661.25,78.0,12162.041666666668,12166.041666666668,-4.0,2026
2026-02-18,Long,2026-02-18 09:45:00-05:00,24851.0,2026-02-18 09:48:00-05:00,24811.0,-82.0,12080.041666666668,12166.041666666668,-86.0,2026
2026-02-19,Short,2026-02-19 09:45:00-05:00,24843.3125,2026-02-19 09:46:00-05:00,24803.3125,78.0,12158.041666666668,12166.041666666668,-8.0,2026
2026-02-20,Long,2026-02-20 09:45:00-05:00,24925.5,2026-02-20 09:50:00-05:00,24885.5,-82.0,12076.041666666668,12166.041666666668,-90.0,2026
2026-02-23,Short,2026-02-23 09:45:00-05:00,24881.0,2026-02-23 09:47:00-05:00,24921.0,-82.0,11994.041666666668,12166.041666666668,-172.0,2026
2026-02-24,Long,2026-02-24 09:45:00-05:00,24911.25,2026-02-24 09:48:00-05:00,24951.25,78.0,12072.041666666668,12166.041666666668,-94.0,2026
2026-02-25,Long,2026-02-25 09:45:00-05:00,25271.5,2026-02-25 09:46:00-05:00,25311.5,78.0,12150.041666666668,12166.041666666668,-16.0,2026
2026-02-26,Short,2026-02-26 09:45:00-05:00,25265.5,2026-02-26 09:46:00-05:00,25225.5,78.0,12228.041666666668,12228.041666666668,0.0,2026
2026-02-27,Long,2026-02-27 09:45:00-05:00,24844.75,2026-02-27 09:46:00-05:00,24884.75,78.0,12306.041666666668,12306.041666666668,0.0,2026
2026-03-02,Long,2026-03-02 09:45:00-05:00,24837.75,2026-03-02 09:46:00-05:00,24877.75,78.0,12384.041666666668,12384.041666666668,0.0,2026
2026-03-03,Short,2026-03-03 09:45:00-05:00,24532.5,2026-03-03 09:46:00-05:00,24572.5,-82.0,12302.041666666668,12384.041666666668,-82.0,2026
2026-03-04,Short,2026-03-04 09:45:00-05:00,24851.0,2026-03-04 09:47:00-05:00,24891.0,-82.0,12220.041666666668,12384.041666666668,-164.0,2026
2026-03-05,Short,2026-03-05 09:45:00-05:00,25059.75,2026-03-05 09:47:00-05:00,25099.75,-82.0,12138.041666666668,12384.041666666668,-246.0,2026
2026-03-06,Long,2026-03-06 09:45:00-05:00,24681.0,2026-03-06 09:47:00-05:00,24641.0,-82.0,12056.041666666668,12384.041666666668,-328.0,2026
2026-03-10,Short,2026-03-10 09:45:00-04:00,25029.5,2026-03-10 09:55:00-04:00,24989.5,78.0,12134.041666666668,12384.041666666668,-250.0,2026
2026-03-11,Long,2026-03-11 09:45:00-04:00,25070.25,2026-03-11 09:50:00-04:00,25030.25,-82.0,12052.041666666668,12384.041666666668,-332.0,2026
2026-03-12,Short,2026-03-12 09:45:00-04:00,24765.0,2026-03-12 09:46:00-04:00,24725.0,78.0,12130.041666666668,12384.041666666668,-254.0,2026
2026-03-13,Long,2026-03-13 09:45:00-04:00,24770.0,2026-03-13 09:58:00-04:00,24730.0,-82.0,12048.041666666668,12384.041666666668,-336.0,2026
2026-03-16,Long,2026-03-16 09:45:00-04:00,24885.5,2026-03-16 09:46:00-04:00,24925.5,78.0,12126.041666666668,12384.041666666668,-258.0,2026
2026-03-17,Long,2026-03-17 09:45:00-04:00,25061.5,2026-03-17 09:46:00-04:00,25101.5,78.0,12204.041666666668,12384.041666666668,-180.0,2026
2026-03-18,Long,2026-03-18 09:45:00-04:00,24953.25,2026-03-18 09:46:00-04:00,24993.25,78.0,12282.041666666668,12384.041666666668,-102.0,2026
2026-03-25,Long,2026-03-25 09:45:00-04:00,24452.25,2026-03-25 09:50:00-04:00,24412.25,-82.0,12200.041666666668,12384.041666666668,-184.0,2026
2026-03-26,Long,2026-03-26 09:45:00-04:00,24156.75,2026-03-26 09:51:00-04:00,24196.75,78.0,12278.041666666668,12384.041666666668,-106.0,2026
2026-03-27,Long,2026-03-27 09:45:00-04:00,23591.0,2026-03-27 09:46:00-04:00,23631.0,78.0,12356.041666666668,12384.041666666668,-28.0,2026
2026-03-30,Short,2026-03-30 09:45:00-04:00,23393.25,2026-03-30 09:49:00-04:00,23353.25,78.0,12434.041666666668,12434.041666666668,0.0,2026
2026-03-31,Long,2026-03-31 09:45:00-04:00,23449.9375,2026-03-31 09:47:00-04:00,23489.9375,78.0,12512.041666666668,12512.041666666668,0.0,2026
2026-04-01,Short,2026-04-01 09:45:00-04:00,24095.75,2026-04-01 09:53:00-04:00,24135.75,-82.0,12430.041666666668,12512.041666666668,-82.0,2026
2026-04-02,Long,2026-04-02 09:45:00-04:00,23741.875,2026-04-02 09:46:00-04:00,23701.875,-82.0,12348.041666666668,12512.041666666668,-164.0,2026
2026-04-08,Long,2026-04-08 09:45:00-04:00,25114.083333333332,2026-04-08 09:47:00-04:00,25154.083333333332,78.0,12426.041666666668,12512.041666666668,-86.0,2026
2026-04-09,Short,2026-04-09 09:45:00-04:00,25090.125,2026-04-09 09:51:00-04:00,25050.125,78.0,12504.041666666668,12512.041666666668,-8.0,2026
2026-04-10,Long,2026-04-10 09:45:00-04:00,25324.5,2026-04-10 10:01:00-04:00,25284.5,-82.0,12422.041666666668,12512.041666666668,-90.0,2026
2026-04-13,Short,2026-04-13 09:45:00-04:00,25182.5,2026-04-13 09:48:00-04:00,25222.5,-82.0,12340.041666666668,12512.041666666668,-172.0,2026
2026-04-14,Long,2026-04-14 09:45:00-04:00,25748.5,2026-04-14 10:21:00-04:00,25788.5,78.0,12418.041666666668,12512.041666666668,-94.0,2026
2026-04-15,Short,2026-04-15 09:45:00-04:00,25989.75,2026-04-15 09:47:00-04:00,26029.75,-82.0,12336.041666666668,12512.041666666668,-176.0,2026
